year,month,quarter,admin1,admin2,market,latitude,longitude,category,commodity,unit,price,previous_price,price_change,price_pct_change,price_3_month_avg,price_6_month_avg,actual_next_month_price,predicted_next_month_price,prediction_error
2024,12,4,Kyegegwa,Kyaka,Kyaka II (refugee settlement),0.36,31.09,milk and dairy,Milk (fresh),L,1500.0,1257.0,243.0,0.1933174224343675,1341.3333333333333,1299.3333333333333,1733.0,1423.3621628841024,309.6378371158976
2024,12,4,Kyegegwa,Kyaka,Kyaka II (refugee settlement),0.36,31.09,vegetables and fruits,Leafy vegetables,KG,2000.0,1349.0,651.0,0.4825796886582654,1592.6666666666667,1490.5,2000.0,1363.470528581308,636.5294714186921
2024,12,4,Lira,Lira Municipality,Lira,2.23,32.91,oil and fats,Oil (vegetable),L,7500.0,7500.0,0.0,0.0,7500.0,7500.0,6688.0,7506.224889781289,-818.2248897812888
2024,12,4,Kamwenge,Kibale,Rwamwanja (refugee settlement),0.31,30.68,"meat, fish and eggs",Fish (dry),KG,27328.0,27553.0,-225.0,-0.0081660799187021,27328.0,27090.0,33333.0,27411.58,5921.419999999998
2024,12,4,Soroti,Soroti Municipality,Soroti,1.71,33.62,cereals and tubers,Sorghum,KG,1300.0,1003.0,297.0,0.296111665004985,1127.6666666666667,1028.8333333333333,1267.0,1396.704225220371,-129.70422522037097
2024,12,4,Koboko,Koboko,Lobule (refugee settlement),3.39,31.03,vegetables and fruits,Leafy vegetables,KG,1853.0,1726.0,127.0,0.0735805330243337,1852.6666666666667,1719.8333333333333,2105.0,1832.4692021528533,272.5307978471467
2024,12,4,Iganga,Kigulu,Iganga,0.61,33.47,pulses and nuts,Beans,KG,4250.0,4100.0,150.0,0.0365853658536585,4241.666666666667,4162.5,4000.0,4201.566628953725,-201.56662895372483
2024,12,4,Adjumani,Adjumani,Adjumani (refugee settlement),3.34,31.78,miscellaneous food,Salt,KG,1920.0,1817.0,103.0,0.0566868464501926,1864.6666666666667,1833.8333333333333,1960.0,1901.2086141672012,58.791385832798824
2024,12,4,Arua,Arua Municipality,Arua,3.02,30.91,cereals and tubers,Sorghum,KG,1900.0,1800.0,100.0,0.0555555555555555,1900.0,1950.0,1500.0,1876.346410035067,-376.34641003506704
2024,12,4,Nakapiripirit,Kadani,Namalu,1.79,34.6,pulses and nuts,Beans,KG,3700.0,2562.0,1138.0,0.4441842310694769,2980.6666666666665,2741.1666666666665,4067.0,3361.5485019532225,705.4514980467775
2024,12,4,Masaka,Masaka Municipality,Masaka,-0.35,31.74,oil and fats,Oil (vegetable),L,8500.0,8000.0,500.0,0.0625,8166.666666666667,8083.333333333333,8000.0,8258.074032936509,-258.07403293650896
2024,12,4,Moroto,Moroto Municipality,Moroto,2.53,34.65,cereals and tubers,Sorghum,KG,1250.0,1067.0,183.0,0.1715089034676663,1172.3333333333333,1086.1666666666667,1267.0,1247.3896801851956,19.61031981480437
2024,12,4,Masaka,Masaka Municipality,Masaka,-0.35,31.74,cereals and tubers,Cassava flour,KG,1600.0,1725.0,-125.0,-0.072463768115942,1575.0,1427.3333333333333,1540.0,1687.643676976823,-147.64367697682292
2024,12,4,Koboko,Koboko,Lobule (refugee settlement),3.39,31.03,cereals and tubers,Maize flour,KG,3000.0,3000.0,0.0,0.0,3000.0,3000.0,2172.0,2835.4759557738867,-663.4759557738867
2024,12,4,Kotido,Jie,Kotido,3.0,34.11,cereals and tubers,Maize (white),KG,1050.0,900.0,150.0,0.1666666666666666,910.0,837.8333333333334,1000.0,1101.860999865957,-101.86099986595696
2025,1,1,Kyegegwa,Kyaka,Kyaka II (refugee settlement),0.36,31.09,miscellaneous food,Salt,KG,1467.0,1567.0,-100.0,-0.0638162093171665,1379.3333333333333,1241.5,1527.0,1418.0271727776808,108.97282722231921
2025,1,1,Kaabong,Dodoth,Kaabong,3.54,34.12,cereals and tubers,Millet,KG,2320.0,2125.0,195.0,0.0917647058823529,2148.333333333333,2175.333333333333,2200.0,2498.130629918011,-298.130629918011
2025,1,1,Hoima,Buhaguzi,Kyangwali (refugee settlement),1.16,30.75,miscellaneous food,Salt,KG,1700.0,1900.0,-200.0,-0.1052631578947368,1860.3333333333333,1920.5,1804.0,1761.437281904456,42.562718095543914
2025,1,1,Wakiso,Busiro,Wakiso,0.4,32.48,cereals and tubers,Maize (white),KG,1733.0,1875.0,-142.0,-0.0757333333333333,1802.6666666666667,1645.8333333333333,2000.0,1770.885192790076,229.11480720992404
2025,1,1,Hoima,Buhaguzi,Kyangwali (refugee settlement),1.16,30.75,vegetables and fruits,Leafy vegetables,KG,1319.0,833.0,486.0,0.5834333733493398,1236.6666666666667,1397.1666666666667,1237.0,1528.9148512387121,-291.9148512387121
2025,1,1,Koboko,Koboko,Lobule (refugee settlement),3.39,31.03,cereals and tubers,Maize (white),KG,1230.0,1337.0,-107.0,-0.0800299177262528,1347.3333333333333,1255.5,1220.0,1230.0046195859136,-10.004619585913588
2025,1,1,Mukono,Mukono,Mukono,0.36,32.75,cereals and tubers,Millet,KG,3800.0,3775.0,25.0,0.0066225165562913,3798.3333333333335,3796.8333333333335,3800.0,3787.1884133796125,12.811586620387516
2025,1,1,Moyo,Obongi,Palorinya (refugee settlement),3.47,31.63,cereals and tubers,Cassava (fresh),KG,555.0,555.0,0.0,0.0,560.0,565.1666666666666,474.0,574.3057393072769,-100.3057393072769
2025,1,1,Kyegegwa,Kyaka,Kyaka II (refugee settlement),0.36,31.09,"meat, fish and eggs",Fish (dry),KG,31896.0,31896.0,0.0,0.0,31981.33333333333,32066.666666666668,22917.0,30665.99,-7748.990000000002
2025,1,1,Gulu,Gulu Municipality,Gulu,2.77,32.31,cereals and tubers,Millet,KG,2381.0,2500.0,-119.0,-0.0476,2460.333333333333,2480.1666666666665,2460.0,2315.607717162456,144.39228283754392
2025,1,1,Kween,Kween,Kapchorwa,1.38,34.52,cereals and tubers,Millet,KG,1800.0,1800.0,0.0,0.0,2133.333333333333,2466.6666666666665,1967.0,1858.6564347595904,108.34356524040959
2025,1,1,Hoima,Buhaguzi,Kyangwali (refugee settlement),1.16,30.75,pulses and nuts,Beans,KG,4417.0,3318.0,1099.0,0.3312236286919831,3684.3333333333335,3501.333333333333,2738.0,4185.967047554142,-1447.9670475541416
2025,1,1,Koboko,Koboko,Lobule (refugee settlement),3.39,31.03,miscellaneous food,Salt,KG,1565.0,1398.0,167.0,0.1194563662374821,1454.3333333333333,1331.3333333333333,1810.0,1611.7163361615528,198.28366383844718
2025,1,1,Moyo,Obongi,Palorinya (refugee settlement),3.47,31.63,vegetables and fruits,Leafy vegetables,KG,1351.0,2181.0,-830.0,-0.380559376432829,1835.0,1903.8333333333333,2361.0,1672.347222963299,688.6527770367011
2025,1,1,Napak,Bokora,Napak,2.22,34.26,cereals and tubers,Maize (white),KG,1267.0,1300.0,-33.0,-0.0253846153846153,1235.6666666666667,1187.8333333333333,1200.0,1304.5064606191095,-104.50646061910948
2025,1,1,Kiryandongo,Kibanda,Kiryandongo (refugee settlement),1.94,32.21,pulses and nuts,Beans,KG,3274.0,2688.0,586.0,0.2180059523809523,3309.6666666666665,3764.0,3818.0,3514.347587161815,303.6524128381848
2025,1,1,Jinja,Jinja Municipality,Jinja,0.42,33.2,cereals and tubers,Millet,KG,3000.0,2950.0,50.0,0.0169491525423728,2823.333333333333,2853.333333333333,3000.0,2967.5448858378936,32.45511416210638
2025,1,1,Lira,Lira Municipality,Lira,2.23,32.91,cereals and tubers,Sorghum,KG,916.0,917.0,-1.0,-0.0010905125408942,1011.0,892.3333333333334,1011.0,987.0871894572666,23.912810542733382
2025,1,1,Arua,Terego,Imvepi (refugee settlement),3.23,31.28,"meat, fish and eggs",Fish (dry),KG,33333.0,21722.0,11611.0,0.5345272074394622,25783.0,24038.33333333333,25420.0,24791.261875,628.7381249999999
2025,1,1,Hoima,Bugahya,Hoima,1.43,31.35,cereals and tubers,Maize (white),KG,1000.0,1000.0,0.0,0.0,1000.0,985.1666666666666,1000.0,1041.7277401361387,-41.727740136138664
2025,1,1,Lamwo,Lamwo,Palabek (refugee settlement),3.34,32.47,cereals and tubers,Maize (white),KG,1435.0,1314.0,121.0,0.0920852359208523,1287.3333333333333,1201.8333333333333,1438.0,1441.2436606864887,-3.243660686488738
2025,1,1,Kampala,Central Kampala,Owino,0.32,32.57,cereals and tubers,Cassava flour,KG,1800.0,1900.0,-100.0,-0.0526315789473684,1813.3333333333333,1705.3333333333333,2000.0,1841.493787776784,158.50621222321593
2025,1,1,Arua,Terego,Imvepi (refugee settlement),3.23,31.28,vegetables and fruits,Leafy vegetables,KG,2857.0,2739.0,118.0,0.0430814165753924,2976.333333333333,2491.5,2159.0,2793.586790124073,-634.5867901240731
2025,1,1,Moyo,Obongi,Palorinya (refugee settlement),3.47,31.63,cereals and tubers,Maize (white),KG,1171.0,1650.0,-479.0,-0.2903030303030303,1540.3333333333333,1432.5,1479.0,1172.5313950233408,306.4686049766592
2025,1,1,Arua,Terego,Rhino Camp (refugee settlement),3.17,31.31,"meat, fish and eggs",Fish (dry),KG,21593.0,21593.0,0.0,0.0,21665.666666666668,21879.666666666668,25000.0,21150.68633333333,3849.3136666666687
2025,1,1,Kamwenge,Kibale,Rwamwanja (refugee settlement),0.31,30.68,"meat, fish and eggs",Fish (dry),KG,33333.0,27328.0,6005.0,0.2197379976580796,29404.666666666668,28478.83333333333,29405.0,26888.18,2516.8199999999997
2025,1,1,Soroti,Soroti Municipality,Soroti,1.71,33.62,cereals and tubers,Millet,KG,2917.0,2875.0,42.0,0.0146086956521739,2736.333333333333,2518.1666666666665,2880.0,2934.1785467809527,-54.17854678095273
2025,1,1,Kaabong,Dodoth,Karenga,3.57,33.7,cereals and tubers,Maize (white),KG,917.0,786.0,131.0,0.1666666666666666,817.6666666666666,948.1666666666666,1250.0,893.4015231739394,356.5984768260606
2025,1,1,Tororo,Tororo Municipality,Tororo,0.69,34.18,cereals and tubers,Maize (white),KG,1140.0,1175.0,-35.0,-0.0297872340425531,1226.0,1102.8333333333333,1226.0,1134.6587281981451,91.34127180185487
2025,1,1,Gulu,Gulu Municipality,Gulu,2.77,32.31,cereals and tubers,Sorghum,KG,1197.0,1200.0,-3.0,-0.0025,1199.0,1180.0,1199.0,1213.7822133973384,-14.78221339733841
2025,1,1,Kaabong,Dodoth,Karenga,3.57,33.7,cereals and tubers,Millet,KG,2500.0,2500.0,0.0,0.0,2500.0,2718.833333333333,2500.0,2535.890194328677,-35.8901943286769
2025,1,1,Isingiro,Bukanga,Nakivale (refugee settlement),-0.78,30.96,miscellaneous food,Salt,KG,1995.0,1600.0,395.0,0.246875,1698.3333333333333,1579.0,1657.0,1930.277863320038,-273.277863320038
2025,1,1,Masaka,Masaka Municipality,Masaka,-0.35,31.74,cereals and tubers,Millet,KG,4080.0,4250.0,-170.0,-0.04,4185.0,4134.333333333333,4185.0,4070.7794442401087,114.22055575989134
2025,1,1,Kween,Kween,Kapchorwa,1.38,34.52,cereals and tubers,Sorghum,KG,3000.0,3000.0,0.0,0.0,3000.0,3000.0,3000.0,2705.854665306711,294.145334693289
2025,1,1,Napak,Bokora,Napak,2.22,34.26,pulses and nuts,Beans,KG,4000.0,4000.0,0.0,0.0,4000.0,4000.0,4000.0,4034.4480794428937,-34.448079442893686
2025,1,1,Mbale,Mbale Municipality,Mbale,1.07,34.18,cereals and tubers,Millet,KG,3500.0,3500.0,0.0,0.0,3500.0,3453.6666666666665,3500.0,3398.232355822616,101.76764417738423
2025,1,1,Busia,Samia-bugwe,Busia,0.47,34.09,cereals and tubers,Millet,KG,2820.0,2750.0,70.0,0.0254545454545454,2694.333333333333,2448.833333333333,2694.0,2791.3302626053446,-97.33026260534461
2025,1,1,Gulu,Gulu Municipality,Gulu,2.77,32.31,cereals and tubers,Cassava flour,KG,2920.0,4500.0,-1580.0,-0.3511111111111111,3973.3333333333335,4000.5,3973.0,2904.6290544043486,1068.3709455956514
2025,1,1,Kiryandongo,Kibanda,Kiryandongo (refugee settlement),1.94,32.21,vegetables and fruits,Leafy vegetables,KG,2415.0,1578.0,837.0,0.5304182509505704,1897.3333333333333,1798.0,2333.0,2114.1999409363975,218.80005906360248
2025,1,1,Mbarara,Mbarara Municipality,Mbarara,-0.61,30.65,cereals and tubers,Millet,KG,3000.0,3000.0,0.0,0.0,3000.0,3000.0,3000.0,3017.34929819984,-17.349298199840177
2025,1,1,Kampala,Central Kampala,Owino,0.32,32.57,cereals and tubers,Sorghum,KG,3833.0,3250.0,583.0,0.1793846153846154,3427.6666666666665,3359.6666666666665,4000.0,3796.1702266897255,203.8297733102745
2025,1,1,Adjumani,Adjumani,Adjumani (refugee settlement),3.34,31.78,vegetables and fruits,Leafy vegetables,KG,1852.0,2151.0,-299.0,-0.1390051139005114,2090.333333333333,2028.6666666666667,1729.0,1855.858945402199,-126.85894540219897
2025,1,1,Nakapiripirit,Pian,Nabilatuk,2.05,34.57,cereals and tubers,Maize (white),KG,1183.0,1200.0,-17.0,-0.0141666666666666,1121.6666666666667,1051.6666666666667,1120.0,1149.7641240370924,-29.764124037092415
2025,1,1,Adjumani,Adjumani,Adjumani (refugee settlement),3.34,31.78,"meat, fish and eggs",Fish (dry),KG,22701.0,27255.0,-4554.0,-0.1670886075949367,27716.666666666668,25618.5,19724.0,28190.43,-8466.43
2025,1,1,Kiryandongo,Kibanda,Kiryandongo (refugee settlement),1.94,32.21,"meat, fish and eggs",Fish (dry),KG,33910.0,40000.0,-6090.0,-0.15225,34636.666666666664,31680.666666666668,21053.0,28438.84,-7385.84
2025,1,1,Isingiro,Bukanga,Oruchinga (refugee settlement),-0.94,30.76,"meat, fish and eggs",Fish (dry),KG,23241.0,26340.0,-3099.0,-0.1176537585421412,25416.0,24543.33333333333,25416.0,25801.58,-385.58000000000175
2025,1,1,Kasese,Busongora,Kasese,0.17,30.07,cereals and tubers,Millet,KG,3116.0,3320.0,-204.0,-0.0614457831325301,3145.333333333333,3072.6666666666665,3145.0,3104.5721778772186,40.427822122781436
2025,1,1,Yumbe,Aringa,Bidibidi (refugee settlement),3.36,31.35,cereals and tubers,Maize (white),KG,1536.0,1356.0,180.0,0.1327433628318584,1467.6666666666667,1338.5,1174.0,1413.953419526346,-239.9534195263459
2025,1,1,Adjumani,Adjumani,Adjumani (refugee settlement),3.34,31.78,miscellaneous food,Salt,KG,1960.0,1920.0,40.0,0.0208333333333333,1899.0,1841.6666666666667,2000.0,1897.2096905095393,102.79030949046069
2025,1,1,Isingiro,Bukanga,Oruchinga (refugee settlement),-0.94,30.76,pulses and nuts,Beans,KG,2462.0,2257.0,205.0,0.0908285334514842,2473.0,2653.1666666666665,2200.0,2420.4938154619767,-220.49381546197674
2025,1,1,Masaka,Masaka Municipality,Masaka,-0.35,31.74,cereals and tubers,Maize (white),KG,1040.0,1225.0,-185.0,-0.1510204081632653,1155.0,1066.3333333333333,1155.0,1144.2783408396024,10.721659160397621
2025,1,1,Isingiro,Bukanga,Oruchinga (refugee settlement),-0.94,30.76,cereals and tubers,Maize (white),KG,1291.0,1556.0,-265.0,-0.1703084832904884,1282.3333333333333,1057.8333333333333,1000.0,1387.9583697491273,-387.9583697491273
2025,1,1,Koboko,Koboko,Lobule (refugee settlement),3.39,31.03,vegetables and fruits,Leafy vegetables,KG,2105.0,1853.0,252.0,0.1359956826767404,1894.6666666666667,1810.1666666666667,2222.0,2183.2067098117764,38.79329018822364
2025,1,1,Arua,Terego,Rhino Camp (refugee settlement),3.17,31.31,pulses and nuts,Beans,KG,3214.0,4048.0,-834.0,-0.2060276679841897,3837.3333333333335,3842.3333333333335,4738.0,3555.4580153385327,1182.5419846614673
2025,1,1,Kampala,Central Kampala,Owino,0.32,32.57,cereals and tubers,Millet,KG,4667.0,4125.0,542.0,0.1313939393939394,4297.333333333333,4097.666666666667,4500.0,3983.276085904727,516.7239140952729
2025,1,1,Kamwenge,Kibale,Rwamwanja (refugee settlement),0.31,30.68,cereals and tubers,Maize (white),KG,852.0,1498.0,-646.0,-0.4312416555407209,1283.3333333333333,1130.0,844.0,1101.8591730647456,-257.8591730647456
2025,1,1,Isingiro,Bukanga,Nakivale (refugee settlement),-0.78,30.96,pulses and nuts,Beans,KG,2438.0,2610.0,-172.0,-0.0659003831417624,2682.6666666666665,2758.0,2600.0,2423.2314620415527,176.76853795844727
2025,1,1,Lira,Lira Municipality,Lira,2.23,32.91,cereals and tubers,Millet,KG,1708.0,2560.0,-852.0,-0.3328125,2306.0,2403.0,2306.0,2025.1660627864642,280.8339372135358
2025,1,1,Nakapiripirit,Pian,Nabilatuk,2.05,34.57,pulses and nuts,Beans,KG,3800.0,3950.0,-150.0,-0.0379746835443038,3587.6666666666665,3300.5,3500.0,3743.2088015123777,-243.2088015123777
2025,1,1,Kyegegwa,Kyaka,Kyaka II (refugee settlement),0.36,31.09,vegetables and fruits,Leafy vegetables,KG,2000.0,2000.0,0.0,0.0,1783.0,1565.8333333333333,1923.0,1944.1929481271843,-21.19294812718431
2025,1,1,Iganga,Kigulu,Iganga,0.61,33.47,cereals and tubers,Millet,KG,2500.0,2575.0,-75.0,-0.029126213592233,2525.0,2317.1666666666665,2500.0,2523.649587166032,-23.64958716603178
2025,1,1,Jinja,Jinja Municipality,Jinja,0.42,33.2,cereals and tubers,Cassava flour,KG,1433.0,1300.0,133.0,0.1023076923076923,1384.3333333333333,1400.0,1500.0,1441.7401927556346,58.25980724436545
2025,1,1,Kabarole,Fort Portal Municipality,Fort Portal,0.66,30.28,cereals and tubers,Maize (white),KG,1452.0,1100.0,352.0,0.32,1250.6666666666667,1096.0,1251.0,1422.7845084625517,-171.78450846255168
2025,1,1,Isingiro,Bukanga,Nakivale (refugee settlement),-0.78,30.96,"meat, fish and eggs",Fish (dry),KG,16129.0,25000.0,-8871.0,-0.35484,20006.0,22225.166666666668,14643.0,20942.93,-6299.93
2025,1,1,Iganga,Kigulu,Iganga,0.61,33.47,cereals and tubers,Cassava flour,KG,1000.0,1475.0,-475.0,-0.3220338983050847,1158.3333333333333,1091.6666666666667,1000.0,1149.8554617111674,-149.85546171116744
2025,1,1,Kiryandongo,Kibanda,Kiryandongo (refugee settlement),1.94,32.21,cereals and tubers,Maize (white),KG,1620.0,1138.0,482.0,0.4235500878734622,1395.3333333333333,1164.3333333333333,1200.0,1710.8056585078614,-510.8056585078614
2025,1,1,Hoima,Bugahya,Hoima,1.43,31.35,cereals and tubers,Millet,KG,3000.0,3000.0,0.0,0.0,3000.0,2965.0,3000.0,2944.047049104085,55.95295089591491
2025,1,1,Tororo,Tororo Municipality,Tororo,0.69,34.18,cereals and tubers,Millet,KG,3200.0,3275.0,-75.0,-0.0229007633587786,3266.6666666666665,3151.833333333333,3267.0,3377.592817004531,-110.59281700453084
2025,1,1,Yumbe,Aringa,Bidibidi (refugee settlement),3.36,31.35,cereals and tubers,Cassava (fresh),KG,994.0,844.0,150.0,0.1777251184834123,903.3333333333334,887.5,504.0,946.0062524489047,-442.00625244890466
2025,1,1,Arua,Terego,Rhino Camp (refugee settlement),3.17,31.31,cereals and tubers,Maize (white),KG,2000.0,1284.0,716.0,0.557632398753894,1617.3333333333333,1357.3333333333333,1867.0,1685.1717611227664,181.82823887723362
2025,1,1,Kyegegwa,Kyaka,Kyaka II (refugee settlement),0.36,31.09,cereals and tubers,Maize (white),KG,956.0,1378.0,-422.0,-0.3062409288824383,1178.0,1046.6666666666667,1077.0,1102.3447173878644,-25.34471738786442
2025,1,1,Kabarole,Fort Portal Municipality,Fort Portal,0.66,30.28,cereals and tubers,Millet,KG,3000.0,3000.0,0.0,0.0,3000.0,3000.0,3000.0,3011.79899238724,-11.798992387240105
2025,1,1,Masindi,Buruli M,Masindi,1.69,31.71,cereals and tubers,Millet,KG,3029.0,3500.0,-471.0,-0.1345714285714285,3509.6666666666665,3354.833333333333,3510.0,3153.355210584387,356.6447894156131
2025,1,1,Mukono,Mukono,Mukono,0.36,32.75,pulses and nuts,Beans,KG,4333.0,4000.0,333.0,0.08325,4129.666666666667,4006.5,4500.0,4245.85875784194,254.14124215805987
2025,1,1,Adjumani,Adjumani,Adjumani (refugee settlement),3.34,31.78,pulses and nuts,Beans,KG,3700.0,3550.0,150.0,0.0422535211267605,3766.6666666666665,3994.5,3600.0,4041.891549205272,-441.891549205272
2025,1,1,Arua,Terego,Imvepi (refugee settlement),3.23,31.28,cereals and tubers,Maize (white),KG,1257.0,1150.0,107.0,0.0930434782608695,1213.3333333333333,1227.5,1761.0,1265.7950230269066,495.2049769730934
2025,1,1,Kamwenge,Kibale,Rwamwanja (refugee settlement),0.31,30.68,miscellaneous food,Salt,KG,1617.0,1760.0,-143.0,-0.08125,1500.3333333333333,1312.0,1867.0,1806.3765069018953,60.623493098104746
2025,1,1,Arua,Terego,Rhino Camp (refugee settlement),3.17,31.31,miscellaneous food,Salt,KG,2000.0,1732.0,268.0,0.1547344110854503,1833.0,1788.8333333333333,1843.0,1902.2346568894395,-59.23465688943952
2025,1,1,Wakiso,Busiro,Wakiso,0.4,32.48,cereals and tubers,Millet,KG,3833.0,3500.0,333.0,0.0951428571428571,3611.0,3505.5,4000.0,3844.8475090234333,155.1524909765667
2025,1,1,Arua,Terego,Imvepi (refugee settlement),3.23,31.28,pulses and nuts,Beans,KG,4433.0,3500.0,933.0,0.2665714285714285,3811.0,3896.1666666666665,4208.0,4529.397270552285,-321.3972705522847
2025,1,1,Iganga,Kigulu,Iganga,0.61,33.47,cereals and tubers,Sorghum,KG,1800.0,1800.0,0.0,0.0,1813.3333333333333,1462.1666666666667,2000.0,1729.8949143429254,270.1050856570746
2025,1,1,Lamwo,Lamwo,Palabek (refugee settlement),3.34,32.47,miscellaneous food,Salt,KG,1575.0,2000.0,-425.0,-0.2125,1858.3333333333333,1896.3333333333333,2000.0,1729.1285481112336,270.8714518887664
2025,1,1,Kotido,Jie,Kotido,3.0,34.11,cereals and tubers,Millet,KG,2000.0,1850.0,150.0,0.081081081081081,1800.0,1695.6666666666667,2000.0,2034.538956674956,-34.5389566749559
2025,1,1,Moyo,Obongi,Palorinya (refugee settlement),3.47,31.63,miscellaneous food,Salt,KG,2000.0,2000.0,0.0,0.0,1969.0,1913.8333333333333,2000.0,2488.020229684903,-488.0202296849029
2025,1,1,Kween,Kween,Kapchorwa,1.38,34.52,cereals and tubers,Cassava flour,KG,1200.0,1200.0,0.0,0.0,1200.0,1376.1666666666667,1200.0,1222.5823789414221,-22.58237894142212
2025,1,1,Arua,Terego,Rhino Camp (refugee settlement),3.17,31.31,vegetables and fruits,Leafy vegetables,KG,1245.0,1245.0,0.0,0.0,1224.6666666666667,1204.3333333333333,3254.0,1248.528434723255,2005.471565276745
2025,1,1,Arua,Terego,Imvepi (refugee settlement),3.23,31.28,miscellaneous food,Salt,KG,1907.0,1400.0,507.0,0.3621428571428571,1635.6666666666667,1812.5,1796.0,1954.9087723019582,-158.90877230195815
2025,1,1,Lamwo,Lamwo,Palabek (refugee settlement),3.34,32.47,vegetables and fruits,Leafy vegetables,KG,2500.0,2622.0,-122.0,-0.0465293668954996,2818.333333333333,2276.0,2818.0,2214.3702462530496,603.6297537469504
2025,1,1,Hoima,Buhaguzi,Kyangwali (refugee settlement),1.16,30.75,"meat, fish and eggs",Fish (dry),KG,17918.0,16667.0,1251.0,0.0750584988300234,18038.666666666668,18784.83333333333,18039.0,19450.266666666666,-1411.2666666666664
2025,1,1,Adjumani,Adjumani,Adjumani (refugee settlement),3.34,31.78,cereals and tubers,Maize (white),KG,1657.0,1500.0,157.0,0.1046666666666666,1596.6666666666667,1361.8333333333333,1630.0,1810.88626930389,-180.88626930389
2025,1,1,Kamwenge,Kibale,Rwamwanja (refugee settlement),0.31,30.68,pulses and nuts,Beans,KG,2582.0,2378.0,204.0,0.0857863751051303,2414.333333333333,2348.833333333333,2778.0,2588.121992325129,189.8780076748708
2025,1,1,Hoima,Buhaguzi,Kyangwali (refugee settlement),1.16,30.75,cereals and tubers,Maize (white),KG,1333.0,1155.0,178.0,0.1541125541125541,1162.6666666666667,1048.0,831.0,1561.5310962047804,-730.5310962047804
2025,1,1,Arua,Arua Municipality,Arua,3.02,30.91,cereals and tubers,Maize (white),KG,1000.0,900.0,100.0,0.1111111111111111,900.0,1116.6666666666667,1500.0,1082.4453931244864,417.5546068755136
2025,1,1,Mukono,Mukono,Mukono,0.36,32.75,cereals and tubers,Maize (white),KG,1867.0,1725.0,142.0,0.0823188405797101,1817.3333333333333,1749.0,2200.0,1825.7962158606188,374.20378413938124
2025,1,1,Kasese,Busongora,Kasese,0.17,30.07,cereals and tubers,Maize (white),KG,1500.0,1500.0,0.0,0.0,1500.0,1408.8333333333333,1500.0,1466.8371020875993,33.162897912400695
2025,1,1,Yumbe,Aringa,Bidibidi (refugee settlement),3.36,31.35,miscellaneous food,Salt,KG,2016.0,1807.0,209.0,0.115661317100166,1852.0,1850.6666666666667,1816.0,2050.9798664639948,-234.97986646399477
2025,1,1,Mbarara,Mbarara Municipality,Mbarara,-0.61,30.65,cereals and tubers,Sorghum,KG,2500.0,2500.0,0.0,0.0,2500.0,2500.0,2500.0,2483.7597076825705,16.24029231742952
2025,1,1,Abim,Labwor,Makaratin,2.71,33.64,cereals and tubers,Millet,KG,2650.0,2000.0,650.0,0.325,2216.6666666666665,2081.5,2217.0,2399.870493328855,-182.870493328855
2025,1,1,Isingiro,Bukanga,Nakivale (refugee settlement),-0.78,30.96,cereals and tubers,Maize (white),KG,858.0,1428.0,-570.0,-0.3991596638655462,1262.0,1131.0,1005.0,1039.6673530025196,-34.667353002519576
2025,1,1,Isingiro,Bukanga,Nakivale (refugee settlement),-0.78,30.96,vegetables and fruits,Leafy vegetables,KG,1244.0,1000.0,244.0,0.244,1264.0,1323.5,2173.0,1378.803645797572,794.196354202428
2025,1,1,Kiryandongo,Kibanda,Kiryandongo (refugee settlement),1.94,32.21,miscellaneous food,Salt,KG,1763.0,1400.0,363.0,0.2592857142857143,1528.3333333333333,1353.8333333333333,1455.0,1714.625959757391,-259.625959757391
2025,1,1,Arua,Arua Municipality,Arua,3.02,30.91,cereals and tubers,Millet,KG,800.0,2550.0,-1750.0,-0.6862745098039216,2283.333333333333,2075.0,2283.0,1427.922857142857,855.0771428571429
2025,1,1,Jinja,Jinja Municipality,Jinja,0.42,33.2,cereals and tubers,Sorghum,KG,1800.0,2000.0,-200.0,-0.1,1933.3333333333333,1903.3333333333333,2092.0,1818.3062744101585,273.6937255898415
2025,1,1,Koboko,Koboko,Lobule (refugee settlement),3.39,31.03,"meat, fish and eggs",Fish (dry),KG,28346.0,19591.0,8755.0,0.4468888775458118,22731.666666666668,21495.0,33333.0,23698.7,9634.3
2025,1,1,Isingiro,Bukanga,Oruchinga (refugee settlement),-0.94,30.76,miscellaneous food,Salt,KG,1599.0,1507.0,92.0,0.0610484406104844,1568.6666666666667,1470.0,1600.0,1648.8251880397877,-48.82518803978769
2025,1,1,Kaabong,Dodoth,Karenga,3.57,33.7,pulses and nuts,Beans,KG,3000.0,3143.0,-143.0,-0.0454979319121858,3047.6666666666665,3306.5,3166.67,3351.9918902781733,-185.3218902781732
2025,1,1,Abim,Labwor,Makaratin,2.71,33.64,cereals and tubers,Sorghum,KG,875.0,800.0,75.0,0.09375,851.6666666666666,821.6666666666666,832.0,899.1093763591067,-67.1093763591067
2025,1,1,Kotido,Jie,Kotido,3.0,34.11,cereals and tubers,Maize (white),KG,1000.0,1050.0,-50.0,-0.0476190476190476,983.3333333333334,867.0,1000.0,1067.1411232965918,-67.14112329659179
2025,1,1,Iganga,Kigulu,Iganga,0.61,33.47,cereals and tubers,Maize flour,KG,2000.0,2425.0,-425.0,-0.1752577319587628,2208.333333333333,2206.6666666666665,2200.0,2025.931498674001,174.06850132599902
2025,1,1,Moyo,Obongi,Palorinya (refugee settlement),3.47,31.63,milk and dairy,Milk (fresh),L,2000.0,1727.0,273.0,0.1580775911986103,1831.3333333333333,1778.6666666666667,2000.0,2225.3079863470243,-225.30798634702433
2025,1,1,Kiryandongo,Kibanda,Kiryandongo (refugee settlement),1.94,32.21,cereals and tubers,Cassava (fresh),KG,878.0,858.0,20.0,0.0233100233100233,886.3333333333334,803.6666666666666,641.0,910.1434057009415,-269.14340570094146
2025,1,1,Moyo,Obongi,Palorinya (refugee settlement),3.47,31.63,oil and fats,Oil (vegetable),L,8786.0,7167.0,1619.0,0.2258964699316311,7651.0,7021.666666666667,7250.0,8336.083333333334,-1086.083333333334
2025,1,1,Abim,Labwor,Makaratin,2.71,33.64,pulses and nuts,Beans,KG,3250.0,3500.0,-250.0,-0.0714285714285714,3416.6666666666665,3613.3333333333335,3400.0,3605.7557501366036,-205.75575013660364
2025,1,1,Hoima,Buhaguzi,Kyangwali (refugee settlement),1.16,30.75,cereals and tubers,Maize flour,KG,2917.0,2278.0,639.0,0.2805092186128182,2731.6666666666665,2865.833333333333,2010.0,2981.476824886847,-971.4768248868472
2025,1,1,Kotido,Jie,Kotido,3.0,34.11,pulses and nuts,Beans,KG,3500.0,3500.0,0.0,0.0,3416.6666666666665,3280.5,3500.0,3514.3410299759735,-14.34102997597347
2025,1,1,Napak,Bokora,Napak,2.22,34.26,oil and fats,Oil (vegetable),L,7000.0,7000.0,0.0,0.0,7000.0,7000.0,7000.0,7014.437202603062,-14.43720260306236
2025,1,1,Mbale,Mbale Municipality,Mbale,1.07,34.18,cereals and tubers,Sorghum,KG,1500.0,1500.0,0.0,0.0,1500.0,1669.0,1500.0,1574.7097597294082,-74.70975972940823
2025,1,1,Gulu,Gulu Municipality,Gulu,2.77,32.31,cereals and tubers,Maize flour,KG,2014.0,3000.0,-986.0,-0.3286666666666666,2671.333333333333,2691.333333333333,2671.0,2215.114133672671,455.88586632732904
2025,1,1,Arua,Terego,Rhino Camp (refugee settlement),3.17,31.31,cereals and tubers,Sorghum,KG,1500.0,2159.0,-659.0,-0.3052339045854562,1869.6666666666667,2116.5,1756.0,1584.0421430905833,171.9578569094167
2025,1,1,Kasese,Busongora,Kasese,0.17,30.07,cereals and tubers,Sorghum,KG,2240.0,2000.0,240.0,0.12,2180.0,2316.333333333333,2180.0,2202.684503263559,-22.68450326355878
2025,1,1,Isingiro,Bukanga,Nakivale (refugee settlement),-0.78,30.96,cereals and tubers,Maize flour,KG,2680.0,1941.0,739.0,0.3807315816589386,2240.333333333333,2120.1666666666665,2243.0,2718.256752438056,-475.2567524380561
2025,1,1,Lamwo,Lamwo,Palabek (refugee settlement),3.34,32.47,oil and fats,Oil (vegetable),L,7500.0,8571.0,-1071.0,-0.1249562478123906,8190.333333333333,8178.5,8500.0,7534.875693815989,965.1243061840114
2025,1,1,Kaabong,Dodoth,Kaabong,3.54,34.12,pulses and nuts,Beans,KG,4200.0,4375.0,-175.0,-0.04,4191.666666666667,4156.333333333333,4625.0,4208.123816877882,416.87618312211816
2025,1,1,Jinja,Jinja Municipality,Jinja,0.42,33.2,cereals and tubers,Maize flour,KG,2167.0,2050.0,117.0,0.0570731707317073,2105.6666666666665,2091.6666666666665,2500.0,2149.328795342163,350.6712046578368
2025,1,1,Yumbe,Aringa,Bidibidi (refugee settlement),3.36,31.35,milk and dairy,Milk (fresh),L,2350.0,1755.0,595.0,0.339031339031339,1954.6666666666667,1857.0,1667.0,2343.887405357982,-676.8874053579821
2025,1,1,Nakapiripirit,Pian,Nabilatuk,2.05,34.57,oil and fats,Oil (vegetable),L,7000.0,7000.0,0.0,0.0,7000.0,7000.0,7500.0,7004.730001110525,495.26999888947466
2025,1,1,Isingiro,Bukanga,Oruchinga (refugee settlement),-0.94,30.76,cereals and tubers,Maize flour,KG,1962.0,2006.0,-44.0,-0.0219341974077766,1989.3333333333333,1994.6666666666667,2000.0,1963.3723332970028,36.6276667029972
2025,1,1,Amudat,Upe,Karita,1.54,34.83,pulses and nuts,Beans,KG,4833.0,4750.0,83.0,0.0174736842105263,4627.666666666667,4463.833333333333,4000.0,4626.695127322677,-626.6951273226769
2025,1,1,Kamwenge,Kibale,Rwamwanja (refugee settlement),0.31,30.68,cereals and tubers,Maize flour,KG,2963.0,2949.0,14.0,0.0047473719905052,2970.6666666666665,2985.333333333333,2722.0,2952.7540738815146,-230.7540738815146
2025,1,1,Kyegegwa,Kyaka,Kyaka II (refugee settlement),0.36,31.09,oil and fats,Oil (vegetable),L,7922.0,8975.0,-1053.0,-0.1173259052924791,7965.666666666667,7482.833333333333,7909.0,7910.806083333334,-1.806083333333845
2025,1,1,Yumbe,Aringa,Bidibidi (refugee settlement),3.36,31.35,pulses and nuts,Beans,KG,5038.0,4300.0,738.0,0.1716279069767441,4520.0,4466.833333333333,4697.0,4903.96205459057,-206.96205459057
2025,1,1,Lira,Lira Municipality,Lira,2.23,32.91,cereals and tubers,Maize flour,KG,1935.0,1780.0,155.0,0.0870786516853932,1871.6666666666667,1719.1666666666667,1872.0,1973.559383357866,-101.55938335786595
2025,1,1,Arua,Terego,Imvepi (refugee settlement),3.23,31.28,cereals and tubers,Sorghum,KG,1147.0,1000.0,147.0,0.147,1071.3333333333333,1397.5,868.0,1336.3528194729731,-468.3528194729731
2025,1,1,Kamwenge,Kibale,Rwamwanja (refugee settlement),0.31,30.68,cereals and tubers,Cassava (fresh),KG,773.0,813.0,-40.0,-0.04920049200492,701.3333333333334,609.5,701.0,730.7398072532972,-29.73980725329716
2025,1,1,Arua,Terego,Rhino Camp (refugee settlement),3.17,31.31,milk and dairy,Milk (fresh),L,2000.0,2000.0,0.0,0.0,2000.0,2000.0,2000.0,1973.5356873772635,26.464312622736543
2025,1,1,Masaka,Masaka Municipality,Masaka,-0.35,31.74,oil and fats,Oil (vegetable),L,8000.0,8500.0,-500.0,-0.0588235294117647,8166.666666666667,8083.333333333333,8167.0,8215.474377004795,-48.474377004795315
2025,1,1,Soroti,Soroti Municipality,Soroti,1.71,33.62,cereals and tubers,Sorghum,KG,1267.0,1300.0,-33.0,-0.0253846153846153,1190.0,1096.6666666666667,1160.0,1570.6894779524546,-410.6894779524546
2025,1,1,Mbarara,Mbarara Municipality,Mbarara,-0.61,30.65,cereals and tubers,Maize flour,KG,2500.0,2500.0,0.0,0.0,2500.0,2453.6666666666665,2500.0,2471.604626299269,28.395373700730943
2025,1,1,Isingiro,Bukanga,Oruchinga (refugee settlement),-0.94,30.76,cereals and tubers,Millet flour,KG,4012.0,4077.0,-65.0,-0.015943095413294,4029.6666666666665,3889.8333333333335,3000.0,4012.4363201550163,-1012.4363201550163
2025,1,1,Arua,Arua Municipality,Arua,3.02,30.91,cereals and tubers,Sorghum,KG,1500.0,1900.0,-400.0,-0.2105263157894736,1733.3333333333333,1866.6666666666667,1733.0,1850.3738246070789,-117.37382460707886
2025,1,1,Adjumani,Adjumani,Adjumani (refugee settlement),3.34,31.78,cereals and tubers,Sorghum,KG,1393.0,1722.0,-329.0,-0.1910569105691057,1665.6666666666667,1468.5,1226.0,1535.7311413042692,-309.73114130426916
2025,1,1,Kaabong,Dodoth,Karenga,3.57,33.7,oil and fats,Oil (vegetable),L,7000.0,7143.0,-143.0,-0.0200195996080078,7047.666666666667,7067.666666666667,7000.0,7035.40908877732,-35.409088777319994
2025,1,1,Kaabong,Dodoth,Kaabong,3.54,34.12,cereals and tubers,Maize (white),KG,1310.0,1325.0,-15.0,-0.0113207547169811,1228.3333333333333,1135.1666666666667,1337.5,1301.2336766855458,36.26632331445421
2025,1,1,Tororo,Tororo Municipality,Tororo,0.69,34.18,cereals and tubers,Cassava flour,KG,1000.0,1000.0,0.0,0.0,1000.0,991.6666666666666,1000.0,1037.5704164919837,-37.57041649198368
2025,1,1,Hoima,Bugahya,Hoima,1.43,31.35,cereals and tubers,Cassava flour,KG,2000.0,2000.0,0.0,0.0,2000.0,2000.0,2000.0,2030.8529034932437,-30.85290349324373
2025,1,1,Nakapiripirit,Pian,Nabilatuk,2.05,34.57,cereals and tubers,Maize flour,KG,2000.0,2000.0,0.0,0.0,2000.0,2000.0,2000.0,2024.7223784640344,-24.722378464034364
2025,1,1,Hoima,Bugahya,Hoima,1.43,31.35,cereals and tubers,Sorghum,KG,3000.0,3000.0,0.0,0.0,3000.0,2533.333333333333,3000.0,2858.293139736507,141.70686026349313
2025,1,1,Masaka,Masaka Municipality,Masaka,-0.35,31.74,cereals and tubers,Maize flour,KG,2160.0,2425.0,-265.0,-0.1092783505154639,2303.333333333333,2211.0,2303.0,2076.4852441599273,226.51475584007267
2025,1,1,Hoima,Bugahya,Hoima,1.43,31.35,oil and fats,Oil (vegetable),L,7000.0,7000.0,0.0,0.0,7000.0,7000.0,7000.0,7021.618070341737,-21.61807034173671
2025,1,1,Isingiro,Bukanga,Nakivale (refugee settlement),-0.78,30.96,cereals and tubers,Sorghum,KG,1755.0,1770.0,-15.0,-0.0084745762711864,1841.6666666666667,1920.8333333333333,1471.0,1757.4113628469522,-286.4113628469522
2025,1,1,Mukono,Mukono,Mukono,0.36,32.75,cereals and tubers,Maize flour,KG,2300.0,2425.0,-125.0,-0.0515463917525773,2395.0,2450.6666666666665,2500.0,2220.1343778373857,279.8656221626143
2025,1,1,Yumbe,Aringa,Bidibidi (refugee settlement),3.36,31.35,vegetables and fruits,Leafy vegetables,KG,2000.0,2734.0,-734.0,-0.268471104608632,2512.6666666666665,2658.5,2250.0,2497.1938747296836,-247.19387472968356
2025,1,1,Wakiso,Busiro,Wakiso,0.4,32.48,cereals and tubers,Cassava flour,KG,1400.0,1500.0,-100.0,-0.0666666666666666,1466.6666666666667,1560.1666666666667,1500.0,1423.0669800766527,76.93301992334727
2025,1,1,Wakiso,Busiro,Wakiso,0.4,32.48,cereals and tubers,Maize flour,KG,2100.0,2250.0,-150.0,-0.0666666666666666,2156.6666666666665,2125.5,2500.0,2084.859719068557,415.14028093144316
2025,1,1,Masaka,Masaka Municipality,Masaka,-0.35,31.74,cereals and tubers,Cassava flour,KG,1540.0,1600.0,-60.0,-0.0375,1621.6666666666667,1554.8333333333333,1622.0,1542.4941781691198,79.50582183088022
2025,1,1,Arua,Terego,Rhino Camp (refugee settlement),3.17,31.31,cereals and tubers,Millet flour,KG,4429.0,4181.0,248.0,0.0593159531212628,4425.666666666667,4009.0,4539.0,4252.718422133079,286.281577866921
2025,1,1,Kabarole,Fort Portal Municipality,Fort Portal,0.66,30.28,oil and fats,Oil (vegetable),L,8522.0,7000.0,1522.0,0.2174285714285714,7507.333333333333,7253.666666666667,7507.0,7937.977416666666,-430.9774166666657
2025,1,1,Lamwo,Lamwo,Palabek (refugee settlement),3.34,32.47,cereals and tubers,Millet flour,KG,4260.0,3667.0,593.0,0.1617125715844014,4038.3333333333335,3646.6666666666665,2963.0,4108.097413898137,-1145.0974138981373
2025,1,1,Lira,Lira Municipality,Lira,2.23,32.91,pulses and nuts,Beans,KG,2120.0,4360.0,-2240.0,-0.5137614678899083,3660.0,3975.3333333333335,3660.0,2734.0552367894015,925.9447632105985
2025,1,1,Tororo,Tororo Municipality,Tororo,0.69,34.18,cereals and tubers,Sorghum,KG,2000.0,2200.0,-200.0,-0.0909090909090909,2026.6666666666667,1913.3333333333333,2117.0,1983.0484134809062,133.95158651909378
2025,1,1,Adjumani,Adjumani,Adjumani (refugee settlement),3.34,31.78,cereals and tubers,Maize flour,KG,2356.0,2900.0,-544.0,-0.1875862068965517,2738.0,2769.0,2683.0,2461.375460364938,221.62453963506186
2025,1,1,Amudat,Upe,Karita,1.54,34.83,cereals and tubers,Maize (white),KG,1308.0,1250.0,58.0,0.0464,1263.6666666666667,1248.5,1220.0,1320.5937279773484,-100.59372797734841
2025,1,1,Lamwo,Lamwo,Palabek (refugee settlement),3.34,32.47,milk and dairy,Milk (fresh),L,2000.0,2000.0,0.0,0.0,2000.0,1995.6666666666667,1833.0,1973.9940693373887,-140.99406933738874
2025,1,1,Kaabong,Dodoth,Karenga,3.57,33.7,cereals and tubers,Cassava flour,KG,2333.0,2357.0,-24.0,-0.010182435299109,2396.6666666666665,2448.333333333333,2500.0,2404.740257002016,95.25974299798418
2025,1,1,Arua,Terego,Imvepi (refugee settlement),3.23,31.28,cereals and tubers,Maize flour,KG,2767.0,3000.0,-233.0,-0.0776666666666666,2611.333333333333,2912.0,2290.0,2721.6709194628866,-431.67091946288656
2025,1,1,Yumbe,Aringa,Bidibidi (refugee settlement),3.36,31.35,oil and fats,Oil (vegetable),L,8296.0,7000.0,1296.0,0.1851428571428571,7432.0,7309.833333333333,7763.0,7840.511916666666,-77.51191666666637
2025,1,1,Mbarara,Mbarara Municipality,Mbarara,-0.61,30.65,pulses and nuts,Beans,KG,5000.0,5000.0,0.0,0.0,5000.0,4858.833333333333,5000.0,4991.255880609384,8.744119390616106
2025,1,1,Moyo,Obongi,Palorinya (refugee settlement),3.47,31.63,pulses and nuts,Beans,KG,3929.0,3333.0,596.0,0.1788178817881788,3787.3333333333335,3846.0,3536.0,4098.862976863247,-562.8629768632472
2025,1,1,Kampala,Central Kampala,Owino,0.32,32.57,cereals and tubers,Maize flour,KG,2000.0,2000.0,0.0,0.0,2000.0,1960.1666666666667,2500.0,1993.6072824389855,506.3927175610145
2025,1,1,Hoima,Buhaguzi,Kyangwali (refugee settlement),1.16,30.75,cereals and tubers,Sorghum,KG,1200.0,1598.0,-398.0,-0.2490613266583229,1345.0,1291.0,2967.0,1372.3627224255945,1594.6372775744055
2025,1,1,Hoima,Buhaguzi,Kyangwali (refugee settlement),1.16,30.75,milk and dairy,Milk (fresh),L,2000.0,2000.0,0.0,0.0,2000.0,2000.0,2000.0,1976.3220387986732,23.677961201326752
2025,1,1,Arua,Terego,Rhino Camp (refugee settlement),3.17,31.31,cereals and tubers,Maize flour,KG,2857.0,3299.0,-442.0,-0.1339799939375568,3218.6666666666665,3169.5,2713.0,2886.845952987353,-173.84595298735303
2025,1,1,Hoima,Buhaguzi,Kyangwali (refugee settlement),1.16,30.75,cereals and tubers,Millet flour,KG,4250.0,3230.0,1020.0,0.3157894736842105,3826.6666666666665,3913.3333333333335,3888.0,4282.381616133175,-394.38161613317516
2025,1,1,Napak,Bokora,Napak,2.22,34.26,cereals and tubers,Cassava flour,KG,2000.0,2000.0,0.0,0.0,1942.3333333333333,1884.5,2250.0,1946.7108239546237,303.2891760453763
2025,1,1,Koboko,Koboko,Lobule (refugee settlement),3.39,31.03,cereals and tubers,Cassava (fresh),KG,762.0,718.0,44.0,0.0612813370473537,732.0,723.8333333333334,505.0,804.1651015176556,-299.16510151765556
2025,1,1,Kiryandongo,Kibanda,Kiryandongo (refugee settlement),1.94,32.21,cereals and tubers,Maize flour,KG,2208.0,2275.0,-67.0,-0.0294505494505494,2301.6666666666665,2100.833333333333,2064.0,2278.2221701833723,-214.22217018337233
2025,1,1,Nakapiripirit,Kadani,Namalu,1.79,34.6,pulses and nuts,Beans,KG,4067.0,3700.0,367.0,0.0991891891891891,3443.0,3002.333333333333,3500.0,3840.225739984367,-340.225739984367
2025,1,1,Kaabong,Dodoth,Karenga,3.57,33.7,cereals and tubers,Sorghum,KG,1000.0,1000.0,0.0,0.0,1000.0,1007.0,1000.0,1031.0463335878794,-31.046333587879417
2025,1,1,Arua,Terego,Imvepi (refugee settlement),3.23,31.28,oil and fats,Oil (vegetable),L,6607.0,7750.0,-1143.0,-0.1474838709677419,7730.0,7678.333333333333,7679.0,8206.50923076923,-527.5092307692303
2025,1,1,Lira,Lira Municipality,Lira,2.23,32.91,cereals and tubers,Cassava flour,KG,1525.0,3200.0,-1675.0,-0.5234375,2741.6666666666665,2870.833333333333,2742.0,2840.7678513677815,-98.76785136778153
2025,1,1,Kabarole,Fort Portal Municipality,Fort Portal,0.66,30.28,cereals and tubers,Maize flour,KG,3394.0,2625.0,769.0,0.2929523809523809,2814.6666666666665,2644.333333333333,2815.0,3272.1767483860663,-457.17674838606627
2025,1,1,Isingiro,Bukanga,Oruchinga (refugee settlement),-0.94,30.76,oil and fats,Oil (vegetable),L,7996.0,6958.0,1038.0,0.1491807990801954,7484.666666666667,7464.5,7400.0,7777.485870107962,-377.485870107962
2025,1,1,Kampala,Central Kampala,Owino,0.32,32.57,cereals and tubers,Maize (white),KG,2000.0,2000.0,0.0,0.0,2000.0,1913.8333333333333,2000.0,1961.9355879870254,38.06441201297457
2025,1,1,Masindi,Buruli M,Masindi,1.69,31.71,pulses and nuts,Beans,KG,3295.0,2000.0,1295.0,0.6475,2598.333333333333,3299.1666666666665,4000.0,2941.1190624016563,1058.8809375983437
2025,1,1,Tororo,Tororo Municipality,Tororo,0.69,34.18,pulses and nuts,Beans,KG,3800.0,3000.0,800.0,0.2666666666666666,3266.6666666666665,3639.5,3267.0,3837.4275328898407,-570.4275328898407
2025,1,1,Mbale,Mbale Municipality,Mbale,1.07,34.18,cereals and tubers,Maize flour,KG,1800.0,1800.0,0.0,0.0,1740.0,1659.8333333333333,1800.0,1793.4057781616846,6.594221838315434
2025,1,1,Hoima,Bugahya,Hoima,1.43,31.35,cereals and tubers,Maize flour,KG,3000.0,3000.0,0.0,0.0,3000.0,2766.6666666666665,3000.0,2922.8031484645144,77.19685153548562
2025,1,1,Soroti,Soroti Municipality,Soroti,1.71,33.62,cereals and tubers,Maize flour,KG,2000.0,2000.0,0.0,0.0,1860.0,1720.0,1880.0,1957.2005258154147,-77.20052581541472
2025,1,1,Tororo,Tororo Municipality,Tororo,0.69,34.18,cereals and tubers,Maize flour,KG,2000.0,2050.0,-50.0,-0.024390243902439,2066.6666666666665,1926.3333333333333,2067.0,2024.263024661199,42.7369753388009
2025,1,1,Gulu,Gulu Municipality,Gulu,2.77,32.31,cereals and tubers,Maize (white),KG,1272.0,1200.0,72.0,0.06,1224.0,1145.3333333333333,1224.0,1321.6722169044754,-97.67221690447536
2025,1,1,Hoima,Buhaguzi,Kyangwali (refugee settlement),1.16,30.75,cereals and tubers,Cassava (fresh),KG,689.0,714.0,-25.0,-0.0350140056022409,693.3333333333334,685.0,693.0,685.4015409951396,7.598459004860388
2025,1,1,Hoima,Bugahya,Hoima,1.43,31.35,pulses and nuts,Beans,KG,3500.0,3500.0,0.0,0.0,3500.0,3964.3333333333335,3500.0,4169.167037031646,-669.167037031646
2025,1,1,Isingiro,Bukanga,Nakivale (refugee settlement),-0.78,30.96,oil and fats,Oil (vegetable),L,8361.0,7908.0,453.0,0.0572837632776934,7923.0,7554.166666666667,7821.0,8141.882490350878,-320.88249035087756
2025,1,1,Arua,Arua Municipality,Arua,3.02,30.91,pulses and nuts,Beans,KG,3000.0,3500.0,-500.0,-0.1428571428571428,3366.6666666666665,3616.6666666666665,3383.0,3006.6883328191966,376.3116671808034
2025,1,1,Busia,Samia-bugwe,Busia,0.47,34.09,cereals and tubers,Sorghum,KG,1170.0,1250.0,-80.0,-0.064,1198.3333333333333,1096.8333333333333,1198.0,1172.0617831055702,25.938216894429843
2025,1,1,Kasese,Busongora,Kasese,0.17,30.07,cereals and tubers,Maize flour,KG,2000.0,2000.0,0.0,0.0,2000.0,2000.0,2000.0,2005.6089921305363,-5.608992130536308
2025,1,1,Moroto,Moroto Municipality,Moroto,2.53,34.65,pulses and nuts,Beans,KG,4000.0,4000.0,0.0,0.0,4000.0,4000.0,4000.0,4009.248366438792,-9.24836643879189
2025,1,1,Arua,Terego,Rhino Camp (refugee settlement),3.17,31.31,oil and fats,Oil (vegetable),L,7429.0,7634.0,-205.0,-0.0268535499083049,7810.0,7338.833333333333,7429.0,7492.667017309895,-63.66701730989462
2025,1,1,Busia,Samia-bugwe,Busia,0.47,34.09,cereals and tubers,Maize flour,KG,2400.0,2475.0,-75.0,-0.0303030303030303,2441.6666666666665,2326.833333333333,2442.0,2340.1986320179535,101.80136798204649
2025,1,1,Isingiro,Bukanga,Nakivale (refugee settlement),-0.78,30.96,cereals and tubers,Cassava (fresh),KG,526.0,600.0,-74.0,-0.1233333333333333,695.0,724.3333333333334,551.0,612.5976063341521,-61.59760633415215
2025,1,1,Masindi,Buruli M,Masindi,1.69,31.71,cereals and tubers,Maize flour,KG,2601.0,2500.0,101.0,0.0404,2533.6666666666665,2266.833333333333,2500.0,2534.5904149595885,-34.59041495958854
2025,1,1,Masindi,Buruli M,Masindi,1.69,31.71,cereals and tubers,Sorghum,KG,1973.0,2500.0,-527.0,-0.2108,2157.6666666666665,2078.833333333333,2000.0,2065.681300922329,-65.68130092232877
2025,1,1,Arua,Arua Municipality,Arua,3.02,30.91,cereals and tubers,Maize flour,KG,4000.0,2050.0,1950.0,0.951219512195122,2516.6666666666665,2602.833333333333,2517.0,2701.9919,-184.9919
2025,1,1,Jinja,Jinja Municipality,Jinja,0.42,33.2,cereals and tubers,Maize (white),KG,2000.0,1500.0,500.0,0.3333333333333333,1675.0,1666.6666666666667,2000.0,1967.3454390047766,32.65456099522339
2025,1,1,Hoima,Buhaguzi,Kyangwali (refugee settlement),1.16,30.75,oil and fats,Oil (vegetable),L,7550.0,8146.0,-596.0,-0.0731647434323594,8028.333333333333,8208.5,8000.0,7618.785337381917,381.2146626180829
2025,1,1,Moroto,Moroto Municipality,Moroto,2.53,34.65,cereals and tubers,Maize flour,KG,2000.0,2000.0,0.0,0.0,1953.3333333333333,1906.6666666666667,2000.0,1999.9754143613777,0.024585638622284023
2025,1,1,Koboko,Koboko,Lobule (refugee settlement),3.39,31.03,cereals and tubers,Millet flour,KG,4702.0,4000.0,702.0,0.1755,4234.0,4083.0,3976.0,4489.432880758279,-513.4328807582788
2025,1,1,Iganga,Kigulu,Iganga,0.61,33.47,cereals and tubers,Maize (white),KG,867.0,1525.0,-658.0,-0.4314754098360656,1277.3333333333333,1193.8333333333333,1000.0,1108.4234825082196,-108.42348250821965
2025,1,1,Abim,Labwor,Makaratin,2.71,33.64,cereals and tubers,Maize (white),KG,1000.0,1000.0,0.0,0.0,950.0,875.0,950.0,1018.6671257296965,-68.66712572969652
2025,1,1,Kiryandongo,Kibanda,Kiryandongo (refugee settlement),1.94,32.21,cereals and tubers,Millet flour,KG,3000.0,5375.0,-2375.0,-0.4418604651162791,4464.0,4398.666666666667,4333.0,3287.245551663056,1045.7544483369438
2025,1,1,Nakapiripirit,Kadani,Namalu,1.79,34.6,cereals and tubers,Maize flour,KG,2000.0,1800.0,200.0,0.1111111111111111,1909.0,1917.8333333333333,2000.0,2045.0612942987564,-45.061294298756366
2025,1,1,Kabarole,Fort Portal Municipality,Fort Portal,0.66,30.28,pulses and nuts,Beans,KG,4454.0,4500.0,-46.0,-0.0102222222222222,4484.666666666667,4492.333333333333,4485.0,4532.062587303163,-47.06258730316313
2025,1,1,Mukono,Mukono,Mukono,0.36,32.75,oil and fats,Oil (vegetable),L,7500.0,7500.0,0.0,0.0,7500.0,7463.0,7500.0,7585.722235921775,-85.72223592177488
2025,1,1,Abim,Labwor,Makaratin,2.71,33.64,cereals and tubers,Maize flour,KG,2150.0,2120.0,30.0,0.0141509433962264,2090.0,1965.0,2090.0,2177.0814105785093,-87.08141057850935
2025,1,1,Koboko,Koboko,Lobule (refugee settlement),3.39,31.03,oil and fats,Oil (vegetable),L,10096.0,7375.0,2721.0,0.3689491525423728,8490.333333333334,7602.833333333333,7690.0,9797.406861798512,-2107.406861798512
2025,1,1,Koboko,Koboko,Lobule (refugee settlement),3.39,31.03,cereals and tubers,Maize flour,KG,2172.0,3000.0,-828.0,-0.276,2724.0,2862.0,3086.0,2305.233747549466,780.766252450534
2025,1,1,Moroto,Moroto Municipality,Moroto,2.53,34.65,cereals and tubers,Sorghum,KG,1267.0,1250.0,17.0,0.0136,1194.6666666666667,1130.6666666666667,1200.0,1470.0751574304945,-270.0751574304945
2025,1,1,Kamwenge,Kibale,Rwamwanja (refugee settlement),0.31,30.68,cereals and tubers,Millet flour,KG,4000.0,4933.0,-933.0,-0.1891344009730387,4311.0,4155.5,4028.0,4032.2331619631377,-4.233161963137718
2025,1,1,Wakiso,Busiro,Wakiso,0.4,32.48,oil and fats,Oil (vegetable),L,7500.0,7450.0,50.0,0.0067114093959731,7430.0,7215.0,7500.0,7553.832390116851,-53.83239011685055
2025,1,1,Kotido,Jie,Kotido,3.0,34.11,cereals and tubers,Maize flour,KG,2360.0,2200.0,160.0,0.0727272727272727,2203.333333333333,2015.0,2200.0,2429.1636923556657,-229.16369235566572
2025,1,1,Arua,Terego,Imvepi (refugee settlement),3.23,31.28,cereals and tubers,Cassava (fresh),KG,571.0,1538.0,-967.0,-0.628738621586476,989.0,799.1666666666666,410.0,969.8229475601443,-559.8229475601443
2025,1,1,Wakiso,Busiro,Wakiso,0.4,32.48,cereals and tubers,Sorghum,KG,2167.0,2250.0,-83.0,-0.0368888888888888,2028.0,2109.833333333333,2000.0,2115.8756577036906,-115.87565770369065
2025,1,1,Kyegegwa,Kyaka,Kyaka II (refugee settlement),0.36,31.09,cereals and tubers,Maize flour,KG,2156.0,2156.0,0.0,0.0,2416.6666666666665,2677.5,2864.0,2192.9681534413003,671.0318465586997
2025,1,1,Mbarara,Mbarara Municipality,Mbarara,-0.61,30.65,cereals and tubers,Maize (white),KG,1500.0,1500.0,0.0,0.0,1500.0,1500.0,1500.0,1484.1618978781514,15.838102121848578
2025,1,1,Kyegegwa,Kyaka,Kyaka II (refugee settlement),0.36,31.09,cereals and tubers,Millet flour,KG,4225.0,4458.0,-233.0,-0.0522655899506505,4227.666666666667,4113.833333333333,3977.0,4278.996888947446,-301.99688894744577
2025,1,1,Yumbe,Aringa,Bidibidi (refugee settlement),3.36,31.35,cereals and tubers,Maize flour,KG,2705.0,2634.0,71.0,0.0269552012148823,2568.6666666666665,2751.0,2608.0,2499.053160289217,108.94683971078302
2025,1,1,Kiryandongo,Kibanda,Kiryandongo (refugee settlement),1.94,32.21,oil and fats,Oil (vegetable),L,7339.0,7000.0,339.0,0.0484285714285714,7039.0,7109.5,7773.0,7424.976184424271,348.0238155757288
2025,1,1,Mbale,Mbale Municipality,Mbale,1.07,34.18,pulses and nuts,Beans,KG,3500.0,3500.0,0.0,0.0,3500.0,3604.1666666666665,3500.0,3511.7061480478883,-11.706148047888291
2025,1,1,Lira,Lira Municipality,Lira,2.23,32.91,cereals and tubers,Maize (white),KG,890.0,890.0,0.0,0.0,926.6666666666666,848.5,927.0,928.0381401555553,-1.0381401555553111
2025,1,1,Soroti,Soroti Municipality,Soroti,1.71,33.62,pulses and nuts,Beans,KG,4000.0,4000.0,0.0,0.0,4035.6666666666665,4071.1666666666665,4000.0,4036.8996971153792,-36.89969711537924
2025,1,1,Adjumani,Adjumani,Adjumani (refugee settlement),3.34,31.78,oil and fats,Oil (vegetable),L,7652.0,8000.0,-348.0,-0.0435,7773.0,7403.166666666667,7848.0,7477.85374800702,370.14625199298007
2025,1,1,Kaabong,Dodoth,Kaabong,3.54,34.12,cereals and tubers,Maize flour,KG,2260.0,2100.0,160.0,0.0761904761904762,2186.6666666666665,2076.6666666666665,2500.0,2674.1242752707026,-174.12427527070258
2025,1,1,Napak,Bokora,Napak,2.22,34.26,cereals and tubers,Sorghum,KG,1250.0,1275.0,-25.0,-0.0196078431372549,1191.6666666666667,1134.6666666666667,1200.0,1229.843370571804,-29.843370571803916
2025,1,1,Isingiro,Bukanga,Oruchinga (refugee settlement),-0.94,30.76,cereals and tubers,Cassava (fresh),KG,729.0,667.0,62.0,0.0929535232383808,687.6666666666666,733.1666666666666,571.0,818.5586379218361,-247.55863792183607
2025,1,1,Moyo,Obongi,Palorinya (refugee settlement),3.47,31.63,cereals and tubers,Maize flour,KG,2500.0,2240.0,260.0,0.1160714285714285,2351.6666666666665,2440.0,1789.0,2427.1058202003633,-638.1058202003633
2025,1,1,Kamwenge,Kibale,Rwamwanja (refugee settlement),0.31,30.68,oil and fats,Oil (vegetable),L,7983.0,7989.0,-6.0,-0.0007510326699211,7671.333333333333,7356.666666666667,8222.0,7888.645563003997,333.35443699600273
2025,1,1,Arua,Terego,Imvepi (refugee settlement),3.23,31.28,milk and dairy,Milk (fresh),L,1583.0,2500.0,-917.0,-0.3668,2194.333333333333,1980.5,2000.0,2071.1419583696525,-71.14195836965246
2025,1,1,Busia,Samia-bugwe,Busia,0.47,34.09,pulses and nuts,Beans,KG,3580.0,3225.0,355.0,0.1100775193798449,3218.333333333333,3316.833333333333,3218.0,3477.1315984053736,-259.13159840537355
2025,1,1,Amudat,Upe,Karita,1.54,34.83,cereals and tubers,Maize flour,KG,2000.0,2000.0,0.0,0.0,2000.0,2000.0,2000.0,2022.4913825368183,-22.491382536818264
2025,1,1,Arua,Terego,Rhino Camp (refugee settlement),3.17,31.31,cereals and tubers,Cassava (fresh),KG,580.0,580.0,0.0,0.0,580.3333333333334,580.5,382.0,593.6735399705167,-211.67353997051669
2025,1,1,Adjumani,Adjumani,Adjumani (refugee settlement),3.34,31.78,milk and dairy,Milk (fresh),L,2000.0,2000.0,0.0,0.0,2000.0,1971.1666666666667,2000.0,1979.690924903227,20.309075096773086
2025,1,1,Mukono,Mukono,Mukono,0.36,32.75,cereals and tubers,Sorghum,KG,3800.0,3775.0,25.0,0.0066225165562913,3802.6666666666665,3809.6666666666665,4000.0,3708.1155190234213,291.88448097657874
2025,1,1,Tororo,Tororo Municipality,Tororo,0.69,34.18,oil and fats,Oil (vegetable),L,8000.0,8000.0,0.0,0.0,8000.0,8000.0,8000.0,8073.035161466524,-73.03516146652419
2025,1,1,Kween,Kween,Kapchorwa,1.38,34.52,cereals and tubers,Maize (white),KG,1300.0,1300.0,0.0,0.0,1291.6666666666667,1231.0,1310.0,1336.5850273751817,-26.585027375181653
2025,1,1,Napak,Bokora,Napak,2.22,34.26,cereals and tubers,Maize flour,KG,2000.0,2000.0,0.0,0.0,1955.6666666666667,1911.1666666666667,2000.0,1979.264776758393,20.735223241606946
2025,1,1,Yumbe,Aringa,Bidibidi (refugee settlement),3.36,31.35,cereals and tubers,Millet flour,KG,2892.0,4604.0,-1712.0,-0.3718505647263249,3869.0,4508.5,4203.0,3152.757104986412,1050.2428950135882
2025,1,1,Yumbe,Aringa,Bidibidi (refugee settlement),3.36,31.35,"meat, fish and eggs",Fish (dry),KG,11583.0,15243.0,-3660.0,-0.2401102145246998,14029.0,14645.0,25000.0,13820.835,11179.165
2025,1,1,Soroti,Soroti Municipality,Soroti,1.71,33.62,cereals and tubers,Cassava flour,KG,1000.0,1000.0,0.0,0.0,1049.0,1097.8333333333333,1000.0,1097.188794510793,-97.18879451079306
2025,1,1,Lamwo,Lamwo,Palabek (refugee settlement),3.34,32.47,cereals and tubers,Cassava (fresh),KG,526.0,928.0,-402.0,-0.4331896551724138,711.3333333333334,730.6666666666666,427.0,707.0544870444265,-280.05448704442654
2025,1,1,Kyegegwa,Kyaka,Kyaka II (refugee settlement),0.36,31.09,cereals and tubers,Sorghum,KG,2188.0,2147.0,41.0,0.0190964136003726,2136.333333333333,2105.1666666666665,2000.0,2058.4701692612753,-58.47016926127526
2025,1,1,Soroti,Soroti Municipality,Soroti,1.71,33.62,cereals and tubers,Maize (white),KG,1233.0,1250.0,-17.0,-0.0136,1137.6666666666667,1033.8333333333333,1160.0,1089.2186256689556,70.78137433104439
2025,1,1,Koboko,Koboko,Lobule (refugee settlement),3.39,31.03,milk and dairy,Milk (fresh),L,1457.0,1881.0,-424.0,-0.2254120148856991,1700.0,1731.0,1333.0,1703.5856389413862,-370.58563894138615
2025,1,1,Abim,Labwor,Makaratin,2.71,33.64,cereals and tubers,Cassava flour,KG,500.0,500.0,0.0,0.0,500.0,621.1666666666666,500.0,646.9431765163358,-146.94317651633582
2025,1,1,Iganga,Kigulu,Iganga,0.61,33.47,oil and fats,Oil (vegetable),L,8500.0,8000.0,500.0,0.0625,8200.0,8204.166666666666,8500.0,8365.074054317807,134.92594568219283
2025,1,1,Jinja,Jinja Municipality,Jinja,0.42,33.2,oil and fats,Oil (vegetable),L,7500.0,7750.0,-250.0,-0.032258064516129,7750.0,7666.666666666667,7500.0,7638.367114535202,-138.36711453520184
2025,1,1,Lamwo,Lamwo,Palabek (refugee settlement),3.34,32.47,"meat, fish and eggs",Fish (dry),KG,26340.0,20777.0,5563.0,0.2677479905664918,22372.33333333333,21259.33333333333,22372.0,23630.25,-1258.25
2025,1,1,Kampala,Central Kampala,Owino,0.32,32.57,pulses and nuts,Beans,KG,4500.0,4250.0,250.0,0.0588235294117647,4416.666666666667,4412.0,4500.0,4451.690586018545,48.30941398145478
2025,1,1,Arua,Arua Municipality,Arua,3.02,30.91,oil and fats,Oil (vegetable),L,7000.0,7000.0,0.0,0.0,7000.0,6638.833333333333,7000.0,7001.428568355696,-1.4285683556963704
2025,1,1,Mbale,Mbale Municipality,Mbale,1.07,34.18,oil and fats,Oil (vegetable),L,7000.0,7000.0,0.0,0.0,7000.0,7092.666666666667,7000.0,7064.650020569812,-64.65002056981211
2025,1,1,Kiryandongo,Kibanda,Kiryandongo (refugee settlement),1.94,32.21,cereals and tubers,Sorghum,KG,1996.0,2100.0,-104.0,-0.0495238095238095,2115.333333333333,1900.3333333333333,2350.0,2001.6962131833234,348.3037868166766
2025,1,1,Lamwo,Lamwo,Palabek (refugee settlement),3.34,32.47,pulses and nuts,Beans,KG,2387.0,3357.0,-970.0,-0.2889484658921656,3039.6666666666665,3717.5,3688.0,2955.402996977569,732.5970030224312
2025,1,1,Masindi,Buruli M,Masindi,1.69,31.71,cereals and tubers,Cassava flour,KG,2833.0,2500.0,333.0,0.1332,2777.6666666666665,2888.833333333333,1500.0,2825.5170576987175,-1325.5170576987175
2025,1,1,Abim,Labwor,Makaratin,2.71,33.64,oil and fats,Oil (vegetable),L,7400.0,8000.0,-600.0,-0.075,7516.666666666667,7489.833333333333,7650.0,7467.242873230661,182.75712676933927
2025,1,1,Kotido,Jie,Kotido,3.0,34.11,oil and fats,Oil (vegetable),L,8000.0,7875.0,125.0,0.0158730158730158,7791.666666666667,7548.166666666667,7625.0,7881.434967161655,-256.43496716165464
2025,1,1,Kween,Kween,Kapchorwa,1.38,34.52,pulses and nuts,Beans,KG,3000.0,3000.0,0.0,0.0,3000.0,3187.5,3000.0,2967.603213453692,32.396786546307794
2025,1,1,Moroto,Moroto Municipality,Moroto,2.53,34.65,oil and fats,Oil (vegetable),L,7000.0,7000.0,0.0,0.0,7000.0,7000.0,7160.0,7005.350001110525,154.64999888947477
2025,1,1,Mbarara,Mbarara Municipality,Mbarara,-0.61,30.65,oil and fats,Oil (vegetable),L,8000.0,8000.0,0.0,0.0,8000.0,8000.0,8000.0,8003.345387418954,-3.345387418953578
2025,1,1,Kotido,Jie,Kotido,3.0,34.11,cereals and tubers,Cassava flour,KG,1800.0,1750.0,50.0,0.0285714285714285,1850.0,1941.1666666666667,1500.0,1836.9888108549744,-336.9888108549744
2025,1,1,Isingiro,Bukanga,Oruchinga (refugee settlement),-0.94,30.76,milk and dairy,Milk (fresh),L,1757.0,1600.0,157.0,0.098125,1719.0,1859.5,1800.0,1948.6926458729035,-148.69264587290354
2025,1,1,Busia,Samia-bugwe,Busia,0.47,34.09,oil and fats,Oil (vegetable),L,7900.0,7125.0,775.0,0.1087719298245614,7175.0,6781.0,7175.0,7617.075916666667,-442.07591666666667
2025,1,1,Kiryandongo,Kibanda,Kiryandongo (refugee settlement),1.94,32.21,milk and dairy,Milk (fresh),L,2000.0,2000.0,0.0,0.0,2000.0,1822.1666666666667,1800.0,1860.00117344937,-60.00117344937007
2025,1,1,Nakapiripirit,Kadani,Namalu,1.79,34.6,cereals and tubers,Cassava flour,KG,1500.0,1500.0,0.0,0.0,1666.6666666666667,1708.3333333333333,1900.0,1558.3200479428142,341.6799520571858
2025,1,1,Moyo,Obongi,Palorinya (refugee settlement),3.47,31.63,"meat, fish and eggs",Fish (dry),KG,20000.0,11476.0,8524.0,0.7427675148135239,14328.333333333334,12918.833333333334,19408.0,17571.8,1836.2000000000007
2025,1,1,Jinja,Jinja Municipality,Jinja,0.42,33.2,pulses and nuts,Beans,KG,4833.0,4500.0,333.0,0.074,4694.333333333333,4680.5,5000.0,4746.281078513153,253.71892148684674
2025,1,1,Koboko,Koboko,Lobule (refugee settlement),3.39,31.03,cereals and tubers,Sorghum,KG,2038.0,1463.0,575.0,0.3930280246069719,1658.6666666666667,1538.0,1057.0,1939.149933271505,-882.149933271505
2025,1,1,Iganga,Kigulu,Iganga,0.61,33.47,pulses and nuts,Beans,KG,4000.0,4250.0,-250.0,-0.0588235294117647,4116.666666666667,4204.166666666667,4000.0,4026.498436662198,-26.498436662197946
2025,1,1,Busia,Samia-bugwe,Busia,0.47,34.09,cereals and tubers,Maize (white),KG,1070.0,1100.0,-30.0,-0.0272727272727272,1115.0,1031.8333333333333,1115.0,1051.3770632533187,63.62293674668126
2025,1,1,Isingiro,Bukanga,Oruchinga (refugee settlement),-0.94,30.76,cereals and tubers,Sorghum,KG,1756.0,2243.0,-487.0,-0.2171199286669639,1999.6666666666667,1999.8333333333333,1000.0,2070.998770147338,-1070.9987701473378
2025,1,1,Mbale,Mbale Municipality,Mbale,1.07,34.18,cereals and tubers,Cassava flour,KG,1500.0,1500.0,0.0,0.0,1500.0,1600.5,1500.0,1535.5823831120981,-35.582383112098114
2025,1,1,Kween,Kween,Kapchorwa,1.38,34.52,oil and fats,Oil (vegetable),L,7000.0,7125.0,-125.0,-0.0175438596491228,7041.666666666667,7020.833333333333,7042.0,6994.906059246722,47.09394075327782
2025,1,1,Kaabong,Dodoth,Kaabong,3.54,34.12,cereals and tubers,Sorghum,KG,1100.0,1325.0,-225.0,-0.1698113207547169,1141.6666666666667,1063.1666666666667,987.5,1112.7692928630213,-125.26929286302129
2025,1,1,Kyegegwa,Kyaka,Kyaka II (refugee settlement),0.36,31.09,pulses and nuts,Beans,KG,2147.0,1947.0,200.0,0.1027221366204417,2130.6666666666665,2214.333333333333,2650.0,2107.093603960237,542.906396039763
2025,1,1,Kyegegwa,Kyaka,Kyaka II (refugee settlement),0.36,31.09,cereals and tubers,Cassava (fresh),KG,586.0,819.0,-233.0,-0.2844932844932845,621.6666666666666,540.6666666666666,378.0,628.0709840560506,-250.07098405605063
2025,1,1,Soroti,Soroti Municipality,Soroti,1.71,33.62,oil and fats,Oil (vegetable),L,8000.0,8000.0,0.0,0.0,8100.0,8200.0,8000.0,8804.021354819528,-804.0213548195279
2025,1,1,Yumbe,Aringa,Bidibidi (refugee settlement),3.36,31.35,cereals and tubers,Sorghum,KG,1508.0,1372.0,136.0,0.0991253644314868,1474.3333333333333,1406.6666666666667,1078.0,1480.9630296860937,-402.9630296860937
2025,1,1,Masindi,Buruli M,Masindi,1.69,31.71,oil and fats,Oil (vegetable),L,6985.0,7000.0,-15.0,-0.0021428571428571,6995.0,7122.5,8000.0,7108.778871389334,891.2211286106658
2025,1,1,Masindi,Buruli M,Masindi,1.69,31.71,cereals and tubers,Maize (white),KG,1191.0,1300.0,-109.0,-0.0838461538461538,1263.6666666666667,1131.8333333333333,1264.0,1103.9624745327208,160.03752546727924
2025,1,1,Lira,Lira Municipality,Lira,2.23,32.91,oil and fats,Oil (vegetable),L,6688.0,7500.0,-812.0,-0.1082666666666666,7229.333333333333,7364.666666666667,7229.0,6915.272836446887,313.7271635531133
2025,1,1,Arua,Terego,Imvepi (refugee settlement),3.23,31.28,cereals and tubers,Millet flour,KG,4100.0,3000.0,1100.0,0.3666666666666666,3033.333333333333,3551.333333333333,3545.0,4015.605568640425,-470.6055686404252
2025,1,1,Kabarole,Fort Portal Municipality,Fort Portal,0.66,30.28,cereals and tubers,Sorghum,KG,3000.0,3000.0,0.0,0.0,3000.0,3000.0,3000.0,3000.4704803527065,-0.4704803527065451
2025,1,1,Isingiro,Bukanga,Nakivale (refugee settlement),-0.78,30.96,milk and dairy,Milk (fresh),L,2000.0,1000.0,1000.0,1.0,1600.0,1800.0,1900.0,1760.0310147203616,139.96898527963845
2025,1,1,Mbale,Mbale Municipality,Mbale,1.07,34.18,cereals and tubers,Maize (white),KG,1500.0,1500.0,0.0,0.0,1500.0,1355.1666666666667,1500.0,1515.1401324871126,-15.140132487112623
2025,1,1,Busia,Samia-bugwe,Busia,0.47,34.09,cereals and tubers,Cassava flour,KG,800.0,775.0,25.0,0.032258064516129,791.6666666666666,805.3333333333334,817.0,833.7545561796453,-16.754556179645306
2025,1,1,Gulu,Gulu Municipality,Gulu,2.77,32.31,oil and fats,Oil (vegetable),L,6940.0,8000.0,-1060.0,-0.1325,7646.666666666667,7566.333333333333,7647.0,7385.182548043997,261.8174519560034
2025,1,1,Moyo,Obongi,Palorinya (refugee settlement),3.47,31.63,cereals and tubers,Sorghum,KG,1511.0,1640.0,-129.0,-0.0786585365853658,1592.0,1438.0,1207.0,1579.3928931646396,-372.39289316463964
2025,1,1,Mbarara,Mbarara Municipality,Mbarara,-0.61,30.65,cereals and tubers,Cassava flour,KG,2500.0,2000.0,500.0,0.25,2208.333333333333,2354.1666666666665,2208.0,2485.3850389165323,-277.38503891653227
2025,1,1,Koboko,Koboko,Lobule (refugee settlement),3.39,31.03,pulses and nuts,Beans,KG,2077.0,3575.0,-1498.0,-0.419020979020979,2967.333333333333,3507.1666666666665,4362.0,2448.486234049358,1913.5137659506422
2025,1,1,Kotido,Jie,Kotido,3.0,34.11,cereals and tubers,Sorghum,KG,1000.0,1000.0,0.0,0.0,950.0,895.0,1000.0,1022.7681859649595,-22.768185964959457
2025,1,1,Kasese,Busongora,Kasese,0.17,30.07,oil and fats,Oil (vegetable),L,7700.0,7700.0,0.0,0.0,7633.333333333333,7695.833333333333,7633.0,7705.317599182079,-72.317599182079
2025,1,1,Kaabong,Dodoth,Karenga,3.57,33.7,cereals and tubers,Maize flour,KG,2000.0,2029.0,-29.0,-0.0142927550517496,2009.6666666666667,2293.6666666666665,2000.0,2043.6588805844483,-43.6588805844483
2025,1,1,Kyegegwa,Kyaka,Kyaka II (refugee settlement),0.36,31.09,milk and dairy,Milk (fresh),L,1733.0,1500.0,233.0,0.1553333333333333,1496.6666666666667,1377.0,1467.0,1685.9728708228295,-218.97287082282946
2025,1,1,Nakapiripirit,Kadani,Namalu,1.79,34.6,cereals and tubers,Sorghum,KG,1100.0,1100.0,0.0,0.0,1007.6666666666666,915.5,1100.0,1104.8024840758453,-4.802484075845314
2025,1,1,Kamwenge,Kibale,Rwamwanja (refugee settlement),0.31,30.68,milk and dairy,Milk (fresh),L,1313.0,1375.0,-62.0,-0.045090909090909,1329.3333333333333,1314.6666666666667,1329.0,1362.36730197712,-33.36730197711995
2025,1,1,Moroto,Moroto Municipality,Moroto,2.53,34.65,cereals and tubers,Maize (white),KG,1283.0,1275.0,8.0,0.0062745098039215,1226.0,1173.0,1260.0,1520.488864873655,-260.4888648736551
2025,1,1,Kamwenge,Kibale,Rwamwanja (refugee settlement),0.31,30.68,cereals and tubers,Sorghum,KG,2010.0,1794.0,216.0,0.1204013377926421,1879.0,1930.3333333333333,3180.0,2018.0272421738548,1161.9727578261452
2025,1,1,Lamwo,Lamwo,Palabek (refugee settlement),3.34,32.47,cereals and tubers,Sorghum,KG,1063.0,1100.0,-37.0,-0.0336363636363636,1071.0,1028.6666666666667,800.0,1082.1286347900384,-282.1286347900384
2025,1,1,Nakapiripirit,Kadani,Namalu,1.79,34.6,oil and fats,Oil (vegetable),L,7000.0,7000.0,0.0,0.0,7022.333333333333,7044.5,7300.0,7008.175158811244,291.8248411887562
2025,1,1,Moyo,Obongi,Palorinya (refugee settlement),3.47,31.63,cereals and tubers,Millet flour,KG,2900.0,5600.0,-2700.0,-0.4821428571428571,4333.333333333333,4709.833333333333,5450.0,3144.310438319745,2305.689561680255
2025,1,1,Kaabong,Dodoth,Kaabong,3.54,34.12,oil and fats,Oil (vegetable),L,7900.0,7750.0,150.0,0.0193548387096774,7758.333333333333,7681.333333333333,8000.0,7676.512127558714,323.4878724412856
2025,1,1,Arua,Arua Municipality,Arua,3.02,30.91,cereals and tubers,Cassava flour,KG,1000.0,1250.0,-250.0,-0.2,1250.0,1291.6666666666667,1250.0,1152.267187531921,97.73281246807892
2025,1,1,Gulu,Gulu Municipality,Gulu,2.77,32.31,pulses and nuts,Beans,KG,3369.0,4000.0,-631.0,-0.15775,3789.6666666666665,4426.666666666667,3790.0,3845.360396491228,-55.36039649122813
2025,1,1,Kampala,Central Kampala,Owino,0.32,32.57,oil and fats,Oil (vegetable),L,12333.0,12250.0,83.0,0.0067755102040816,12194.333333333334,11717.5,12000.0,12041.61,-41.61000000000058
2025,1,1,Adjumani,Adjumani,Adjumani (refugee settlement),3.34,31.78,cereals and tubers,Millet flour,KG,3686.0,5000.0,-1314.0,-0.2628,4265.666666666667,4588.0,4048.0,3896.1124298245622,151.88757017543776
2025,1,1,Kasese,Busongora,Kasese,0.17,30.07,cereals and tubers,Cassava flour,KG,700.0,700.0,0.0,0.0,700.0,853.6666666666666,700.0,717.4373142686022,-17.437314268602222
2025,1,1,Moroto,Moroto Municipality,Moroto,2.53,34.65,cereals and tubers,Cassava flour,KG,2000.0,2000.0,0.0,0.0,1934.3333333333333,1868.5,2200.0,1978.620849649494,221.37915035050605
2025,1,1,Nakapiripirit,Kadani,Namalu,1.79,34.6,cereals and tubers,Maize (white),KG,1200.0,1000.0,200.0,0.2,1034.3333333333333,968.8333333333334,1200.0,1140.9719023300995,59.02809766990049
2025,1,1,Amudat,Upe,Karita,1.54,34.83,oil and fats,Oil (vegetable),L,7833.0,7286.0,547.0,0.0750754872357946,7389.666666666667,7219.833333333333,7500.0,7832.040541666667,-332.0405416666672
2025,2,1,Arua,Arua Municipality,Arua,3.02,30.91,cereals and tubers,Maize flour,KG,2517.0,4000.0,-1483.0,-0.37075,2855.6666666666665,2544.5,2553.0,2021.8560018222133,531.1439981777867
2025,2,1,Soroti,Soroti Municipality,Soroti,1.71,33.62,pulses and nuts,Beans,KG,4000.0,4000.0,0.0,0.0,4000.0,4051.1666666666665,4120.0,4041.281645920302,78.7183540796982
2025,2,1,Yumbe,Aringa,Bidibidi (refugee settlement),3.36,31.35,cereals and tubers,Sorghum,KG,1078.0,1508.0,-430.0,-0.2851458885941644,1319.3333333333333,1336.3333333333333,1088.0,1197.3007363211152,-109.30073632111521
2025,2,1,Amudat,Upe,Karita,1.54,34.83,oil and fats,Oil (vegetable),L,7500.0,7833.0,-333.0,-0.0425124473381846,7539.666666666667,7278.166666666667,7500.0,7594.940512266061,-94.94051226606098
2025,2,1,Nakapiripirit,Kadani,Namalu,1.79,34.6,oil and fats,Oil (vegetable),L,7300.0,7000.0,300.0,0.0428571428571428,7100.0,7061.166666666667,7500.0,7227.959022611254,272.0409773887459
2025,2,1,Kyegegwa,Kyaka,Kyaka II (refugee settlement),0.36,31.09,cereals and tubers,Maize (white),KG,1077.0,956.0,121.0,0.1265690376569037,1137.0,1059.5,1199.0,1187.9456171202928,11.054382879707191
2025,2,1,Mbarara,Mbarara Municipality,Mbarara,-0.61,30.65,cereals and tubers,Millet,KG,3000.0,3000.0,0.0,0.0,3000.0,3000.0,3043.0,3025.997389343762,17.002610656238176
2025,2,1,Kamwenge,Kibale,Rwamwanja (refugee settlement),0.31,30.68,cereals and tubers,Millet flour,KG,4028.0,4000.0,28.0,0.007,4320.333333333333,4160.166666666667,3896.0,4016.4879773916327,-120.48797739163274
2025,2,1,Mbale,Mbale Municipality,Mbale,1.07,34.18,cereals and tubers,Millet,KG,3500.0,3500.0,0.0,0.0,3500.0,3500.0,3550.0,3457.270761266689,92.72923873331092
2025,2,1,Kaabong,Dodoth,Karenga,3.57,33.7,pulses and nuts,Beans,KG,3166.67,3000.0,166.67000000000007,0.0555566666666666,3103.2233333333334,3167.611666666666,3545.0,3315.2055374705733,229.7944625294267
2025,2,1,Moyo,Obongi,Palorinya (refugee settlement),3.47,31.63,cereals and tubers,Maize flour,KG,1789.0,2500.0,-711.0,-0.2844,2176.333333333333,2363.0,1974.0,1853.7821879995622,120.21781200043779
2025,2,1,Moyo,Obongi,Palorinya (refugee settlement),3.47,31.63,cereals and tubers,Sorghum,KG,1207.0,1511.0,-304.0,-0.201191264063534,1452.6666666666667,1419.5,1574.0,1178.5036019346908,395.4963980653092
2025,2,1,Kiryandongo,Kibanda,Kiryandongo (refugee settlement),1.94,32.21,milk and dairy,Milk (fresh),L,1800.0,2000.0,-200.0,-0.1,1933.3333333333333,1855.5,1250.0,1793.9207931162682,-543.9207931162682
2025,2,1,Kyegegwa,Kyaka,Kyaka II (refugee settlement),0.36,31.09,cereals and tubers,Maize flour,KG,2864.0,2156.0,708.0,0.3283858998144712,2392.0,2673.333333333333,2979.0,2811.880044736542,167.119955263458
2025,2,1,Wakiso,Busiro,Wakiso,0.4,32.48,cereals and tubers,Sorghum,KG,2000.0,2167.0,-167.0,-0.0770650669127826,2139.0,1976.5,2029.0,1994.0506982488876,34.94930175111244
2025,2,1,Iganga,Kigulu,Iganga,0.61,33.47,pulses and nuts,Beans,KG,4000.0,4000.0,0.0,0.0,4083.3333333333335,4204.166666666667,4058.0,4018.0232459410163,39.976754058983715
2025,2,1,Hoima,Buhaguzi,Kyangwali (refugee settlement),1.16,30.75,pulses and nuts,Beans,KG,2738.0,4417.0,-1679.0,-0.3801222549241567,3491.0,3409.5,2783.0,2958.1992314167314,-175.19923141673144
2025,2,1,Lira,Lira Municipality,Lira,2.23,32.91,cereals and tubers,Sorghum,KG,1011.0,916.0,95.0,0.1037117903930131,948.0,928.1666666666666,1026.0,1016.3984789203557,9.601521079644272
2025,2,1,Kamwenge,Kibale,Rwamwanja (refugee settlement),0.31,30.68,miscellaneous food,Salt,KG,1867.0,1617.0,250.0,0.1546072974644403,1748.0,1423.1666666666667,1642.0,1846.7147549860706,-204.7147549860706
2025,2,1,Isingiro,Bukanga,Oruchinga (refugee settlement),-0.94,30.76,milk and dairy,Milk (fresh),L,1800.0,1757.0,43.0,0.0244735344336937,1719.0,1826.1666666666667,1083.0,1927.198124876929,-844.1981248769289
2025,2,1,Jinja,Jinja Municipality,Jinja,0.42,33.2,cereals and tubers,Maize (white),KG,2000.0,2000.0,0.0,0.0,1833.3333333333333,1704.1666666666667,2029.0,1949.5891499471445,79.4108500528555
2025,2,1,Kiryandongo,Kibanda,Kiryandongo (refugee settlement),1.94,32.21,oil and fats,Oil (vegetable),L,7773.0,7339.0,434.0,0.0591361220874778,7370.666666666667,7238.333333333333,7867.0,7357.736902777779,509.2630972222214
2025,2,1,Soroti,Soroti Municipality,Soroti,1.71,33.62,cereals and tubers,Millet,KG,2880.0,2917.0,-37.0,-0.0126842646554679,2890.6666666666665,2631.5,2920.0,2919.843314770307,0.15668522969281184
2025,2,1,Iganga,Kigulu,Iganga,0.61,33.47,cereals and tubers,Maize (white),KG,1000.0,867.0,133.0,0.1534025374855824,1130.6666666666667,1209.5,1014.0,1124.2543376019362,-110.25433760193619
2025,2,1,Hoima,Buhaguzi,Kyangwali (refugee settlement),1.16,30.75,oil and fats,Oil (vegetable),L,8000.0,7550.0,450.0,0.0596026490066225,7898.666666666667,8153.0,8000.0,7856.792259325822,143.20774067417824
2025,2,1,Kiryandongo,Kibanda,Kiryandongo (refugee settlement),1.94,32.21,miscellaneous food,Salt,KG,1455.0,1763.0,-308.0,-0.1747022121384004,1539.3333333333333,1429.6666666666667,1550.0,1572.5489751461191,-22.54897514611912
2025,2,1,Mukono,Mukono,Mukono,0.36,32.75,cereals and tubers,Sorghum,KG,4000.0,3800.0,200.0,0.0526315789473684,3858.3333333333335,3809.6666666666665,4184.0,3742.112694322508,441.8873056774919
2025,2,1,Arua,Terego,Imvepi (refugee settlement),3.23,31.28,cereals and tubers,Maize (white),KG,1761.0,1257.0,504.0,0.4009546539379475,1389.3333333333333,1354.3333333333333,1963.0,1657.444682640408,305.555317359592
2025,2,1,Isingiro,Bukanga,Nakivale (refugee settlement),-0.78,30.96,cereals and tubers,Maize (white),KG,1005.0,858.0,147.0,0.1713286713286713,1097.0,1131.8333333333333,1148.0,1138.3564040029892,9.643595997010834
2025,2,1,Soroti,Soroti Municipality,Soroti,1.71,33.62,oil and fats,Oil (vegetable),L,8000.0,8000.0,0.0,0.0,8000.0,8083.333333333333,7900.0,9038.210654968942,-1138.2106549689415
2025,2,1,Arua,Terego,Rhino Camp (refugee settlement),3.17,31.31,pulses and nuts,Beans,KG,4738.0,3214.0,1524.0,0.4741754822650902,4000.0,3991.8333333333335,4652.0,4755.781404771699,-103.78140477169927
2025,2,1,Mbale,Mbale Municipality,Mbale,1.07,34.18,pulses and nuts,Beans,KG,3500.0,3500.0,0.0,0.0,3500.0,3520.833333333333,3550.0,3563.089418270948,-13.089418270948045
2025,2,1,Arua,Terego,Imvepi (refugee settlement),3.23,31.28,"meat, fish and eggs",Fish (dry),KG,25420.0,33333.0,-7913.0,-0.2373923739237392,26825.0,24448.83333333333,23963.0,24054.31,-91.31000000000131
2025,2,1,Hoima,Buhaguzi,Kyangwali (refugee settlement),1.16,30.75,cereals and tubers,Maize (white),KG,831.0,1333.0,-502.0,-0.3765941485371343,1106.3333333333333,1053.1666666666667,1139.0,909.042355067985,229.957644932015
2025,2,1,Arua,Terego,Rhino Camp (refugee settlement),3.17,31.31,miscellaneous food,Salt,KG,1843.0,2000.0,-157.0,-0.0785,1858.3333333333333,1784.8333333333333,1676.0,1855.9190366311993,-179.91903663119933
2025,2,1,Mbale,Mbale Municipality,Mbale,1.07,34.18,oil and fats,Oil (vegetable),L,7000.0,7000.0,0.0,0.0,7000.0,7000.0,7101.0,7063.773769292041,37.226230707959076
2025,2,1,Hoima,Buhaguzi,Kyangwali (refugee settlement),1.16,30.75,cereals and tubers,Cassava (fresh),KG,693.0,689.0,4.0,0.0058055152394775,698.6666666666666,685.1666666666666,623.0,727.819362766074,-104.81936276607405
2025,2,1,Napak,Bokora,Napak,2.22,34.26,pulses and nuts,Beans,KG,4000.0,4000.0,0.0,0.0,4000.0,4000.0,4000.0,4031.09474610956,-31.09474610956022
2025,2,1,Isingiro,Bukanga,Oruchinga (refugee settlement),-0.94,30.76,oil and fats,Oil (vegetable),L,7400.0,7996.0,-596.0,-0.0745372686343171,7451.333333333333,7447.833333333333,7909.0,7411.971147462148,497.0288525378519
2025,2,1,Kaabong,Dodoth,Kaabong,3.54,34.12,cereals and tubers,Millet,KG,2200.0,2320.0,-120.0,-0.0517241379310344,2215.0,2138.833333333333,2813.0,2698.4698137650676,114.53018623493244
2025,2,1,Masindi,Buruli M,Masindi,1.69,31.71,cereals and tubers,Sorghum,KG,2000.0,1973.0,27.0,0.0136847440446021,2157.6666666666665,2078.833333333333,2250.0,2089.1272291989076,160.87277080109243
2025,2,1,Abim,Labwor,Makaratin,2.71,33.64,oil and fats,Oil (vegetable),L,7650.0,7400.0,250.0,0.0337837837837837,7683.333333333333,7514.833333333333,8088.0,7488.317447078045,599.682552921955
2025,2,1,Hoima,Buhaguzi,Kyangwali (refugee settlement),1.16,30.75,vegetables and fruits,Leafy vegetables,KG,1237.0,1319.0,-82.0,-0.0621683093252464,1129.6666666666667,1356.1666666666667,2174.0,1267.6933942134265,906.3066057865735
2025,2,1,Masindi,Buruli M,Masindi,1.69,31.71,pulses and nuts,Beans,KG,4000.0,3295.0,705.0,0.2139605462822458,3098.333333333333,3299.1666666666665,4000.0,3628.3240839714563,371.6759160285437
2025,2,1,Kampala,Central Kampala,Owino,0.32,32.57,cereals and tubers,Maize (white),KG,2000.0,2000.0,0.0,0.0,2000.0,1941.6666666666667,2029.0,1973.4254167816878,55.57458321831223
2025,2,1,Gulu,Gulu Municipality,Gulu,2.77,32.31,cereals and tubers,Sorghum,KG,1199.0,1197.0,2.0,0.0016708437761069,1198.6666666666667,1188.1666666666667,1216.0,1225.0102758071507,-9.01027580715072
2025,2,1,Lamwo,Lamwo,Palabek (refugee settlement),3.34,32.47,cereals and tubers,Maize (white),KG,1438.0,1435.0,3.0,0.0020905923344947,1395.6666666666667,1261.0,1438.0,1467.7575738313126,-29.757573831312584
2025,2,1,Arua,Terego,Rhino Camp (refugee settlement),3.17,31.31,cereals and tubers,Maize (white),KG,1867.0,2000.0,-133.0,-0.0665,1717.0,1441.5,1710.0,1829.315376117631,-119.3153761176311
2025,2,1,Kotido,Jie,Kotido,3.0,34.11,oil and fats,Oil (vegetable),L,7625.0,8000.0,-375.0,-0.046875,7833.333333333333,7587.5,7617.0,7452.939391790932,164.06060820906805
2025,2,1,Hoima,Bugahya,Hoima,1.43,31.35,cereals and tubers,Maize flour,KG,3000.0,3000.0,0.0,0.0,3000.0,2850.0,3043.0,2922.195829387482,120.80417061251819
2025,2,1,Tororo,Tororo Municipality,Tororo,0.69,34.18,cereals and tubers,Maize flour,KG,2067.0,2000.0,67.0,0.0335,2039.0,1991.1666666666667,2096.0,2074.1590926577715,21.840907342228547
2025,2,1,Kaabong,Dodoth,Kaabong,3.54,34.12,oil and fats,Oil (vegetable),L,8000.0,7900.0,100.0,0.0126582278481012,7883.333333333333,7691.666666666667,8000.0,7834.2824671616545,165.7175328383455
2025,2,1,Adjumani,Adjumani,Adjumani (refugee settlement),3.34,31.78,"meat, fish and eggs",Fish (dry),KG,19724.0,22701.0,-2977.0,-0.131139597374565,23226.666666666668,24783.5,26311.0,26319.46,-8.459999999999127
2025,2,1,Gulu,Gulu Municipality,Gulu,2.77,32.31,oil and fats,Oil (vegetable),L,7647.0,6940.0,707.0,0.1018731988472622,7529.0,7597.833333333333,7757.0,7476.632307953334,280.367692046666
2025,2,1,Lamwo,Lamwo,Palabek (refugee settlement),3.34,32.47,cereals and tubers,Sorghum,KG,800.0,1063.0,-263.0,-0.2474129821260583,987.6666666666666,1008.8333333333334,819.0,960.9346840916681,-141.93468409166815
2025,2,1,Lira,Lira Municipality,Lira,2.23,32.91,oil and fats,Oil (vegetable),L,7229.0,6688.0,541.0,0.0808911483253588,7139.0,7319.5,7333.0,7206.977487945306,126.02251205469383
2025,2,1,Moroto,Moroto Municipality,Moroto,2.53,34.65,pulses and nuts,Beans,KG,4000.0,4000.0,0.0,0.0,4000.0,4000.0,4000.0,4009.248366438792,-9.24836643879189
2025,2,1,Kamwenge,Kibale,Rwamwanja (refugee settlement),0.31,30.68,oil and fats,Oil (vegetable),L,8222.0,7983.0,239.0,0.0299386195665789,8064.666666666667,7560.333333333333,8667.0,8477.163006251663,189.83699374833668
2025,2,1,Kyegegwa,Kyaka,Kyaka II (refugee settlement),0.36,31.09,cereals and tubers,Sorghum,KG,2000.0,2188.0,-188.0,-0.0859232175502742,2111.6666666666665,2105.1666666666665,2034.0,2006.9479581728024,27.052041827197627
2025,2,1,Arua,Terego,Imvepi (refugee settlement),3.23,31.28,milk and dairy,Milk (fresh),L,2000.0,1583.0,417.0,0.2634238787113076,2027.6666666666667,2080.5,1250.0,1954.5308359491187,-704.5308359491187
2025,2,1,Busia,Samia-bugwe,Busia,0.47,34.09,pulses and nuts,Beans,KG,3218.0,3580.0,-362.0,-0.1011173184357542,3341.0,3268.0,3265.0,3452.7954558589663,-187.7954558589663
2025,2,1,Arua,Terego,Rhino Camp (refugee settlement),3.17,31.31,cereals and tubers,Cassava (fresh),KG,382.0,580.0,-198.0,-0.3413793103448276,514.0,551.5,421.0,430.60628451178457,-9.606284511784565
2025,2,1,Kamwenge,Kibale,Rwamwanja (refugee settlement),0.31,30.68,milk and dairy,Milk (fresh),L,1329.0,1313.0,16.0,0.0121858339680121,1339.0,1319.5,1063.0,1330.2811965899255,-267.28119658992546
2025,2,1,Napak,Bokora,Napak,2.22,34.26,cereals and tubers,Sorghum,KG,1200.0,1250.0,-50.0,-0.04,1241.6666666666667,1168.0,1200.0,1201.2228253755713,-1.2228253755713467
2025,2,1,Yumbe,Aringa,Bidibidi (refugee settlement),3.36,31.35,cereals and tubers,Maize flour,KG,2608.0,2705.0,-97.0,-0.0358595194085027,2649.0,2685.6666666666665,2765.0,2533.3751816057506,231.62481839424936
2025,2,1,Mbarara,Mbarara Municipality,Mbarara,-0.61,30.65,oil and fats,Oil (vegetable),L,8000.0,8000.0,0.0,0.0,8000.0,8000.0,8115.0,8011.752818061587,103.24718193841272
2025,2,1,Kasese,Busongora,Kasese,0.17,30.07,cereals and tubers,Maize flour,KG,2000.0,2000.0,0.0,0.0,2000.0,2000.0,2029.0,2004.0553931541453,24.94460684585465
2025,2,1,Adjumani,Adjumani,Adjumani (refugee settlement),3.34,31.78,cereals and tubers,Millet flour,KG,4048.0,3686.0,362.0,0.0982094411285946,4244.666666666667,4390.833333333333,3857.0,4032.392498758915,-175.39249875891483
2025,2,1,Kiryandongo,Kibanda,Kiryandongo (refugee settlement),1.94,32.21,cereals and tubers,Millet flour,KG,4333.0,3000.0,1333.0,0.4443333333333333,4236.0,4454.166666666667,5313.0,4540.028008675292,772.9719913247081
2025,2,1,Kampala,Central Kampala,Owino,0.32,32.57,pulses and nuts,Beans,KG,4500.0,4500.0,0.0,0.0,4416.666666666667,4458.333333333333,4565.0,4478.992085251561,86.00791474843936
2025,2,1,Kotido,Jie,Kotido,3.0,34.11,cereals and tubers,Millet,KG,2000.0,2000.0,0.0,0.0,1950.0,1655.0,2400.0,2060.7319855504315,339.26801444956845
2025,2,1,Isingiro,Bukanga,Nakivale (refugee settlement),-0.78,30.96,oil and fats,Oil (vegetable),L,7821.0,8361.0,-540.0,-0.0645855758880516,8030.0,7649.333333333333,7669.0,8001.707076554478,-332.7070765544777
2025,2,1,Kaabong,Dodoth,Karenga,3.57,33.7,cereals and tubers,Sorghum,KG,1000.0,1000.0,0.0,0.0,1000.0,1000.0,1100.0,1024.2045520890533,75.79544791094668
2025,2,1,Abim,Labwor,Makaratin,2.71,33.64,cereals and tubers,Millet,KG,2217.0,2650.0,-433.0,-0.1633962264150943,2289.0,2136.1666666666665,2700.0,2227.26069381173,472.7393061882699
2025,2,1,Isingiro,Bukanga,Oruchinga (refugee settlement),-0.94,30.76,cereals and tubers,Millet flour,KG,3000.0,4012.0,-1012.0,-0.2522432701894317,3696.3333333333335,3764.8333333333335,4083.0,3098.7340355011875,984.2659644988125
2025,2,1,Koboko,Koboko,Lobule (refugee settlement),3.39,31.03,oil and fats,Oil (vegetable),L,7690.0,10096.0,-2406.0,-0.2383122028526149,8387.0,7774.833333333333,7550.0,7939.195642857143,-389.19564285714296
2025,2,1,Adjumani,Adjumani,Adjumani (refugee settlement),3.34,31.78,cereals and tubers,Maize flour,KG,2683.0,2356.0,327.0,0.1387945670628183,2646.333333333333,2749.5,2452.0,2439.737255725956,12.262744274044053
2025,2,1,Adjumani,Adjumani,Adjumani (refugee settlement),3.34,31.78,pulses and nuts,Beans,KG,3600.0,3700.0,-100.0,-0.027027027027027,3616.6666666666665,3862.0,3571.0,4025.0149750497367,-454.0149750497367
2025,2,1,Lamwo,Lamwo,Palabek (refugee settlement),3.34,32.47,milk and dairy,Milk (fresh),L,1833.0,2000.0,-167.0,-0.0835,1944.3333333333333,1972.1666666666667,1188.0,1831.5382250188868,-643.5382250188868
2025,2,1,Kampala,Central Kampala,Owino,0.32,32.57,oil and fats,Oil (vegetable),L,12000.0,12333.0,-333.0,-0.0270007297494526,12194.333333333334,11847.166666666666,12173.0,11532.76,640.2399999999998
2025,2,1,Lamwo,Lamwo,Palabek (refugee settlement),3.34,32.47,miscellaneous food,Salt,KG,2000.0,1575.0,425.0,0.2698412698412698,1858.3333333333333,1909.6666666666667,1975.0,1947.9588562341876,27.04114376581242
2025,2,1,Isingiro,Bukanga,Nakivale (refugee settlement),-0.78,30.96,milk and dairy,Milk (fresh),L,1900.0,2000.0,-100.0,-0.05,1633.3333333333333,1783.3333333333333,1090.0,1912.2805286308096,-822.2805286308096
2025,2,1,Arua,Terego,Imvepi (refugee settlement),3.23,31.28,cereals and tubers,Maize flour,KG,2290.0,2767.0,-477.0,-0.1723888688109866,2685.6666666666665,2793.6666666666665,2476.0,2454.4284422650935,21.57155773490649
2025,2,1,Mukono,Mukono,Mukono,0.36,32.75,cereals and tubers,Maize (white),KG,2200.0,1867.0,333.0,0.1783610069630423,1930.6666666666667,1821.1666666666667,2232.0,2014.7655941211606,217.23440587883942
2025,2,1,Yumbe,Aringa,Bidibidi (refugee settlement),3.36,31.35,oil and fats,Oil (vegetable),L,7763.0,8296.0,-533.0,-0.0642478302796528,7686.333333333333,7374.5,7313.0,7812.817614906438,-499.8176149064384
2025,2,1,Iganga,Kigulu,Iganga,0.61,33.47,cereals and tubers,Sorghum,KG,2000.0,1800.0,200.0,0.1111111111111111,1866.6666666666667,1653.8333333333333,2029.0,2036.3499855866082,-7.349985586608227
2025,2,1,Isingiro,Bukanga,Nakivale (refugee settlement),-0.78,30.96,miscellaneous food,Salt,KG,1657.0,1995.0,-338.0,-0.1694235588972431,1750.6666666666667,1621.8333333333333,1579.0,1638.2734033753381,-59.27340337533815
2025,2,1,Kween,Kween,Kapchorwa,1.38,34.52,pulses and nuts,Beans,KG,3000.0,3000.0,0.0,0.0,3000.0,3020.833333333333,3043.0,2940.510654280316,102.48934571968402
2025,2,1,Hoima,Buhaguzi,Kyangwali (refugee settlement),1.16,30.75,cereals and tubers,Sorghum,KG,2967.0,1200.0,1767.0,1.4725,1921.6666666666667,1622.5,2539.0,2440.9494059299045,98.05059407009549
2025,2,1,Kiryandongo,Kibanda,Kiryandongo (refugee settlement),1.94,32.21,cereals and tubers,Sorghum,KG,2350.0,1996.0,354.0,0.1773547094188376,2148.6666666666665,2125.333333333333,2429.0,2344.0396275161866,84.96037248381344
2025,2,1,Hoima,Buhaguzi,Kyangwali (refugee settlement),1.16,30.75,milk and dairy,Milk (fresh),L,2000.0,2000.0,0.0,0.0,2000.0,2000.0,1043.0,1974.7656829577008,-931.7656829577008
2025,2,1,Moyo,Obongi,Palorinya (refugee settlement),3.47,31.63,cereals and tubers,Maize (white),KG,1479.0,1171.0,308.0,0.2630230572160547,1433.3333333333333,1472.3333333333333,1820.0,1381.7016615695193,438.2983384304807
2025,2,1,Kampala,Central Kampala,Owino,0.32,32.57,cereals and tubers,Millet,KG,4500.0,4667.0,-167.0,-0.0357831583458324,4430.666666666667,4190.333333333333,4565.0,4102.565369559487,462.4346304405126
2025,2,1,Arua,Terego,Rhino Camp (refugee settlement),3.17,31.31,cereals and tubers,Maize flour,KG,2713.0,2857.0,-144.0,-0.0504025201260063,2956.333333333333,3093.833333333333,2316.0,2671.7070258474314,-355.7070258474314
2025,2,1,Wakiso,Busiro,Wakiso,0.4,32.48,cereals and tubers,Maize (white),KG,2000.0,1733.0,267.0,0.154068090017311,1869.3333333333333,1751.3333333333333,2029.0,1936.7724704414147,92.22752955858527
2025,2,1,Hoima,Buhaguzi,Kyangwali (refugee settlement),1.16,30.75,cereals and tubers,Millet flour,KG,3888.0,4250.0,-362.0,-0.0851764705882353,3789.3333333333335,3894.6666666666665,3939.0,3818.299405582521,120.7005944174789
2025,2,1,Iganga,Kigulu,Iganga,0.61,33.47,cereals and tubers,Millet,KG,2500.0,2500.0,0.0,0.0,2525.0,2404.1666666666665,2536.0,2531.2053770393327,4.794622960667311
2025,2,1,Kiryandongo,Kibanda,Kiryandongo (refugee settlement),1.94,32.21,cereals and tubers,Maize (white),KG,1200.0,1620.0,-420.0,-0.2592592592592592,1319.3333333333333,1231.0,1338.0,1287.6806873491196,50.31931265088042
2025,2,1,Mbarara,Mbarara Municipality,Mbarara,-0.61,30.65,pulses and nuts,Beans,KG,5000.0,5000.0,0.0,0.0,5000.0,4979.166666666667,5072.0,4967.205328994841,104.79467100515922
2025,2,1,Kaabong,Dodoth,Karenga,3.57,33.7,cereals and tubers,Maize (white),KG,1250.0,917.0,333.0,0.3631406761177753,984.3333333333334,949.5,1406.0,1224.658814452691,181.3411855473089
2025,2,1,Tororo,Tororo Municipality,Tororo,0.69,34.18,cereals and tubers,Sorghum,KG,2117.0,2000.0,117.0,0.0585,2105.6666666666665,1966.1666666666667,2147.0,2094.280967923174,52.7190320768259
2025,2,1,Lira,Lira Municipality,Lira,2.23,32.91,pulses and nuts,Beans,KG,3660.0,2120.0,1540.0,0.7264150943396226,3380.0,3929.0,3713.0,3335.5899474259977,377.4100525740023
2025,2,1,Kyegegwa,Kyaka,Kyaka II (refugee settlement),0.36,31.09,miscellaneous food,Salt,KG,1527.0,1467.0,60.0,0.0408997955010225,1520.3333333333333,1288.6666666666667,1506.0,1519.970726008229,-13.970726008228894
2025,2,1,Tororo,Tororo Municipality,Tororo,0.69,34.18,oil and fats,Oil (vegetable),L,8000.0,8000.0,0.0,0.0,8000.0,8000.0,8115.0,8006.210695557434,108.78930444256639
2025,2,1,Nakapiripirit,Pian,Nabilatuk,2.05,34.57,cereals and tubers,Maize flour,KG,2000.0,2000.0,0.0,0.0,2000.0,2000.0,2500.0,2022.545457521722,477.454542478278
2025,2,1,Kamwenge,Kibale,Rwamwanja (refugee settlement),0.31,30.68,cereals and tubers,Maize (white),KG,844.0,852.0,-8.0,-0.0093896713615023,1064.6666666666667,1104.0,1125.0,944.3672969489139,180.63270305108608
2025,2,1,Napak,Bokora,Napak,2.22,34.26,cereals and tubers,Maize flour,KG,2000.0,2000.0,0.0,0.0,2000.0,1911.1666666666667,2000.0,1985.9653162921607,14.03468370783935
2025,2,1,Isingiro,Bukanga,Oruchinga (refugee settlement),-0.94,30.76,cereals and tubers,Sorghum,KG,1000.0,1756.0,-756.0,-0.4305239179954442,1666.3333333333333,1833.1666666666667,1400.0,1457.786175715304,-57.7861757153039
2025,2,1,Nakapiripirit,Pian,Nabilatuk,2.05,34.57,cereals and tubers,Maize (white),KG,1120.0,1183.0,-63.0,-0.0532544378698224,1167.6666666666667,1076.6666666666667,1200.0,1143.4005163997933,56.59948360020667
2025,2,1,Hoima,Bugahya,Hoima,1.43,31.35,cereals and tubers,Sorghum,KG,3000.0,3000.0,0.0,0.0,3000.0,2700.0,3043.0,2863.6954023282883,179.3045976717117
2025,2,1,Koboko,Koboko,Lobule (refugee settlement),3.39,31.03,vegetables and fruits,Leafy vegetables,KG,2222.0,2105.0,117.0,0.0555819477434679,2060.0,1906.3333333333333,2000.0,2257.345452334501,-257.3454523345008
2025,2,1,Masaka,Masaka Municipality,Masaka,-0.35,31.74,cereals and tubers,Maize flour,KG,2303.0,2160.0,143.0,0.0662037037037037,2296.0,2235.5,2336.0,2334.8702492590055,1.1297507409944956
2025,2,1,Isingiro,Bukanga,Oruchinga (refugee settlement),-0.94,30.76,vegetables and fruits,Leafy vegetables,KG,1042.0,2740.0,-1698.0,-0.6197080291970803,1677.3333333333333,1497.3333333333333,2000.0,1323.3120054896792,676.6879945103208
2025,2,1,Hoima,Bugahya,Hoima,1.43,31.35,oil and fats,Oil (vegetable),L,7000.0,7000.0,0.0,0.0,7000.0,7000.0,7101.0,7022.708186584264,78.29181341573621
2025,2,1,Kyegegwa,Kyaka,Kyaka II (refugee settlement),0.36,31.09,milk and dairy,Milk (fresh),L,1467.0,1733.0,-266.0,-0.1534910559723023,1566.6666666666667,1414.0,1035.0,1575.6339427596135,-540.6339427596135
2025,2,1,Arua,Terego,Rhino Camp (refugee settlement),3.17,31.31,cereals and tubers,Millet flour,KG,4539.0,4429.0,110.0,0.0248363061639196,4383.0,4182.166666666667,3730.0,4378.232011846124,-648.2320118461239
2025,2,1,Mukono,Mukono,Mukono,0.36,32.75,cereals and tubers,Maize flour,KG,2500.0,2300.0,200.0,0.0869565217391304,2408.333333333333,2460.0,2536.0,2465.510693467822,70.48930653217803
2025,2,1,Gulu,Gulu Municipality,Gulu,2.77,32.31,pulses and nuts,Beans,KG,3790.0,3369.0,421.0,0.1249628970020777,3719.6666666666665,4245.833333333333,3844.0,4182.869173814217,-338.869173814217
2025,2,1,Kasese,Busongora,Kasese,0.17,30.07,oil and fats,Oil (vegetable),L,7633.0,7700.0,-67.0,-0.0087012987012987,7677.666666666667,7718.0,7743.0,7488.969376870572,254.03062312942802
2025,2,1,Napak,Bokora,Napak,2.22,34.26,cereals and tubers,Maize (white),KG,1200.0,1267.0,-67.0,-0.0528808208366219,1255.6666666666667,1201.1666666666667,1220.0,1197.3902312549837,22.609768745016254
2025,2,1,Wakiso,Busiro,Wakiso,0.4,32.48,cereals and tubers,Maize flour,KG,2500.0,2100.0,400.0,0.1904761904761904,2283.333333333333,2203.333333333333,2536.0,2483.103464010356,52.89653598964378
2025,2,1,Kaabong,Dodoth,Karenga,3.57,33.7,cereals and tubers,Maize flour,KG,2000.0,2000.0,0.0,0.0,2009.6666666666667,2109.0,2364.0,1992.8795416054481,371.12045839455186
2025,2,1,Kabarole,Fort Portal Municipality,Fort Portal,0.66,30.28,oil and fats,Oil (vegetable),L,7507.0,8522.0,-1015.0,-0.1191034968317296,7676.333333333333,7338.166666666667,7615.0,7418.682881744872,196.31711825512775
2025,2,1,Isingiro,Bukanga,Nakivale (refugee settlement),-0.78,30.96,cereals and tubers,Sorghum,KG,1471.0,1755.0,-284.0,-0.1618233618233618,1665.3333333333333,1832.6666666666667,1468.0,1717.7817613447844,-249.7817613447844
2025,2,1,Masaka,Masaka Municipality,Masaka,-0.35,31.74,cereals and tubers,Maize (white),KG,1155.0,1040.0,115.0,0.110576923076923,1140.0,1103.3333333333333,1172.0,1219.4049546266353,-47.404954626635345
2025,2,1,Kasese,Busongora,Kasese,0.17,30.07,cereals and tubers,Sorghum,KG,2180.0,2240.0,-60.0,-0.0267857142857142,2140.0,2307.5,2211.0,2130.3570576595225,80.64294234047748
2025,2,1,Moyo,Obongi,Palorinya (refugee settlement),3.47,31.63,milk and dairy,Milk (fresh),L,2000.0,2000.0,0.0,0.0,1909.0,1834.1666666666667,2000.0,1936.0719570759768,63.9280429240232
2025,2,1,Arua,Arua Municipality,Arua,3.02,30.91,oil and fats,Oil (vegetable),L,7000.0,7000.0,0.0,0.0,7000.0,6750.0,7101.0,7002.941792141489,98.0582078585112
2025,2,1,Moroto,Moroto Municipality,Moroto,2.53,34.65,oil and fats,Oil (vegetable),L,7160.0,7000.0,160.0,0.0228571428571428,7053.333333333333,7026.666666666667,7500.0,7101.421617759659,398.57838224034094
2025,2,1,Kyegegwa,Kyaka,Kyaka II (refugee settlement),0.36,31.09,oil and fats,Oil (vegetable),L,7909.0,7922.0,-13.0,-0.0016409997475385,8268.666666666666,7634.333333333333,7882.0,8045.130228820152,-163.1302288201523
2025,2,1,Gulu,Gulu Municipality,Gulu,2.77,32.31,cereals and tubers,Millet,KG,2460.0,2381.0,79.0,0.0331793364132717,2447.0,2473.5,2496.0,2494.8096686070717,1.1903313929283286
2025,2,1,Arua,Terego,Imvepi (refugee settlement),3.23,31.28,cereals and tubers,Sorghum,KG,868.0,1147.0,-279.0,-0.2432432432432432,1005.0,1229.6666666666667,1233.0,1017.6591976584655,215.34080234153453
2025,2,1,Hoima,Buhaguzi,Kyangwali (refugee settlement),1.16,30.75,miscellaneous food,Salt,KG,1804.0,1700.0,104.0,0.0611764705882353,1801.3333333333333,1887.8333333333333,1826.0,1796.806906332322,29.193093667678113
2025,2,1,Kween,Kween,Kapchorwa,1.38,34.52,cereals and tubers,Sorghum,KG,3000.0,3000.0,0.0,0.0,3000.0,3000.0,3043.0,2705.8073743368113,337.19262566318866
2025,2,1,Amudat,Upe,Karita,1.54,34.83,pulses and nuts,Beans,KG,4000.0,4833.0,-833.0,-0.1723567142561556,4527.666666666667,4397.166666666667,4250.0,4056.2466543795845,193.75334562041553
2025,2,1,Arua,Terego,Imvepi (refugee settlement),3.23,31.28,pulses and nuts,Beans,KG,4208.0,4433.0,-225.0,-0.0507556959169862,4047.0,3964.1666666666665,4538.0,4295.58525771595,242.41474228404968
2025,2,1,Jinja,Jinja Municipality,Jinja,0.42,33.2,pulses and nuts,Beans,KG,5000.0,4833.0,167.0,0.0345541071798055,4777.666666666667,4763.833333333333,5072.0,4961.077455536694,110.92254446330571
2025,2,1,Arua,Terego,Rhino Camp (refugee settlement),3.17,31.31,milk and dairy,Milk (fresh),L,2000.0,2000.0,0.0,0.0,2000.0,2000.0,1260.0,1971.6300326504975,-711.6300326504975
2025,2,1,Isingiro,Bukanga,Oruchinga (refugee settlement),-0.94,30.76,miscellaneous food,Salt,KG,1600.0,1599.0,1.0,0.0006253908692933,1568.6666666666667,1503.3333333333333,1533.0,1648.3627312235442,-115.36273122354419
2025,2,1,Kween,Kween,Kapchorwa,1.38,34.52,oil and fats,Oil (vegetable),L,7042.0,7000.0,42.0,0.006,7055.666666666667,7027.833333333333,7143.0,7052.31600046984,90.68399953015978
2025,2,1,Adjumani,Adjumani,Adjumani (refugee settlement),3.34,31.78,cereals and tubers,Maize (white),KG,1630.0,1657.0,-27.0,-0.016294508147254,1595.6666666666667,1443.3333333333333,1629.0,1713.9141726761254,-84.91417267612542
2025,2,1,Yumbe,Aringa,Bidibidi (refugee settlement),3.36,31.35,miscellaneous food,Salt,KG,1816.0,2016.0,-200.0,-0.0992063492063492,1879.6666666666667,1820.0,1655.0,1832.877120080884,-177.87712008088397
2025,2,1,Adjumani,Adjumani,Adjumani (refugee settlement),3.34,31.78,cereals and tubers,Sorghum,KG,1226.0,1393.0,-167.0,-0.1198851399856425,1447.0,1498.8333333333333,1281.0,1202.8624998002183,78.1375001997817
2025,2,1,Kiryandongo,Kibanda,Kiryandongo (refugee settlement),1.94,32.21,cereals and tubers,Maize flour,KG,2064.0,2208.0,-144.0,-0.0652173913043478,2182.333333333333,2111.5,2413.0,2074.425586480764,338.5744135192358
2025,2,1,Koboko,Koboko,Lobule (refugee settlement),3.39,31.03,cereals and tubers,Sorghum,KG,1057.0,2038.0,-981.0,-0.4813542688910697,1519.3333333333333,1477.1666666666667,1197.0,1256.500196398065,-59.5001963980651
2025,2,1,Nakapiripirit,Kadani,Namalu,1.79,34.6,pulses and nuts,Beans,KG,3500.0,4067.0,-567.0,-0.1394148020654044,3755.6666666666665,3180.6666666666665,4083.0,3459.0342874874596,623.9657125125404
2025,2,1,Adjumani,Adjumani,Adjumani (refugee settlement),3.34,31.78,cereals and tubers,Cassava (fresh),KG,684.0,608.0,76.0,0.125,587.0,564.3333333333334,446.0,697.2181834427116,-251.21818344271162
2025,2,1,Koboko,Koboko,Lobule (refugee settlement),3.39,31.03,cereals and tubers,Maize flour,KG,3086.0,2172.0,914.0,0.4208103130755064,2752.6666666666665,2876.333333333333,2967.0,2858.284839601832,108.71516039816788
2025,2,1,Busia,Samia-bugwe,Busia,0.47,34.09,oil and fats,Oil (vegetable),L,7175.0,7900.0,-725.0,-0.0917721518987341,7400.0,6941.666666666667,7278.0,7548.010480616606,-270.0104806166064
2025,2,1,Nakapiripirit,Pian,Nabilatuk,2.05,34.57,pulses and nuts,Beans,KG,3500.0,3800.0,-300.0,-0.0789473684210526,3750.0,3427.1666666666665,3600.0,3571.9519146671464,28.04808533285359
2025,2,1,Lira,Lira Municipality,Lira,2.23,32.91,cereals and tubers,Millet,KG,2306.0,1708.0,598.0,0.3501170960187353,2191.333333333333,2370.6666666666665,2339.0,2328.5650331094703,10.434966890529722
2025,2,1,Kyegegwa,Kyaka,Kyaka II (refugee settlement),0.36,31.09,vegetables and fruits,Leafy vegetables,KG,1923.0,2000.0,-77.0,-0.0385,1974.3333333333333,1676.6666666666667,1613.0,1806.1046014068422,-193.10460140684222
2025,2,1,Masindi,Buruli M,Masindi,1.69,31.71,oil and fats,Oil (vegetable),L,8000.0,6985.0,1015.0,0.1453113815318539,7328.333333333333,7205.833333333333,7800.0,7503.902129367221,296.0978706327787
2025,2,1,Moroto,Moroto Municipality,Moroto,2.53,34.65,cereals and tubers,Sorghum,KG,1200.0,1267.0,-67.0,-0.0528808208366219,1239.0,1164.0,1220.0,1166.0598225638876,53.940177436112435
2025,2,1,Kabarole,Fort Portal Municipality,Fort Portal,0.66,30.28,cereals and tubers,Sorghum,KG,3000.0,3000.0,0.0,0.0,3000.0,3000.0,3043.0,3004.237189382807,38.76281061719283
2025,2,1,Arua,Terego,Imvepi (refugee settlement),3.23,31.28,cereals and tubers,Millet flour,KG,3545.0,4100.0,-555.0,-0.1353658536585366,3548.333333333333,3475.5,3608.0,3775.807733721753,-167.8077337217528
2025,2,1,Hoima,Buhaguzi,Kyangwali (refugee settlement),1.16,30.75,cereals and tubers,Maize flour,KG,2010.0,2917.0,-907.0,-0.3109358930407953,2401.6666666666665,2700.833333333333,2109.0,2325.4582732105846,-216.4582732105846
2025,2,1,Moyo,Obongi,Palorinya (refugee settlement),3.47,31.63,oil and fats,Oil (vegetable),L,7250.0,8786.0,-1536.0,-0.1748235829729114,7734.333333333333,7174.5,7667.0,7381.518234432234,285.48176556776616
2025,2,1,Iganga,Kigulu,Iganga,0.61,33.47,oil and fats,Oil (vegetable),L,8500.0,8500.0,0.0,0.0,8333.333333333334,8204.166666666666,8622.0,8558.468546067375,63.53145393262457
2025,2,1,Kotido,Jie,Kotido,3.0,34.11,pulses and nuts,Beans,KG,3500.0,3500.0,0.0,0.0,3500.0,3375.0,4000.0,3542.5764527381607,457.4235472618393
2025,2,1,Isingiro,Bukanga,Nakivale (refugee settlement),-0.78,30.96,vegetables and fruits,Leafy vegetables,KG,2173.0,1244.0,929.0,0.7467845659163987,1472.3333333333333,1477.3333333333333,1880.0,1731.7387175213676,148.26128247863244
2025,2,1,Koboko,Koboko,Lobule (refugee settlement),3.39,31.03,milk and dairy,Milk (fresh),L,1333.0,1457.0,-124.0,-0.0851063829787234,1557.0,1674.8333333333333,1000.0,1514.8926972250408,-514.8926972250408
2025,2,1,Koboko,Koboko,Lobule (refugee settlement),3.39,31.03,miscellaneous food,Salt,KG,1810.0,1565.0,245.0,0.1565495207667731,1591.0,1466.3333333333333,1620.0,1702.185209691397,-82.18520969139695
2025,2,1,Isingiro,Bukanga,Oruchinga (refugee settlement),-0.94,30.76,cereals and tubers,Maize (white),KG,1000.0,1291.0,-291.0,-0.225406661502711,1282.3333333333333,1099.5,1333.0,1079.5093712831188,253.49062871688125
2025,2,1,Arua,Terego,Rhino Camp (refugee settlement),3.17,31.31,cereals and tubers,Sorghum,KG,1756.0,1500.0,256.0,0.1706666666666666,1805.0,1994.5,1656.0,1864.6266504295097,-208.6266504295097
2025,2,1,Isingiro,Bukanga,Nakivale (refugee settlement),-0.78,30.96,cereals and tubers,Maize flour,KG,2243.0,2680.0,-437.0,-0.1630597014925373,2288.0,2160.6666666666665,2024.0,2131.2101542311666,-107.2101542311666
2025,2,1,Moyo,Obongi,Palorinya (refugee settlement),3.47,31.63,miscellaneous food,Salt,KG,2000.0,2000.0,0.0,0.0,2000.0,1936.0,1896.0,2136.3295086385338,-240.32950863853375
2025,2,1,Kampala,Central Kampala,Owino,0.32,32.57,cereals and tubers,Sorghum,KG,4000.0,3833.0,167.0,0.0435690060005217,3694.3333333333335,3443.0,4058.0,3883.6755427069957,174.32445729300434
2025,2,1,Lamwo,Lamwo,Palabek (refugee settlement),3.34,32.47,oil and fats,Oil (vegetable),L,8500.0,7500.0,1000.0,0.1333333333333333,8190.333333333333,8261.833333333334,8063.0,7890.136494252873,172.86350574712742
2025,2,1,Jinja,Jinja Municipality,Jinja,0.42,33.2,cereals and tubers,Millet,KG,3000.0,3000.0,0.0,0.0,2983.333333333333,2853.333333333333,3043.0,2986.1495727237575,56.8504272762425
2025,2,1,Kaabong,Dodoth,Kaabong,3.54,34.12,pulses and nuts,Beans,KG,4625.0,4200.0,425.0,0.1011904761904761,4400.0,4237.5,4500.0,4382.316937369986,117.68306263001432
2025,2,1,Yumbe,Aringa,Bidibidi (refugee settlement),3.36,31.35,milk and dairy,Milk (fresh),L,1667.0,2350.0,-683.0,-0.2906382978723404,1924.0,1843.1666666666667,1025.0,1814.4613657857988,-789.4613657857988
2025,2,1,Jinja,Jinja Municipality,Jinja,0.42,33.2,oil and fats,Oil (vegetable),L,7500.0,7500.0,0.0,0.0,7583.333333333333,7666.666666666667,7608.0,7574.815729546723,33.18427045327735
2025,2,1,Koboko,Koboko,Lobule (refugee settlement),3.39,31.03,cereals and tubers,Maize (white),KG,1220.0,1230.0,-10.0,-0.008130081300813,1262.3333333333333,1227.6666666666667,1470.0,1240.3143223089205,229.6856776910795
2025,2,1,Isingiro,Bukanga,Nakivale (refugee settlement),-0.78,30.96,cereals and tubers,Millet flour,KG,4167.0,3950.0,217.0,0.0549367088607594,3928.0,3894.5,3759.0,3937.619688650474,-178.61968865047402
2025,2,1,Arua,Arua Municipality,Arua,3.02,30.91,cereals and tubers,Sorghum,KG,1733.0,1500.0,233.0,0.1553333333333333,1711.0,1822.1666666666667,1758.0,1864.9675195934387,-106.96751959343874
2025,2,1,Kween,Kween,Kapchorwa,1.38,34.52,cereals and tubers,Millet,KG,1967.0,1800.0,167.0,0.0927777777777777,1855.6666666666667,2327.833333333333,1995.0,2210.813558204152,-215.81355820415183
2025,2,1,Masaka,Masaka Municipality,Masaka,-0.35,31.74,pulses and nuts,Beans,KG,4503.0,4450.0,53.0,0.0119101123595505,4484.333333333333,4482.833333333333,4710.0,4488.572950503565,221.42704949643485
2025,2,1,Isingiro,Bukanga,Oruchinga (refugee settlement),-0.94,30.76,cereals and tubers,Maize flour,KG,2000.0,1962.0,38.0,0.019367991845056,1989.3333333333333,1994.6666666666667,2117.0,1980.4548396484606,136.54516035153938
2025,2,1,Kamwenge,Kibale,Rwamwanja (refugee settlement),0.31,30.68,cereals and tubers,Maize flour,KG,2722.0,2963.0,-241.0,-0.0813364832939588,2878.0,2939.0,2817.0,2589.863585605576,227.1364143944238
2025,2,1,Lira,Lira Municipality,Lira,2.23,32.91,cereals and tubers,Cassava flour,KG,2742.0,1525.0,1217.0,0.7980327868852459,2489.0,2827.833333333333,2781.0,2596.933675763286,184.06632423671408
2025,2,1,Kabarole,Fort Portal Municipality,Fort Portal,0.66,30.28,cereals and tubers,Maize flour,KG,2815.0,3394.0,-579.0,-0.1705951679434295,2944.6666666666665,2693.1666666666665,2855.0,2878.685255828268,-23.685255828268055
2025,2,1,Mukono,Mukono,Mukono,0.36,32.75,cereals and tubers,Millet,KG,3800.0,3800.0,0.0,0.0,3791.6666666666665,3795.0,3855.0,3787.7772712357378,67.22272876426223
2025,2,1,Mbale,Mbale Municipality,Mbale,1.07,34.18,cereals and tubers,Sorghum,KG,1500.0,1500.0,0.0,0.0,1500.0,1520.8333333333333,1522.0,1564.126692031094,-42.12669203109408
2025,2,1,Adjumani,Adjumani,Adjumani (refugee settlement),3.34,31.78,miscellaneous food,Salt,KG,2000.0,1960.0,40.0,0.0204081632653061,1960.0,1859.3333333333333,2000.0,1885.9019431181566,114.09805688184338
2025,2,1,Isingiro,Bukanga,Oruchinga (refugee settlement),-0.94,30.76,"meat, fish and eggs",Fish (dry),KG,25416.0,23241.0,2175.0,0.093584613398735,24999.0,25446.0,5000.0,26498.615208333336,-21498.615208333336
2025,2,1,Gulu,Gulu Municipality,Gulu,2.77,32.31,cereals and tubers,Maize flour,KG,2671.0,2014.0,657.0,0.3262164846077457,2561.6666666666665,2700.333333333333,2710.0,2838.7844891411737,-128.7844891411737
2025,2,1,Napak,Bokora,Napak,2.22,34.26,oil and fats,Oil (vegetable),L,7000.0,7000.0,0.0,0.0,7000.0,7000.0,7500.0,7020.52731884559,479.47268115440966
2025,2,1,Mbarara,Mbarara Municipality,Mbarara,-0.61,30.65,cereals and tubers,Sorghum,KG,2500.0,2500.0,0.0,0.0,2500.0,2500.0,2536.0,2484.2189393951503,51.7810606048497
2025,2,1,Kiryandongo,Kibanda,Kiryandongo (refugee settlement),1.94,32.21,cereals and tubers,Cassava (fresh),KG,641.0,878.0,-237.0,-0.2699316628701594,792.3333333333334,806.3333333333334,1161.0,729.9564433265269,431.04355667347306
2025,2,1,Lamwo,Lamwo,Palabek (refugee settlement),3.34,32.47,cereals and tubers,Millet flour,KG,2963.0,4260.0,-1297.0,-0.3044600938967136,3630.0,3561.5,4375.0,3060.2654733955774,1314.7345266044226
2025,2,1,Jinja,Jinja Municipality,Jinja,0.42,33.2,cereals and tubers,Maize flour,KG,2500.0,2167.0,333.0,0.1536686663590216,2239.0,2175.0,2280.0,2452.6453991173403,-172.64539911734028
2025,2,1,Kaabong,Dodoth,Karenga,3.57,33.7,oil and fats,Oil (vegetable),L,7000.0,7000.0,0.0,0.0,7047.666666666667,7060.666666666667,7682.0,7031.007238343068,650.9927616569321
2025,2,1,Kotido,Jie,Kotido,3.0,34.11,cereals and tubers,Maize (white),KG,1000.0,1000.0,0.0,0.0,1016.6666666666666,896.6666666666666,1067.0,1052.017150553864,14.982849446136015
2025,2,1,Wakiso,Busiro,Wakiso,0.4,32.48,cereals and tubers,Millet,KG,4000.0,3833.0,167.0,0.0435690060005217,3777.6666666666665,3638.8333333333335,4058.0,3763.3020462938484,294.69795370615157
2025,2,1,Iganga,Kigulu,Iganga,0.61,33.47,cereals and tubers,Maize flour,KG,2200.0,2000.0,200.0,0.1,2208.333333333333,2177.5,2232.0,2193.2277652964326,38.77223470356739
2025,2,1,Kampala,Central Kampala,Owino,0.32,32.57,cereals and tubers,Maize flour,KG,2500.0,2000.0,500.0,0.25,2166.6666666666665,2058.333333333333,2536.0,2518.0553538969266,17.94464610307341
2025,2,1,Kaabong,Dodoth,Karenga,3.57,33.7,cereals and tubers,Cassava flour,KG,2500.0,2333.0,167.0,0.0715816545220745,2396.6666666666665,2448.333333333333,1591.0,2477.8185209053217,-886.8185209053217
2025,2,1,Masaka,Masaka Municipality,Masaka,-0.35,31.74,cereals and tubers,Millet,KG,4185.0,4080.0,105.0,0.025735294117647,4171.666666666667,4155.833333333333,4245.0,4100.090661162537,144.9093388374631
2025,2,1,Moyo,Obongi,Palorinya (refugee settlement),3.47,31.63,pulses and nuts,Beans,KG,3536.0,3929.0,-393.0,-0.1000254517688979,3599.333333333333,3760.6666666666665,3880.0,3587.3230724713276,292.6769275286724
2025,2,1,Amudat,Upe,Karita,1.54,34.83,cereals and tubers,Maize (white),KG,1220.0,1308.0,-88.0,-0.0672782874617737,1259.3333333333333,1251.8333333333333,1350.0,1182.0056006954176,167.99439930458243
2025,2,1,Arua,Terego,Imvepi (refugee settlement),3.23,31.28,vegetables and fruits,Leafy vegetables,KG,2159.0,2857.0,-698.0,-0.2443122156107805,2585.0,2538.833333333333,2618.0,2295.426610676349,322.5733893236511
2025,2,1,Hoima,Bugahya,Hoima,1.43,31.35,cereals and tubers,Maize (white),KG,1000.0,1000.0,0.0,0.0,1000.0,1000.0,1014.0,1037.0088470390326,-23.008847039032617
2025,2,1,Napak,Bokora,Napak,2.22,34.26,cereals and tubers,Cassava flour,KG,2250.0,2000.0,250.0,0.125,2083.333333333333,2004.5,2100.0,2263.7545497426227,-163.75454974262266
2025,2,1,Kamwenge,Kibale,Rwamwanja (refugee settlement),0.31,30.68,"meat, fish and eggs",Fish (dry),KG,29405.0,33333.0,-3928.0,-0.1178411784117841,30022.0,28518.5,29167.0,27436.88,1730.119999999999
2025,2,1,Kaabong,Dodoth,Kaabong,3.54,34.12,cereals and tubers,Maize (white),KG,1337.5,1310.0,27.5,0.0209923664122137,1324.1666666666667,1180.9166666666667,1538.0,1357.9547962675022,180.04520373249784
2025,2,1,Isingiro,Bukanga,Oruchinga (refugee settlement),-0.94,30.76,pulses and nuts,Beans,KG,2200.0,2462.0,-262.0,-0.1064175467099918,2306.333333333333,2603.1666666666665,2375.0,2211.3664534219556,163.6335465780444
2025,2,1,Nakapiripirit,Pian,Nabilatuk,2.05,34.57,oil and fats,Oil (vegetable),L,7500.0,7000.0,500.0,0.0714285714285714,7166.666666666667,7083.333333333333,7500.0,7660.804387013718,-160.80438701371804
2025,2,1,Kabarole,Fort Portal Municipality,Fort Portal,0.66,30.28,cereals and tubers,Millet,KG,3000.0,3000.0,0.0,0.0,3000.0,3000.0,3043.0,3015.4470835311618,27.552916468838248
2025,2,1,Kaabong,Dodoth,Kaabong,3.54,34.12,cereals and tubers,Maize flour,KG,2500.0,2260.0,240.0,0.1061946902654867,2286.6666666666665,2176.6666666666665,2500.0,2431.401741208559,68.59825879144091
2025,2,1,Kasese,Busongora,Kasese,0.17,30.07,cereals and tubers,Millet,KG,3145.0,3116.0,29.0,0.0093068035943517,3193.6666666666665,3096.833333333333,3191.0,3170.0799375234164,20.920062476583553
2025,2,1,Adjumani,Adjumani,Adjumani (refugee settlement),3.34,31.78,oil and fats,Oil (vegetable),L,7848.0,7652.0,196.0,0.025614218504966,7833.333333333333,7544.5,7929.0,7535.580891812488,393.4191081875124
2025,2,1,Lira,Lira Municipality,Lira,2.23,32.91,cereals and tubers,Maize (white),KG,927.0,890.0,37.0,0.0415730337078651,902.3333333333334,876.1666666666666,940.0,920.9760715032602,19.023928496739813
2025,2,1,Kyegegwa,Kyaka,Kyaka II (refugee settlement),0.36,31.09,cereals and tubers,Millet flour,KG,3977.0,4225.0,-248.0,-0.058698224852071,4220.0,4110.0,4048.0,4013.7433760388067,34.25662396119333
2025,2,1,Mbarara,Mbarara Municipality,Mbarara,-0.61,30.65,cereals and tubers,Maize (white),KG,1500.0,1500.0,0.0,0.0,1500.0,1500.0,1522.0,1477.1799597202566,44.82004027974335
2025,2,1,Isingiro,Bukanga,Nakivale (refugee settlement),-0.78,30.96,pulses and nuts,Beans,KG,2600.0,2438.0,162.0,0.0664479081214109,2549.333333333333,2774.6666666666665,2752.0,2682.7480191422032,69.25198085779675
2025,2,1,Kotido,Jie,Kotido,3.0,34.11,cereals and tubers,Maize flour,KG,2200.0,2360.0,-160.0,-0.0677966101694915,2253.333333333333,2081.6666666666665,2250.0,2183.1763037662545,66.82369623374552
2025,2,1,Wakiso,Busiro,Wakiso,0.4,32.48,oil and fats,Oil (vegetable),L,7500.0,7500.0,0.0,0.0,7483.333333333333,7298.333333333333,7608.0,7476.816894958178,131.18310504182227
2025,2,1,Kabarole,Fort Portal Municipality,Fort Portal,0.66,30.28,cereals and tubers,Maize (white),KG,1251.0,1452.0,-201.0,-0.1384297520661157,1267.6666666666667,1155.5,1269.0,1259.4008763164138,9.599123683586186
2025,2,1,Isingiro,Bukanga,Nakivale (refugee settlement),-0.78,30.96,"meat, fish and eggs",Fish (dry),KG,14643.0,16129.0,-1486.0,-0.0921321842643685,18590.666666666668,20499.0,18955.0,21432.77,-2477.7700000000004
2025,2,1,Abim,Labwor,Makaratin,2.71,33.64,cereals and tubers,Maize flour,KG,2090.0,2150.0,-60.0,-0.027906976744186,2120.0,2013.3333333333333,2188.0,2090.423474859791,97.57652514020901
2025,2,1,Mukono,Mukono,Mukono,0.36,32.75,oil and fats,Oil (vegetable),L,7500.0,7500.0,0.0,0.0,7500.0,7500.0,7608.0,7522.082176124714,85.91782387528565
2025,2,1,Kabarole,Fort Portal Municipality,Fort Portal,0.66,30.28,pulses and nuts,Beans,KG,4485.0,4454.0,31.0,0.006960035922766,4479.666666666667,4489.833333333333,4549.0,4489.280591704317,59.719408295683024
2025,2,1,Tororo,Tororo Municipality,Tororo,0.69,34.18,cereals and tubers,Millet,KG,3267.0,3200.0,67.0,0.0209375,3247.333333333333,3211.1666666666665,3314.0,3466.695923773197,-152.69592377319714
2025,2,1,Soroti,Soroti Municipality,Soroti,1.71,33.62,cereals and tubers,Sorghum,KG,1160.0,1267.0,-107.0,-0.0844514601420678,1242.3333333333333,1135.0,1140.0,1135.4149831096745,4.585016890325505
2025,2,1,Mbarara,Mbarara Municipality,Mbarara,-0.61,30.65,cereals and tubers,Maize flour,KG,2500.0,2500.0,0.0,0.0,2500.0,2500.0,2536.0,2480.9640807785563,55.03591922144369
2025,2,1,Hoima,Bugahya,Hoima,1.43,31.35,cereals and tubers,Millet,KG,3000.0,3000.0,0.0,0.0,3000.0,2965.0,3043.0,2956.1501878670547,86.84981213294532
2025,2,1,Masaka,Masaka Municipality,Masaka,-0.35,31.74,oil and fats,Oil (vegetable),L,8167.0,8000.0,167.0,0.020875,8222.333333333334,8111.166666666667,8284.0,8469.08435355295,-185.08435355294932
2025,2,1,Kamwenge,Kibale,Rwamwanja (refugee settlement),0.31,30.68,cereals and tubers,Cassava (fresh),KG,701.0,773.0,-72.0,-0.093143596377749,762.3333333333334,646.6666666666666,464.0,732.385872721221,-268.38587272122095
2025,2,1,Abim,Labwor,Makaratin,2.71,33.64,cereals and tubers,Maize (white),KG,950.0,1000.0,-50.0,-0.05,983.3333333333334,900.0,1100.0,950.6172878156383,149.3827121843617
2025,2,1,Lira,Lira Municipality,Lira,2.23,32.91,cereals and tubers,Maize flour,KG,1872.0,1935.0,-63.0,-0.0325581395348837,1862.3333333333333,1781.1666666666667,1899.0,1834.9037595944087,64.09624040559129
2025,2,1,Yumbe,Aringa,Bidibidi (refugee settlement),3.36,31.35,pulses and nuts,Beans,KG,4697.0,5038.0,-341.0,-0.0676855895196506,4678.333333333333,4508.0,4383.0,4634.200036559979,-251.2000365599788
2025,2,1,Masaka,Masaka Municipality,Masaka,-0.35,31.74,cereals and tubers,Cassava flour,KG,1622.0,1540.0,82.0,0.0532467532467532,1587.3333333333333,1610.3333333333333,1645.0,1660.5326283727618,-15.532628372761792
2025,2,1,Mukono,Mukono,Mukono,0.36,32.75,cereals and tubers,Cassava flour,KG,2000.0,1900.0,100.0,0.0526315789473684,1975.0,2016.1666666666667,2029.0,1955.9031074653376,73.0968925346624
2025,2,1,Wakiso,Busiro,Wakiso,0.4,32.48,cereals and tubers,Cassava flour,KG,1500.0,1400.0,100.0,0.0714285714285714,1466.6666666666667,1485.1666666666667,1569.0,1442.9337640610506,126.06623593894938
2025,2,1,Tororo,Tororo Municipality,Tororo,0.69,34.18,cereals and tubers,Maize (white),KG,1226.0,1140.0,86.0,0.075438596491228,1180.3333333333333,1150.6666666666667,1244.0,1203.011160527797,40.988839472202926
2025,2,1,Mbale,Mbale Municipality,Mbale,1.07,34.18,cereals and tubers,Cassava flour,KG,1500.0,1500.0,0.0,0.0,1500.0,1504.1666666666667,1522.0,1559.1959981478979,-37.19599814789785
2025,2,1,Adjumani,Adjumani,Adjumani (refugee settlement),3.34,31.78,vegetables and fruits,Leafy vegetables,KG,1729.0,1852.0,-123.0,-0.066414686825054,1910.6666666666667,2000.6666666666667,1672.0,1827.146627226228,-155.14662722622802
2025,2,1,Kyegegwa,Kyaka,Kyaka II (refugee settlement),0.36,31.09,pulses and nuts,Beans,KG,2650.0,2147.0,503.0,0.2342803912435957,2248.0,2239.333333333333,2971.0,2691.537535427313,279.46246457268717
2025,2,1,Arua,Arua Municipality,Arua,3.02,30.91,cereals and tubers,Maize (white),KG,1500.0,1000.0,500.0,0.5,1133.3333333333333,1116.6666666666667,1522.0,1452.6230559092176,69.37694409078244
2025,2,1,Koboko,Koboko,Lobule (refugee settlement),3.39,31.03,"meat, fish and eggs",Fish (dry),KG,33333.0,28346.0,4987.0,0.1759331122556974,27090.0,23700.33333333333,11111.0,22608.47,-11497.470000000001
2025,2,1,Moyo,Obongi,Palorinya (refugee settlement),3.47,31.63,"meat, fish and eggs",Fish (dry),KG,19408.0,20000.0,-592.0,-0.0296,16961.333333333332,14226.333333333334,7143.0,18993.98,-11850.98
2025,2,1,Busia,Samia-bugwe,Busia,0.47,34.09,cereals and tubers,Maize (white),KG,1115.0,1070.0,45.0,0.0420560747663551,1095.0,1073.0,1131.0,1119.6734296927302,11.326570307269776
2025,2,1,Kaabong,Dodoth,Kaabong,3.54,34.12,cereals and tubers,Sorghum,KG,987.5,1100.0,-112.5,-0.1022727272727272,1137.5,1049.5833333333333,1225.0,1053.8448822749858,171.15511772501418
2025,2,1,Kween,Kween,Kapchorwa,1.38,34.52,cereals and tubers,Cassava flour,KG,1200.0,1200.0,0.0,0.0,1200.0,1220.6666666666667,1217.0,1207.4198842419512,9.580115758048805
2025,2,1,Masindi,Buruli M,Masindi,1.69,31.71,cereals and tubers,Maize (white),KG,1264.0,1191.0,73.0,0.0612930310663308,1251.6666666666667,1175.8333333333333,1250.0,1191.3290454932267,58.67095450677334
2025,2,1,Kotido,Jie,Kotido,3.0,34.11,cereals and tubers,Cassava flour,KG,1500.0,1800.0,-300.0,-0.1666666666666666,1683.3333333333333,1820.8333333333333,1500.0,1717.4109188780694,-217.41091887806942
2025,2,1,Yumbe,Aringa,Bidibidi (refugee settlement),3.36,31.35,cereals and tubers,Millet flour,KG,4203.0,2892.0,1311.0,0.4533195020746888,3899.6666666666665,4334.0,3758.0,4314.160472972147,-556.1604729721466
2025,2,1,Abim,Labwor,Makaratin,2.71,33.64,cereals and tubers,Cassava flour,KG,500.0,500.0,0.0,0.0,500.0,560.0,500.0,650.8130108437537,-150.81301084375366
2025,2,1,Gulu,Gulu Municipality,Gulu,2.77,32.31,cereals and tubers,Cassava flour,KG,3973.0,2920.0,1053.0,0.3606164383561643,3797.6666666666665,3996.0,4031.0,4018.0796298754194,12.920370124580586
2025,2,1,Moyo,Obongi,Palorinya (refugee settlement),3.47,31.63,vegetables and fruits,Leafy vegetables,KG,2361.0,1351.0,1010.0,0.7475943745373798,1964.3333333333333,1984.0,1250.0,2229.91449113609,-979.91449113609
2025,2,1,Lamwo,Lamwo,Palabek (refugee settlement),3.34,32.47,"meat, fish and eggs",Fish (dry),KG,22372.0,26340.0,-3968.0,-0.1506454062262718,23163.0,21736.5,40701.0,22796.2,17904.8
2025,2,1,Koboko,Koboko,Lobule (refugee settlement),3.39,31.03,pulses and nuts,Beans,KG,4362.0,2077.0,2285.0,1.1001444390948485,3338.0,3544.333333333333,4103.0,3406.95,696.0500000000002
2025,2,1,Kiryandongo,Kibanda,Kiryandongo (refugee settlement),1.94,32.21,pulses and nuts,Beans,KG,3818.0,3274.0,544.0,0.1661576053756872,3260.0,3702.3333333333335,3813.0,4052.0919746627997,-239.09197466279966
2025,2,1,Moroto,Moroto Municipality,Moroto,2.53,34.65,cereals and tubers,Maize (white),KG,1260.0,1283.0,-23.0,-0.0179267342166796,1272.6666666666667,1206.3333333333333,1240.0,1287.9384646906651,-47.938464690665114
2025,2,1,Kotido,Jie,Kotido,3.0,34.11,cereals and tubers,Sorghum,KG,1000.0,1000.0,0.0,0.0,1000.0,928.3333333333334,1120.0,1067.2535795944066,52.746420405593426
2025,2,1,Mbarara,Mbarara Municipality,Mbarara,-0.61,30.65,cereals and tubers,Cassava flour,KG,2208.0,2500.0,-292.0,-0.1168,2236.0,2305.5,2240.0,2202.5911637460067,37.408836253993286
2025,2,1,Kyegegwa,Kyaka,Kyaka II (refugee settlement),0.36,31.09,"meat, fish and eggs",Fish (dry),KG,22917.0,31896.0,-8979.0,-0.2815086531226486,28903.0,30562.0,36000.0,28196.52,7803.48
2025,2,1,Moyo,Obongi,Palorinya (refugee settlement),3.47,31.63,cereals and tubers,Cassava (fresh),KG,474.0,555.0,-81.0,-0.1459459459459459,528.0,550.0,417.0,537.0070508067231,-120.0070508067231
2025,2,1,Kyegegwa,Kyaka,Kyaka II (refugee settlement),0.36,31.09,cereals and tubers,Cassava (fresh),KG,378.0,586.0,-208.0,-0.3549488054607508,594.3333333333334,527.3333333333334,403.0,487.79196187363834,-84.79196187363834
2025,2,1,Isingiro,Bukanga,Oruchinga (refugee settlement),-0.94,30.76,cereals and tubers,Cassava (fresh),KG,571.0,729.0,-158.0,-0.2167352537722908,655.6666666666666,700.1666666666666,571.0,753.0268906834956,-182.0268906834956
2025,2,1,Abim,Labwor,Makaratin,2.71,33.64,cereals and tubers,Sorghum,KG,832.0,875.0,-43.0,-0.0491428571428571,835.6666666666666,831.1666666666666,1050.0,867.6184638157011,182.38153618429885
2025,2,1,Yumbe,Aringa,Bidibidi (refugee settlement),3.36,31.35,"meat, fish and eggs",Fish (dry),KG,25000.0,11583.0,13417.0,1.158335491668825,17275.333333333332,16207.5,30769.0,17823.91,12945.09
2025,2,1,Yumbe,Aringa,Bidibidi (refugee settlement),3.36,31.35,vegetables and fruits,Leafy vegetables,KG,2250.0,2000.0,250.0,0.125,2328.0,2512.6666666666665,2328.0,2317.1471882837227,10.852811716277301
2025,2,1,Kaabong,Dodoth,Karenga,3.57,33.7,cereals and tubers,Millet,KG,2500.0,2500.0,0.0,0.0,2500.0,2718.833333333333,2500.0,2536.390194328677,-36.3901943286769
2025,2,1,Koboko,Koboko,Lobule (refugee settlement),3.39,31.03,cereals and tubers,Cassava (fresh),KG,505.0,762.0,-257.0,-0.337270341207349,661.6666666666666,691.5,549.0,653.669567355396,-104.669567355396
2025,2,1,Hoima,Bugahya,Hoima,1.43,31.35,cereals and tubers,Cassava flour,KG,2000.0,2000.0,0.0,0.0,2000.0,2000.0,2029.0,2032.0585653507078,-3.058565350707795
2025,2,1,Tororo,Tororo Municipality,Tororo,0.69,34.18,cereals and tubers,Cassava flour,KG,1000.0,1000.0,0.0,0.0,1000.0,991.6666666666666,1014.0,1038.385416319168,-24.385416319167916
2025,2,1,Kampala,Central Kampala,Owino,0.32,32.57,cereals and tubers,Cassava flour,KG,2000.0,1800.0,200.0,0.1111111111111111,1900.0,1777.5,2029.0,1971.3064836232777,57.6935163767223
2025,2,1,Kasese,Busongora,Kasese,0.17,30.07,cereals and tubers,Cassava flour,KG,700.0,700.0,0.0,0.0,700.0,800.0,710.0,730.8763992338454,-20.876399233845405
2025,2,1,Nakapiripirit,Kadani,Namalu,1.79,34.6,cereals and tubers,Maize (white),KG,1200.0,1200.0,0.0,0.0,1133.3333333333333,1013.8333333333334,1250.0,1152.7364549406418,97.2635450593582
2025,2,1,Moyo,Obongi,Palorinya (refugee settlement),3.47,31.63,cereals and tubers,Millet flour,KG,5450.0,2900.0,2550.0,0.8793103448275862,4650.0,4655.166666666667,5714.0,4553.951538461539,1160.0484615384612
2025,2,1,Kasese,Busongora,Kasese,0.17,30.07,cereals and tubers,Maize (white),KG,1500.0,1500.0,0.0,0.0,1500.0,1453.3333333333333,1522.0,1467.482228530961,54.51777146903896
2025,2,1,Kamwenge,Kibale,Rwamwanja (refugee settlement),0.31,30.68,pulses and nuts,Beans,KG,2778.0,2582.0,196.0,0.0759101471727343,2579.333333333333,2395.1666666666665,3000.0,2588.9838415584677,411.0161584415323
2025,2,1,Nakapiripirit,Kadani,Namalu,1.79,34.6,cereals and tubers,Sorghum,KG,1100.0,1100.0,0.0,0.0,1100.0,953.8333333333334,1183.0,1096.2682653889945,86.73173461100555
2025,2,1,Arua,Arua Municipality,Arua,3.02,30.91,cereals and tubers,Cassava flour,KG,1250.0,1000.0,250.0,0.25,1166.6666666666667,1250.0,1268.0,1264.9107449484725,3.089255051527516
2025,2,1,Kiryandongo,Kibanda,Kiryandongo (refugee settlement),1.94,32.21,"meat, fish and eggs",Fish (dry),KG,21053.0,33910.0,-12857.0,-0.3791506930109112,31654.33333333333,31300.666666666668,42500.0,31769.52,10730.48
2025,2,1,Moroto,Moroto Municipality,Moroto,2.53,34.65,cereals and tubers,Cassava flour,KG,2200.0,2000.0,200.0,0.1,2066.6666666666665,1963.0,1920.0,2109.2374524108036,-189.2374524108036
2025,2,1,Mbale,Mbale Municipality,Mbale,1.07,34.18,cereals and tubers,Maize (white),KG,1500.0,1500.0,0.0,0.0,1500.0,1420.0,1522.0,1517.3380490408208,4.661950959179194
2025,2,1,Masindi,Buruli M,Masindi,1.69,31.71,cereals and tubers,Cassava flour,KG,1500.0,2833.0,-1333.0,-0.4705259442287328,2277.6666666666665,2638.833333333333,1250.0,2191.1888095238096,-941.1888095238096
2025,2,1,Iganga,Kigulu,Iganga,0.61,33.47,cereals and tubers,Cassava flour,KG,1000.0,1000.0,0.0,0.0,1158.3333333333333,1091.6666666666667,1014.0,1150.158610219497,-136.15861021949695
2025,2,1,Busia,Samia-bugwe,Busia,0.47,34.09,cereals and tubers,Cassava flour,KG,817.0,800.0,17.0,0.02125,797.3333333333334,805.3333333333334,828.0,863.3478120096526,-35.34781200965256
2025,2,1,Yumbe,Aringa,Bidibidi (refugee settlement),3.36,31.35,cereals and tubers,Cassava (fresh),KG,504.0,994.0,-490.0,-0.4929577464788732,780.6666666666666,808.3333333333334,559.0,726.8534225351353,-167.85342253513534
2025,2,1,Lamwo,Lamwo,Palabek (refugee settlement),3.34,32.47,pulses and nuts,Beans,KG,3688.0,2387.0,1301.0,0.5450356095517386,3144.0,3634.5,3781.0,3126.9628710260163,654.0371289739837
2025,2,1,Soroti,Soroti Municipality,Soroti,1.71,33.62,cereals and tubers,Maize (white),KG,1160.0,1233.0,-73.0,-0.0592051905920519,1214.3333333333333,1077.1666666666667,1200.0,1141.2486990155237,58.7513009844763
2025,2,1,Soroti,Soroti Municipality,Soroti,1.71,33.62,cereals and tubers,Cassava flour,KG,1000.0,1000.0,0.0,0.0,1000.0,1024.5,1000.0,1065.8017040416607,-65.80170404166074
2025,2,1,Jinja,Jinja Municipality,Jinja,0.42,33.2,cereals and tubers,Cassava flour,KG,1500.0,1433.0,67.0,0.04675505931612,1411.0,1429.6666666666667,1522.0,1485.4913546033172,36.50864539668282
2025,2,1,Yumbe,Aringa,Bidibidi (refugee settlement),3.36,31.35,cereals and tubers,Maize (white),KG,1174.0,1536.0,-362.0,-0.2356770833333333,1355.3333333333333,1384.1666666666667,1233.0,1204.9126923686322,28.08730763136782
2025,2,1,Kiryandongo,Kibanda,Kiryandongo (refugee settlement),1.94,32.21,vegetables and fruits,Leafy vegetables,KG,2333.0,2415.0,-82.0,-0.0339544513457556,2108.6666666666665,1853.5,4000.0,2285.0205648077977,1714.9794351922023
2025,2,1,Arua,Arua Municipality,Arua,3.02,30.91,cereals and tubers,Millet,KG,2283.0,800.0,1483.0,1.85375,1877.6666666666667,2122.1666666666665,2316.0,2016.2382499558382,299.7617500441618
2025,2,1,Isingiro,Bukanga,Nakivale (refugee settlement),-0.78,30.96,cereals and tubers,Cassava (fresh),KG,551.0,526.0,25.0,0.0475285171102661,559.0,701.1666666666666,616.0,620.8023036325003,-4.802303632500298
2025,2,1,Arua,Terego,Rhino Camp (refugee settlement),3.17,31.31,oil and fats,Oil (vegetable),L,7429.0,7429.0,0.0,0.0,7497.333333333333,7443.5,7200.0,7545.518854602133,-345.5188546021327
2025,2,1,Gulu,Gulu Municipality,Gulu,2.77,32.31,cereals and tubers,Maize (white),KG,1224.0,1272.0,-48.0,-0.0377358490566037,1232.0,1160.5,1242.0,1194.8815654185128,47.118434581487236
2025,2,1,Busia,Samia-bugwe,Busia,0.47,34.09,cereals and tubers,Millet,KG,2694.0,2820.0,-126.0,-0.0446808510638297,2754.6666666666665,2537.833333333333,2733.0,2646.662796703286,86.33720329671405
2025,2,1,Adjumani,Adjumani,Adjumani (refugee settlement),3.34,31.78,milk and dairy,Milk (fresh),L,2000.0,2000.0,0.0,0.0,2000.0,1971.1666666666667,1238.0,1974.360875181621,-736.3608751816209
2025,2,1,Nakapiripirit,Kadani,Namalu,1.79,34.6,cereals and tubers,Maize flour,KG,2000.0,2000.0,0.0,0.0,1933.3333333333333,1941.1666666666667,2067.0,2054.3994641974937,12.600535802506329
2025,2,1,Lamwo,Lamwo,Palabek (refugee settlement),3.34,32.47,vegetables and fruits,Leafy vegetables,KG,2818.0,2500.0,318.0,0.1272,2646.6666666666665,2460.5,4000.0,2628.822789905865,1371.1772100941348
2025,2,1,Tororo,Tororo Municipality,Tororo,0.69,34.18,pulses and nuts,Beans,KG,3267.0,3800.0,-533.0,-0.1402631578947368,3355.6666666666665,3489.5,3314.0,3602.622336552039,-288.6223365520391
2025,2,1,Soroti,Soroti Municipality,Soroti,1.71,33.62,cereals and tubers,Maize flour,KG,1880.0,2000.0,-120.0,-0.06,1960.0,1766.6666666666667,2000.0,1910.1266173811562,89.87338261884383
2025,2,1,Masindi,Buruli M,Masindi,1.69,31.71,cereals and tubers,Maize flour,KG,2500.0,2601.0,-101.0,-0.0388312187620146,2533.6666666666665,2350.1666666666665,2500.0,2486.242551609126,13.757448390873833
2025,2,1,Arua,Terego,Imvepi (refugee settlement),3.23,31.28,miscellaneous food,Salt,KG,1796.0,1907.0,-111.0,-0.0582066072364971,1701.0,1778.5,1800.0,1758.833626213288,41.16637378671203
2025,2,1,Masindi,Buruli M,Masindi,1.69,31.71,cereals and tubers,Millet,KG,3510.0,3029.0,481.0,0.1587982832618025,3346.333333333333,3406.5,3250.0,3451.1667570341465,-201.16675703414649
2025,2,1,Hoima,Buhaguzi,Kyangwali (refugee settlement),1.16,30.75,"meat, fish and eggs",Fish (dry),KG,18039.0,17918.0,121.0,0.0067529858243107,17541.333333333332,18291.33333333333,20000.0,18928.36666666667,1071.6333333333314
2025,2,1,Hoima,Bugahya,Hoima,1.43,31.35,pulses and nuts,Beans,KG,3500.0,3500.0,0.0,0.0,3500.0,3862.5,3550.0,4325.789599212036,-775.7895992120357
2025,2,1,Moroto,Moroto Municipality,Moroto,2.53,34.65,cereals and tubers,Maize flour,KG,2000.0,2000.0,0.0,0.0,2000.0,1910.0,2000.0,2044.056079121957,-44.056079121957055
2025,2,1,Amudat,Upe,Karita,1.54,34.83,cereals and tubers,Maize flour,KG,2000.0,2000.0,0.0,0.0,2000.0,2000.0,2200.0,2017.8536282611726,182.14637173882738
2025,2,1,Arua,Arua Municipality,Arua,3.02,30.91,pulses and nuts,Beans,KG,3383.0,3000.0,383.0,0.1276666666666666,3294.333333333333,3513.833333333333,3432.0,3680.2753975532505,-248.2753975532505
2025,2,1,Arua,Terego,Rhino Camp (refugee settlement),3.17,31.31,"meat, fish and eggs",Fish (dry),KG,25000.0,21593.0,3407.0,0.1577826147362571,22728.666666666668,22342.666666666668,25833.0,21708.465,4124.535
2025,2,1,Arua,Terego,Imvepi (refugee settlement),3.23,31.28,oil and fats,Oil (vegetable),L,7679.0,6607.0,1072.0,0.1622521568033903,7345.333333333333,7791.5,7667.0,7656.139436660563,10.860563339437249
2025,2,1,Koboko,Koboko,Lobule (refugee settlement),3.39,31.03,cereals and tubers,Millet flour,KG,3976.0,4702.0,-726.0,-0.1544023819651212,4226.0,4097.5,3917.0,4210.803376020436,-293.8033760204362
2025,2,1,Arua,Terego,Rhino Camp (refugee settlement),3.17,31.31,vegetables and fruits,Leafy vegetables,KG,3254.0,1245.0,2009.0,1.6136546184738956,1914.6666666666667,1556.5,4000.0,2217.2330147826087,1782.7669852173913
2025,2,1,Busia,Samia-bugwe,Busia,0.47,34.09,cereals and tubers,Sorghum,KG,1198.0,1170.0,28.0,0.0239316239316239,1206.0,1144.6666666666667,1216.0,1195.2508229670304,20.749177032969556
2025,2,1,Mbale,Mbale Municipality,Mbale,1.07,34.18,cereals and tubers,Maize flour,KG,1800.0,1800.0,0.0,0.0,1800.0,1684.8333333333333,1826.0,1815.1176574998594,10.882342500140567
2025,2,1,Busia,Samia-bugwe,Busia,0.47,34.09,cereals and tubers,Maize flour,KG,2442.0,2400.0,42.0,0.0175,2439.0,2374.5,2477.0,2398.8305232574726,78.16947674252742
2025,3,1,Kasese,Busongora,Kasese,0.17,30.07,oil and fats,Oil (vegetable),L,7743.0,7633.0,110.0,0.0144111096554434,7692.0,7696.0,7250.0,7622.305535578914,-372.3055355789138
2025,3,1,Kamwenge,Kibale,Rwamwanja (refugee settlement),0.31,30.68,pulses and nuts,Beans,KG,3000.0,2778.0,222.0,0.079913606911447,2786.6666666666665,2532.6666666666665,3877.0,3098.5796171352,778.4203828648001
2025,3,1,Kasese,Busongora,Kasese,0.17,30.07,cereals and tubers,Maize (white),KG,1522.0,1500.0,22.0,0.0146666666666666,1507.3333333333333,1490.3333333333333,1538.0,1478.8492519346237,59.15074806537632
2025,3,1,Masaka,Masaka Municipality,Masaka,-0.35,31.74,cereals and tubers,Maize (white),KG,1172.0,1155.0,17.0,0.0147186147186147,1122.3333333333333,1132.0,1208.0,1250.6221442212682,-42.62214422126817
2025,3,1,Hoima,Buhaguzi,Kyangwali (refugee settlement),1.16,30.75,cereals and tubers,Cassava (fresh),KG,623.0,693.0,-70.0,-0.101010101010101,668.3333333333334,678.6666666666666,602.0,664.4402382736682,-62.44023827366823
2025,3,1,Nakapiripirit,Kadani,Namalu,1.79,34.6,cereals and tubers,Sorghum,KG,1183.0,1100.0,83.0,0.0754545454545454,1127.6666666666667,1017.6666666666666,1342.0,1174.7785709460154,167.2214290539846
2025,3,1,Moroto,Moroto Municipality,Moroto,2.53,34.65,oil and fats,Oil (vegetable),L,7500.0,7160.0,340.0,0.047486033519553,7220.0,7110.0,7500.0,7635.771068803455,-135.7710688034549
2025,3,1,Arua,Arua Municipality,Arua,3.02,30.91,pulses and nuts,Beans,KG,3432.0,3383.0,49.0,0.0144841856340526,3271.6666666666665,3452.5,3538.0,3597.562558885399,-59.562558885399085
2025,3,1,Gulu,Gulu Municipality,Gulu,2.77,32.31,pulses and nuts,Beans,KG,3844.0,3790.0,54.0,0.0142480211081794,3667.6666666666665,3981.0,5625.0,3976.7536009474406,1648.2463990525594
2025,3,1,Kaabong,Dodoth,Karenga,3.57,33.7,cereals and tubers,Maize flour,KG,2364.0,2000.0,364.0,0.182,2121.333333333333,2086.333333333333,2582.0,2426.1093065672994,155.89069343270057
2025,3,1,Yumbe,Aringa,Bidibidi (refugee settlement),3.36,31.35,cereals and tubers,Cassava (fresh),KG,559.0,504.0,55.0,0.1091269841269841,685.6666666666666,764.8333333333334,946.0,622.3663058125044,323.6336941874956
2025,3,1,Arua,Terego,Rhino Camp (refugee settlement),3.17,31.31,oil and fats,Oil (vegetable),L,7200.0,7429.0,-229.0,-0.0308251447031902,7352.666666666667,7493.166666666667,7340.0,7223.175912410507,116.82408758949259
2025,3,1,Jinja,Jinja Municipality,Jinja,0.42,33.2,pulses and nuts,Beans,KG,5072.0,5000.0,72.0,0.0144,4968.333333333333,4859.166666666667,5229.0,4928.878972898738,300.12102710126237
2025,3,1,Isingiro,Bukanga,Nakivale (refugee settlement),-0.78,30.96,oil and fats,Oil (vegetable),L,7669.0,7821.0,-152.0,-0.0194348548778928,7950.333333333333,7709.833333333333,7633.0,7713.540805032365,-80.54080503236491
2025,3,1,Wakiso,Busiro,Wakiso,0.4,32.48,cereals and tubers,Maize (white),KG,2029.0,2000.0,29.0,0.0145,1920.6666666666667,1835.3333333333333,2092.0,1995.3159584190892,96.68404158091084
2025,3,1,Masindi,Buruli M,Masindi,1.69,31.71,cereals and tubers,Cassava flour,KG,1250.0,1500.0,-250.0,-0.1666666666666666,1861.0,2347.1666666666665,2050.0,1339.5124505405163,710.4875494594837
2025,3,1,Kiryandongo,Kibanda,Kiryandongo (refugee settlement),1.94,32.21,cereals and tubers,Sorghum,KG,2429.0,2350.0,79.0,0.0336170212765957,2258.333333333333,2127.333333333333,2036.0,2425.5105447596925,-389.5105447596925
2025,3,1,Mbale,Mbale Municipality,Mbale,1.07,34.18,cereals and tubers,Maize (white),KG,1522.0,1500.0,22.0,0.0146666666666666,1507.3333333333333,1473.6666666666667,1569.0,1571.163042168397,-2.1630421683969416
2025,3,1,Kween,Kween,Kapchorwa,1.38,34.52,pulses and nuts,Beans,KG,3043.0,3000.0,43.0,0.0143333333333333,3014.333333333333,3007.1666666666665,4000.0,3037.9850135253077,962.0149864746923
2025,3,1,Arua,Arua Municipality,Arua,3.02,30.91,oil and fats,Oil (vegetable),L,7101.0,7000.0,101.0,0.0144285714285714,7033.666666666667,7016.833333333333,7321.0,7086.607792326874,234.392207673126
2025,3,1,Iganga,Kigulu,Iganga,0.61,33.47,cereals and tubers,Cassava flour,KG,1014.0,1000.0,14.0,0.014,1004.6666666666666,1102.3333333333333,1000.0,1036.3585213484928,-36.358521348492786
2025,3,1,Arua,Arua Municipality,Arua,3.02,30.91,cereals and tubers,Cassava flour,KG,1268.0,1250.0,18.0,0.0144,1172.6666666666667,1211.3333333333333,1307.0,1315.3269333937426,-8.326933393742593
2025,3,1,Masindi,Buruli M,Masindi,1.69,31.71,cereals and tubers,Millet,KG,3250.0,3510.0,-260.0,-0.074074074074074,3263.0,3414.833333333333,4250.0,3224.510127362622,1025.489872637378
2025,3,1,Kyegegwa,Kyaka,Kyaka II (refugee settlement),0.36,31.09,milk and dairy,Milk (fresh),L,1035.0,1467.0,-432.0,-0.294478527607362,1411.6666666666667,1376.5,1760.0,1342.173509934499,417.82649006550105
2025,3,1,Mukono,Mukono,Mukono,0.36,32.75,cereals and tubers,Maize (white),KG,2232.0,2200.0,32.0,0.0145454545454545,2099.6666666666665,1918.1666666666667,2301.0,2077.1606441470317,223.8393558529683
2025,3,1,Kasese,Busongora,Kasese,0.17,30.07,cereals and tubers,Maize flour,KG,2029.0,2000.0,29.0,0.0145,2009.6666666666667,2004.8333333333333,2138.0,2067.3194210305237,70.6805789694763
2025,3,1,Kampala,Central Kampala,Owino,0.32,32.57,oil and fats,Oil (vegetable),L,12173.0,12000.0,173.0,0.0144166666666666,12168.666666666666,12042.666666666666,12550.0,11855.5067,694.4933000000001
2025,3,1,Kiryandongo,Kibanda,Kiryandongo (refugee settlement),1.94,32.21,"meat, fish and eggs",Fish (dry),KG,42500.0,21053.0,21447.0,1.0187146724932314,32487.666666666668,33198.833333333336,14886.0,36110.44,-21224.440000000002
2025,3,1,Moroto,Moroto Municipality,Moroto,2.53,34.65,cereals and tubers,Cassava flour,KG,1920.0,2200.0,-280.0,-0.1272727272727272,2040.0,1987.1666666666667,2055.0,1986.8995878233075,68.10041217669254
2025,3,1,Isingiro,Bukanga,Nakivale (refugee settlement),-0.78,30.96,milk and dairy,Milk (fresh),L,1090.0,1900.0,-810.0,-0.4263157894736842,1663.3333333333333,1631.6666666666667,1800.0,1545.9320405472122,254.06795945278782
2025,3,1,Busia,Samia-bugwe,Busia,0.47,34.09,cereals and tubers,Cassava flour,KG,828.0,817.0,11.0,0.0134638922888616,815.0,810.0,1000.0,872.687831920121,127.31216807987903
2025,3,1,Kaabong,Dodoth,Kaabong,3.54,34.12,cereals and tubers,Millet,KG,2813.0,2200.0,613.0,0.2786363636363636,2444.333333333333,2243.0,3000.0,2833.15667051244,166.8433294875599
2025,3,1,Kamwenge,Kibale,Rwamwanja (refugee settlement),0.31,30.68,oil and fats,Oil (vegetable),L,8667.0,8222.0,445.0,0.0541230844076866,8290.666666666666,7827.666666666667,10192.0,8660.486571031746,1531.5134289682537
2025,3,1,Koboko,Koboko,Lobule (refugee settlement),3.39,31.03,vegetables and fruits,Leafy vegetables,KG,2000.0,2222.0,-222.0,-0.0999099909990999,2109.0,1980.8333333333333,1429.0,1818.8954144426937,-389.89541444269366
2025,3,1,Arua,Terego,Rhino Camp (refugee settlement),3.17,31.31,cereals and tubers,Millet flour,KG,3730.0,4539.0,-809.0,-0.1782330909892046,4232.666666666667,4206.666666666667,3667.0,4012.8344672569383,-345.8344672569383
2025,3,1,Tororo,Tororo Municipality,Tororo,0.69,34.18,cereals and tubers,Maize flour,KG,2096.0,2067.0,29.0,0.0140299951620706,2054.333333333333,2040.5,2350.0,2094.3201464134672,255.67985358653277
2025,3,1,Mukono,Mukono,Mukono,0.36,32.75,cereals and tubers,Maize flour,KG,2536.0,2500.0,36.0,0.0144,2445.333333333333,2461.833333333333,2615.0,2493.2808984008325,121.71910159916752
2025,3,1,Tororo,Tororo Municipality,Tororo,0.69,34.18,cereals and tubers,Maize (white),KG,1244.0,1226.0,18.0,0.0146818923327895,1203.3333333333333,1191.3333333333333,2000.0,1225.3852112462994,774.6147887537006
2025,3,1,Yumbe,Aringa,Bidibidi (refugee settlement),3.36,31.35,cereals and tubers,Maize (white),KG,1233.0,1174.0,59.0,0.0502555366269165,1314.3333333333333,1335.0,1495.0,1223.4287167559087,271.5712832440913
2025,3,1,Mbale,Mbale Municipality,Mbale,1.07,34.18,cereals and tubers,Maize flour,KG,1826.0,1800.0,26.0,0.0144444444444444,1808.6666666666667,1724.3333333333333,1883.0,1842.1100578216863,40.88994217831373
2025,3,1,Napak,Bokora,Napak,2.22,34.26,cereals and tubers,Maize (white),KG,1220.0,1200.0,20.0,0.0166666666666666,1229.0,1221.1666666666667,1458.0,1199.1322000301434,258.8677999698566
2025,3,1,Arua,Terego,Imvepi (refugee settlement),3.23,31.28,"meat, fish and eggs",Fish (dry),KG,23963.0,25420.0,-1457.0,-0.0573170731707317,27572.0,24646.83333333333,28125.0,24816.55,3308.4500000000007
2025,3,1,Mukono,Mukono,Mukono,0.36,32.75,cereals and tubers,Cassava flour,KG,2029.0,2000.0,29.0,0.0145,1976.3333333333333,2004.3333333333333,2092.0,2036.3944419460981,55.60555805390186
2025,3,1,Masaka,Masaka Municipality,Masaka,-0.35,31.74,cereals and tubers,Cassava flour,KG,1645.0,1622.0,23.0,0.0141800246609124,1602.3333333333333,1588.6666666666667,1696.0,1689.8487095580756,6.151290441924402
2025,3,1,Kabarole,Fort Portal Municipality,Fort Portal,0.66,30.28,oil and fats,Oil (vegetable),L,7615.0,7507.0,108.0,0.0143865725323031,7881.333333333333,7440.666666666667,7625.0,7413.267306106227,211.7326938937731
2025,3,1,Hoima,Bugahya,Hoima,1.43,31.35,cereals and tubers,Maize flour,KG,3043.0,3000.0,43.0,0.0143333333333333,3014.333333333333,2940.5,2000.0,2958.8369575162324,-958.8369575162324
2025,3,1,Isingiro,Bukanga,Nakivale (refugee settlement),-0.78,30.96,cereals and tubers,Sorghum,KG,1468.0,1471.0,-3.0,-0.0020394289598912,1564.6666666666667,1744.0,1600.0,1604.8982233918227,-4.898223391822739
2025,3,1,Kamwenge,Kibale,Rwamwanja (refugee settlement),0.31,30.68,"meat, fish and eggs",Fish (dry),KG,29167.0,29405.0,-238.0,-0.0080938615881652,30635.0,28981.5,20000.0,28560.22,-8560.220000000001
2025,3,1,Amudat,Upe,Karita,1.54,34.83,cereals and tubers,Maize (white),KG,1350.0,1220.0,130.0,0.1065573770491803,1292.6666666666667,1260.1666666666667,1508.0,1348.6696027144578,159.33039728554218
2025,3,1,Lira,Lira Municipality,Lira,2.23,32.91,pulses and nuts,Beans,KG,3713.0,3660.0,53.0,0.0144808743169398,3164.333333333333,3770.0,4000.0,3455.854491187908,544.145508812092
2025,3,1,Tororo,Tororo Municipality,Tororo,0.69,34.18,cereals and tubers,Sorghum,KG,2147.0,2117.0,30.0,0.0141709966934341,2088.0,2024.0,2000.0,2094.9486536585932,-94.94865365859323
2025,3,1,Napak,Bokora,Napak,2.22,34.26,cereals and tubers,Cassava flour,KG,2100.0,2250.0,-150.0,-0.0666666666666666,2116.6666666666665,2029.5,2375.0,2143.773180427421,231.2268195725792
2025,3,1,Kaabong,Dodoth,Karenga,3.57,33.7,cereals and tubers,Maize (white),KG,1406.0,1250.0,156.0,0.1248,1191.0,979.6666666666666,1300.0,1455.0068583697328,-155.00685836973275
2025,3,1,Yumbe,Aringa,Bidibidi (refugee settlement),3.36,31.35,vegetables and fruits,Leafy vegetables,KG,2328.0,2250.0,78.0,0.0346666666666666,2192.6666666666665,2463.333333333333,1189.0,2404.7495491950876,-1215.7495491950876
2025,3,1,Hoima,Bugahya,Hoima,1.43,31.35,oil and fats,Oil (vegetable),L,7101.0,7000.0,101.0,0.0144285714285714,7033.666666666667,7016.833333333333,10000.0,7077.716373762747,2922.283626237253
2025,3,1,Gulu,Gulu Municipality,Gulu,2.77,32.31,cereals and tubers,Maize (white),KG,1242.0,1224.0,18.0,0.0147058823529411,1246.0,1189.6666666666667,1550.0,1225.8330163241671,324.16698367583285
2025,3,1,Kaabong,Dodoth,Karenga,3.57,33.7,cereals and tubers,Millet,KG,2500.0,2500.0,0.0,0.0,2500.0,2500.0,3200.0,2546.066994111379,653.9330058886212
2025,3,1,Moyo,Obongi,Palorinya (refugee settlement),3.47,31.63,cereals and tubers,Millet flour,KG,5714.0,5450.0,264.0,0.048440366972477,4688.0,4885.333333333333,5789.0,5277.598000000001,511.40199999999913
2025,3,1,Napak,Bokora,Napak,2.22,34.26,cereals and tubers,Maize flour,KG,2000.0,2000.0,0.0,0.0,2000.0,1944.5,2250.0,1996.715644178729,253.284355821271
2025,3,1,Nakapiripirit,Kadani,Namalu,1.79,34.6,cereals and tubers,Maize (white),KG,1250.0,1200.0,50.0,0.0416666666666666,1216.6666666666667,1072.1666666666667,1442.0,1245.5080224323929,196.49197756760714
2025,3,1,Kamwenge,Kibale,Rwamwanja (refugee settlement),0.31,30.68,cereals and tubers,Maize (white),KG,1125.0,844.0,281.0,0.3329383886255924,940.3333333333334,1124.8333333333333,1300.0,1205.348283993184,94.65171600681606
2025,3,1,Soroti,Soroti Municipality,Soroti,1.71,33.62,cereals and tubers,Maize flour,KG,2000.0,1880.0,120.0,0.0638297872340425,1960.0,1833.3333333333333,2150.0,1951.7049822574088,198.2950177425912
2025,3,1,Kampala,Central Kampala,Owino,0.32,32.57,cereals and tubers,Cassava flour,KG,2029.0,2000.0,29.0,0.0145,1943.0,1853.1666666666667,2092.0,2015.2136582546623,76.78634174533772
2025,3,1,Masindi,Buruli M,Masindi,1.69,31.71,cereals and tubers,Sorghum,KG,2250.0,2000.0,250.0,0.125,2074.333333333333,2120.5,1750.0,2483.308068420226,-733.3080684202259
2025,3,1,Kyegegwa,Kyaka,Kyaka II (refugee settlement),0.36,31.09,miscellaneous food,Salt,KG,1506.0,1527.0,-21.0,-0.0137524557956778,1500.0,1373.1666666666667,1491.0,1531.6657064715962,-40.665706471596195
2025,3,1,Kasese,Busongora,Kasese,0.17,30.07,cereals and tubers,Cassava flour,KG,710.0,700.0,10.0,0.0142857142857142,703.3333333333334,751.6666666666666,1050.0,770.9800851611099,279.01991483889014
2025,3,1,Isingiro,Bukanga,Oruchinga (refugee settlement),-0.94,30.76,vegetables and fruits,Leafy vegetables,KG,2000.0,1042.0,958.0,0.9193857965451055,1927.3333333333333,1622.3333333333333,1667.0,1709.9953732619917,-42.995373261991745
2025,3,1,Tororo,Tororo Municipality,Tororo,0.69,34.18,oil and fats,Oil (vegetable),L,8115.0,8000.0,115.0,0.014375,8038.333333333333,8019.166666666667,7750.0,7964.490167411647,-214.49016741164723
2025,3,1,Tororo,Tororo Municipality,Tororo,0.69,34.18,cereals and tubers,Cassava flour,KG,1014.0,1000.0,14.0,0.014,1004.6666666666666,1002.3333333333334,1000.0,1049.3126581861516,-49.312658186151566
2025,3,1,Masindi,Buruli M,Masindi,1.69,31.71,pulses and nuts,Beans,KG,4000.0,4000.0,0.0,0.0,3765.0,3299.1666666666665,4000.0,3718.5907721704953,281.40922782950474
2025,3,1,Hoima,Bugahya,Hoima,1.43,31.35,cereals and tubers,Cassava flour,KG,2029.0,2000.0,29.0,0.0145,2009.6666666666667,2004.8333333333333,1000.0,2081.8669544058175,-1081.8669544058175
2025,3,1,Isingiro,Bukanga,Oruchinga (refugee settlement),-0.94,30.76,cereals and tubers,Sorghum,KG,1400.0,1000.0,400.0,0.4,1385.3333333333333,1733.1666666666667,1929.0,1536.2291329236482,392.7708670763518
2025,3,1,Nakapiripirit,Pian,Nabilatuk,2.05,34.57,cereals and tubers,Maize (white),KG,1200.0,1120.0,80.0,0.0714285714285714,1167.6666666666667,1114.1666666666667,1425.0,1232.2388123891444,192.7611876108556
2025,3,1,Hoima,Bugahya,Hoima,1.43,31.35,cereals and tubers,Sorghum,KG,3043.0,3000.0,43.0,0.0143333333333333,3014.333333333333,2873.833333333333,3000.0,2902.4951960670505,97.50480393294947
2025,3,1,Koboko,Koboko,Lobule (refugee settlement),3.39,31.03,cereals and tubers,Cassava (fresh),KG,549.0,505.0,44.0,0.0871287128712871,605.3333333333334,661.6666666666666,446.0,623.3351863537636,-177.33518635376356
2025,3,1,Masaka,Masaka Municipality,Masaka,-0.35,31.74,cereals and tubers,Maize flour,KG,2336.0,2303.0,33.0,0.014329135909683,2266.333333333333,2291.5,2408.0,2295.5152189065043,112.48478109349571
2025,3,1,Kabarole,Fort Portal Municipality,Fort Portal,0.66,30.28,cereals and tubers,Cassava flour,KG,1755.0,1500.0,255.0,0.17,1551.6666666666667,1729.5,2000.0,1725.318284889189,274.68171511081096
2025,3,1,Nakapiripirit,Pian,Nabilatuk,2.05,34.57,cereals and tubers,Maize flour,KG,2500.0,2000.0,500.0,0.25,2166.6666666666665,2083.333333333333,2450.0,2482.7316631830067,-32.73166318300673
2025,3,1,Iganga,Kigulu,Iganga,0.61,33.47,oil and fats,Oil (vegetable),L,8622.0,8500.0,122.0,0.0143529411764705,8540.666666666666,8287.0,7500.0,9208.17875,-1708.1787499999991
2025,3,1,Kampala,Central Kampala,Owino,0.32,32.57,cereals and tubers,Sorghum,KG,4058.0,4000.0,58.0,0.0145,3963.6666666666665,3556.833333333333,4184.0,3858.6114908218387,325.38850917816126
2025,3,1,Lira,Lira Municipality,Lira,2.23,32.91,cereals and tubers,Sorghum,KG,1026.0,1011.0,15.0,0.0148367952522255,984.3333333333334,974.1666666666666,1067.0,1041.5158104804423,25.48418951955773
2025,3,1,Lamwo,Lamwo,Palabek (refugee settlement),3.34,32.47,"meat, fish and eggs",Fish (dry),KG,40701.0,22372.0,18329.0,0.8192830323618809,29804.33333333333,25290.666666666668,66608.0,34071.58,32536.42
2025,3,1,Moroto,Moroto Municipality,Moroto,2.53,34.65,cereals and tubers,Maize flour,KG,2000.0,2000.0,0.0,0.0,2000.0,1943.3333333333333,2067.0,2068.7289171921952,-1.7289171921952402
2025,3,1,Napak,Bokora,Napak,2.22,34.26,pulses and nuts,Beans,KG,4000.0,4000.0,0.0,0.0,4000.0,4000.0,4125.0,4031.532367432688,93.4676325673122
2025,3,1,Moyo,Obongi,Palorinya (refugee settlement),3.47,31.63,vegetables and fruits,Leafy vegetables,KG,1250.0,2361.0,-1111.0,-0.470563320626853,1654.0,1917.5,1429.0,1387.8111111111111,41.18888888888887
2025,3,1,Gulu,Gulu Municipality,Gulu,2.77,32.31,cereals and tubers,Cassava flour,KG,4031.0,3973.0,58.0,0.0145985401459854,3641.3333333333335,4001.1666666666665,5250.0,3921.1822155912837,1328.8177844087163
2025,3,1,Mbale,Mbale Municipality,Mbale,1.07,34.18,oil and fats,Oil (vegetable),L,7101.0,7000.0,101.0,0.0144285714285714,7033.666666666667,7016.833333333333,7321.0,7073.585187434711,247.41481256528914
2025,3,1,Busia,Samia-bugwe,Busia,0.47,34.09,cereals and tubers,Sorghum,KG,1216.0,1198.0,18.0,0.015025041736227,1194.6666666666667,1176.5,1500.0,1228.3703575329712,271.6296424670288
2025,3,1,Hoima,Buhaguzi,Kyangwali (refugee settlement),1.16,30.75,pulses and nuts,Beans,KG,2783.0,2738.0,45.0,0.0164353542731921,3312.6666666666665,3317.833333333333,2540.0,3020.3819425770253,-480.38194257702526
2025,3,1,Kampala,Central Kampala,Owino,0.32,32.57,pulses and nuts,Beans,KG,4565.0,4500.0,65.0,0.0144444444444444,4521.666666666667,4469.166666666667,4707.0,4548.891060767393,158.10893923260664
2025,3,1,Abim,Labwor,Makaratin,2.71,33.64,cereals and tubers,Cassava flour,KG,500.0,500.0,0.0,0.0,500.0,510.0,2000.0,666.2440864389916,1333.7559135610084
2025,3,1,Mbarara,Mbarara Municipality,Mbarara,-0.61,30.65,oil and fats,Oil (vegetable),L,8115.0,8000.0,115.0,0.014375,8038.333333333333,8019.166666666667,8367.0,7976.906643974342,390.09335602565807
2025,3,1,Kyegegwa,Kyaka,Kyaka II (refugee settlement),0.36,31.09,cereals and tubers,Sorghum,KG,2034.0,2000.0,34.0,0.017,2074.0,2092.333333333333,2289.0,2018.5621508115225,270.43784918847746
2025,3,1,Kotido,Jie,Kotido,3.0,34.11,cereals and tubers,Cassava flour,KG,1500.0,1500.0,0.0,0.0,1600.0,1758.3333333333333,1800.0,1627.761938544828,172.2380614551721
2025,3,1,Lira,Lira Municipality,Lira,2.23,32.91,oil and fats,Oil (vegetable),L,7333.0,7229.0,104.0,0.0143864988241803,7083.333333333333,7291.666666666667,7667.0,7292.79340816924,374.20659183075986
2025,3,1,Jinja,Jinja Municipality,Jinja,0.42,33.2,cereals and tubers,Maize (white),KG,2029.0,2000.0,29.0,0.0145,2009.6666666666667,1759.0,2092.0,2014.3239643229838,77.67603567701622
2025,3,1,Kamwenge,Kibale,Rwamwanja (refugee settlement),0.31,30.68,vegetables and fruits,Leafy vegetables,KG,640.0,2500.0,-1860.0,-0.744,1840.3333333333333,2194.0,1570.0,2078.21,-508.21000000000004
2025,3,1,Kween,Kween,Kapchorwa,1.38,34.52,cereals and tubers,Cassava flour,KG,1217.0,1200.0,17.0,0.0141666666666666,1205.6666666666667,1210.1666666666667,2000.0,1260.419785560258,739.5802144397419
2025,3,1,Isingiro,Bukanga,Nakivale (refugee settlement),-0.78,30.96,cereals and tubers,Cassava (fresh),KG,616.0,551.0,65.0,0.1179673321234119,564.3333333333334,690.8333333333334,595.0,677.0051010737858,-82.0051010737858
2025,3,1,Kaabong,Dodoth,Karenga,3.57,33.7,pulses and nuts,Beans,KG,3545.0,3166.67,378.3299999999999,0.1194725058184149,3237.2233333333334,3163.278333333333,4000.0,3599.5873812798127,400.4126187201873
2025,3,1,Abim,Labwor,Makaratin,2.71,33.64,oil and fats,Oil (vegetable),L,8088.0,7650.0,438.0,0.0572549019607843,7712.666666666667,7612.833333333333,7600.0,7460.605306966341,139.39469303365877
2025,3,1,Yumbe,Aringa,Bidibidi (refugee settlement),3.36,31.35,cereals and tubers,Millet flour,KG,3758.0,4203.0,-445.0,-0.1058767546990245,3617.6666666666665,4110.833333333333,4269.0,3977.1739266947097,291.82607330529027
2025,3,1,Masindi,Buruli M,Masindi,1.69,31.71,cereals and tubers,Maize (white),KG,1250.0,1264.0,-14.0,-0.0110759493670886,1235.0,1217.5,1525.0,1212.3211273520103,312.6788726479897
2025,3,1,Arua,Terego,Rhino Camp (refugee settlement),3.17,31.31,cereals and tubers,Maize (white),KG,1710.0,1867.0,-157.0,-0.0840921264059989,1859.0,1571.5,1930.0,1610.8114944017495,319.18850559825046
2025,3,1,Amudat,Upe,Karita,1.54,34.83,oil and fats,Oil (vegetable),L,7500.0,7500.0,0.0,0.0,7611.0,7361.5,7500.0,7653.637299239736,-153.63729923973642
2025,3,1,Lira,Lira Municipality,Lira,2.23,32.91,cereals and tubers,Cassava flour,KG,2781.0,2742.0,39.0,0.0142231947483588,2349.333333333333,2791.333333333333,900.0,2849.587360841285,-1949.5873608412849
2025,3,1,Kween,Kween,Kapchorwa,1.38,34.52,cereals and tubers,Maize (white),KG,1310.0,1300.0,10.0,0.0076923076923076,1303.3333333333333,1264.1666666666667,1700.0,1350.4089732508103,349.5910267491897
2025,3,1,Moyo,Obongi,Palorinya (refugee settlement),3.47,31.63,cereals and tubers,Sorghum,KG,1574.0,1207.0,367.0,0.304059652029826,1430.6666666666667,1470.6666666666667,1580.0,1659.9592187745966,-79.9592187745966
2025,3,1,Kamwenge,Kibale,Rwamwanja (refugee settlement),0.31,30.68,miscellaneous food,Salt,KG,1642.0,1867.0,-225.0,-0.1205141938939475,1708.6666666666667,1530.1666666666667,1638.0,1659.4939074029471,-21.493907402947116
2025,3,1,Moyo,Obongi,Palorinya (refugee settlement),3.47,31.63,cereals and tubers,Cassava (fresh),KG,417.0,474.0,-57.0,-0.120253164556962,482.0,518.5,446.0,560.2257414004555,-114.22574140045549
2025,3,1,Kyegegwa,Kyaka,Kyaka II (refugee settlement),0.36,31.09,"meat, fish and eggs",Fish (dry),KG,36000.0,22917.0,13083.0,0.5708862416546668,30271.0,31083.5,35556.0,35042.76,513.239999999998
2025,3,1,Nakapiripirit,Kadani,Namalu,1.79,34.6,oil and fats,Oil (vegetable),L,7500.0,7300.0,200.0,0.0273972602739726,7266.666666666667,7144.5,7417.0,7641.309473153661,-224.3094731536612
2025,3,1,Hoima,Buhaguzi,Kyangwali (refugee settlement),1.16,30.75,cereals and tubers,Maize (white),KG,1139.0,831.0,308.0,0.3706377858002406,1101.0,1076.3333333333333,1100.0,1231.1191492475007,-131.11914924750067
2025,3,1,Mbarara,Mbarara Municipality,Mbarara,-0.61,30.65,cereals and tubers,Cassava flour,KG,2240.0,2208.0,32.0,0.0144927536231884,2316.0,2262.1666666666665,2309.0,2193.9591799502186,115.04082004978136
2025,3,1,Kamwenge,Kibale,Rwamwanja (refugee settlement),0.31,30.68,milk and dairy,Milk (fresh),L,1063.0,1329.0,-266.0,-0.200150489089541,1235.0,1280.0,1667.0,1322.7860677446051,344.21393225539487
2025,3,1,Moyo,Obongi,Palorinya (refugee settlement),3.47,31.63,cereals and tubers,Maize (white),KG,1820.0,1479.0,341.0,0.2305611899932386,1490.0,1547.8333333333333,1820.0,1677.6784603530325,142.3215396469675
2025,3,1,Adjumani,Adjumani,Adjumani (refugee settlement),3.34,31.78,cereals and tubers,Millet flour,KG,3857.0,4048.0,-191.0,-0.0471837944664031,3863.6666666666665,4242.0,4273.0,4077.92015148075,195.07984851924994
2025,3,1,Hoima,Buhaguzi,Kyangwali (refugee settlement),1.16,30.75,oil and fats,Oil (vegetable),L,8000.0,8000.0,0.0,0.0,7850.0,8097.5,8000.0,7939.529073142654,60.47092685734606
2025,3,1,Kiryandongo,Kibanda,Kiryandongo (refugee settlement),1.94,32.21,pulses and nuts,Beans,KG,3813.0,3818.0,-5.0,-0.00130958617077,3635.0,3587.833333333333,3940.0,4126.192747936675,-186.192747936675
2025,3,1,Kaabong,Dodoth,Kaabong,3.54,34.12,oil and fats,Oil (vegetable),L,8000.0,8000.0,0.0,0.0,7966.666666666667,7795.833333333333,8000.0,7884.322977820057,115.67702217994338
2025,3,1,Koboko,Koboko,Lobule (refugee settlement),3.39,31.03,pulses and nuts,Beans,KG,4103.0,4362.0,-259.0,-0.0593764328289775,3514.0,3544.5,4467.0,3886.4758643702785,580.5241356297215
2025,3,1,Moroto,Moroto Municipality,Moroto,2.53,34.65,cereals and tubers,Maize (white),KG,1240.0,1260.0,-20.0,-0.0158730158730158,1261.0,1229.6666666666667,1471.0,1166.9811763310295,304.0188236689705
2025,3,1,Lamwo,Lamwo,Palabek (refugee settlement),3.34,32.47,cereals and tubers,Sorghum,KG,819.0,800.0,19.0,0.02375,894.0,978.6666666666666,1150.0,919.1665957106983,230.8334042893017
2025,3,1,Kotido,Jie,Kotido,3.0,34.11,oil and fats,Oil (vegetable),L,7617.0,7625.0,-8.0,-0.0010491803278688,7747.333333333333,7669.5,7500.0,7506.572509547574,-6.572509547573645
2025,3,1,Soroti,Soroti Municipality,Soroti,1.71,33.62,cereals and tubers,Millet,KG,2920.0,2880.0,40.0,0.0138888888888888,2905.6666666666665,2751.5,3417.0,3025.3938976274185,391.6061023725815
2025,3,1,Isingiro,Bukanga,Nakivale (refugee settlement),-0.78,30.96,cereals and tubers,Maize (white),KG,1148.0,1005.0,143.0,0.1422885572139303,1003.6666666666666,1156.5,1339.0,1078.5950935871776,260.40490641282236
2025,3,1,Soroti,Soroti Municipality,Soroti,1.71,33.62,oil and fats,Oil (vegetable),L,7900.0,8000.0,-100.0,-0.0125,7966.666666666667,8066.666666666667,8208.0,8558.678998131967,-350.6789981319671
2025,3,1,Isingiro,Bukanga,Oruchinga (refugee settlement),-0.94,30.76,miscellaneous food,Salt,KG,1533.0,1600.0,-67.0,-0.041875,1577.3333333333333,1525.5,1514.0,1731.7122916122562,-217.7122916122562
2025,3,1,Mbale,Mbale Municipality,Mbale,1.07,34.18,cereals and tubers,Millet,KG,3550.0,3500.0,50.0,0.0142857142857142,3516.6666666666665,3508.333333333333,3660.0,3480.449356071936,179.5506439280639
2025,3,1,Mbale,Mbale Municipality,Mbale,1.07,34.18,cereals and tubers,Cassava flour,KG,1522.0,1500.0,22.0,0.0146666666666666,1507.3333333333333,1503.6666666666667,1569.0,1581.276120472257,-12.276120472256935
2025,3,1,Busia,Samia-bugwe,Busia,0.47,34.09,cereals and tubers,Maize flour,KG,2477.0,2442.0,35.0,0.0143325143325143,2439.6666666666665,2420.6666666666665,2800.0,2438.611605271306,361.38839472869404
2025,3,1,Kyegegwa,Kyaka,Kyaka II (refugee settlement),0.36,31.09,cereals and tubers,Cassava (fresh),KG,403.0,378.0,25.0,0.0661375661375661,455.6666666666667,520.8333333333334,309.0,449.9516321428571,-140.95163214285708
2025,3,1,Masindi,Buruli M,Masindi,1.69,31.71,oil and fats,Oil (vegetable),L,7800.0,8000.0,-200.0,-0.025,7595.0,7339.166666666667,7750.0,7581.80045997813,168.19954002187023
2025,3,1,Kabarole,Fort Portal Municipality,Fort Portal,0.66,30.28,cereals and tubers,Sorghum,KG,3043.0,3000.0,43.0,0.0143333333333333,3014.333333333333,3007.1666666666665,4000.0,3045.6048003351852,954.3951996648148
2025,3,1,Arua,Terego,Imvepi (refugee settlement),3.23,31.28,cereals and tubers,Millet flour,KG,3608.0,3545.0,63.0,0.017771509167842,3751.0,3392.833333333333,3563.0,3597.136537265911,-34.1365372659111
2025,3,1,Abim,Labwor,Makaratin,2.71,33.64,cereals and tubers,Sorghum,KG,1050.0,832.0,218.0,0.2620192307692308,919.0,872.8333333333334,1200.0,1082.8107111857175,117.18928881428246
2025,3,1,Jinja,Jinja Municipality,Jinja,0.42,33.2,cereals and tubers,Cassava flour,KG,1522.0,1500.0,22.0,0.0146666666666666,1485.0,1437.5,1569.0,1567.5799847303697,1.420015269630312
2025,3,1,Jinja,Jinja Municipality,Jinja,0.42,33.2,oil and fats,Oil (vegetable),L,7608.0,7500.0,108.0,0.0144,7536.0,7684.666666666667,7844.0,7479.129661618553,364.87033838144725
2025,3,1,Iganga,Kigulu,Iganga,0.61,33.47,cereals and tubers,Maize (white),KG,1014.0,1000.0,14.0,0.014,960.3333333333334,1203.5,2000.0,1068.4328549663142,931.5671450336858
2025,3,1,Yumbe,Aringa,Bidibidi (refugee settlement),3.36,31.35,"meat, fish and eggs",Fish (dry),KG,30769.0,25000.0,5769.0,0.23076,22450.666666666668,18846.83333333333,20417.0,20424.43,-7.430000000000291
2025,3,1,Koboko,Koboko,Lobule (refugee settlement),3.39,31.03,milk and dairy,Milk (fresh),L,1000.0,1333.0,-333.0,-0.2498124531132783,1263.3333333333333,1572.1666666666667,2000.0,1226.5704611419308,773.4295388580692
2025,3,1,Lamwo,Lamwo,Palabek (refugee settlement),3.34,32.47,cereals and tubers,Maize (white),KG,1438.0,1438.0,0.0,0.0,1437.0,1311.8333333333333,1683.0,1479.434971427233,203.565028572767
2025,3,1,Isingiro,Bukanga,Oruchinga (refugee settlement),-0.94,30.76,cereals and tubers,Maize (white),KG,1333.0,1000.0,333.0,0.333,1208.0,1171.6666666666667,1543.0,1416.4104759178244,126.58952408217556
2025,3,1,Moroto,Moroto Municipality,Moroto,2.53,34.65,pulses and nuts,Beans,KG,4000.0,4000.0,0.0,0.0,4000.0,4000.0,4042.0,4007.4888449047767,34.51115509522333
2025,3,1,Koboko,Koboko,Lobule (refugee settlement),3.39,31.03,miscellaneous food,Salt,KG,1620.0,1810.0,-190.0,-0.1049723756906077,1665.0,1531.3333333333333,1740.0,1663.2694940338727,76.73050596612734
2025,3,1,Soroti,Soroti Municipality,Soroti,1.71,33.62,cereals and tubers,Cassava flour,KG,1000.0,1000.0,0.0,0.0,1000.0,1024.5,1000.0,1065.5106518677476,-65.51065186774758
2025,3,1,Soroti,Soroti Municipality,Soroti,1.71,33.62,cereals and tubers,Maize (white),KG,1200.0,1160.0,40.0,0.0344827586206896,1197.6666666666667,1118.8333333333333,1379.0,1196.2804357149728,182.71956428502722
2025,3,1,Adjumani,Adjumani,Adjumani (refugee settlement),3.34,31.78,cereals and tubers,Maize (white),KG,1629.0,1630.0,-1.0,-0.0006134969325153,1638.6666666666667,1528.1666666666667,1845.0,1736.5799602736336,108.42003972636644
2025,3,1,Kween,Kween,Kapchorwa,1.38,34.52,oil and fats,Oil (vegetable),L,7143.0,7042.0,101.0,0.0143425163305879,7061.666666666667,7051.666666666667,7500.0,7090.228926764058,409.7710732359419
2025,3,1,Koboko,Koboko,Lobule (refugee settlement),3.39,31.03,cereals and tubers,Sorghum,KG,1197.0,1057.0,140.0,0.1324503311258278,1430.6666666666667,1446.6666666666667,1183.0,1305.1402191376633,-122.14021913766328
2025,3,1,Kiryandongo,Kibanda,Kiryandongo (refugee settlement),1.94,32.21,miscellaneous food,Salt,KG,1550.0,1455.0,95.0,0.0652920962199312,1589.3333333333333,1454.6666666666667,1480.0,1599.193406155143,-119.19340615514307
2025,3,1,Busia,Samia-bugwe,Busia,0.47,34.09,cereals and tubers,Maize (white),KG,1131.0,1115.0,16.0,0.0143497757847533,1105.3333333333333,1108.1666666666667,1500.0,1122.2193035097414,377.7806964902586
2025,3,1,Isingiro,Bukanga,Oruchinga (refugee settlement),-0.94,30.76,milk and dairy,Milk (fresh),L,1083.0,1800.0,-717.0,-0.3983333333333333,1546.6666666666667,1673.3333333333333,2000.0,1546.4309244836943,453.5690755163057
2025,3,1,Moyo,Obongi,Palorinya (refugee settlement),3.47,31.63,"meat, fish and eggs",Fish (dry),KG,7143.0,19408.0,-12265.0,-0.6319558944765046,15517.0,13496.5,20000.0,17818.37,2181.630000000001
2025,3,1,Masindi,Buruli M,Masindi,1.69,31.71,cereals and tubers,Maize flour,KG,2500.0,2500.0,0.0,0.0,2533.6666666666665,2433.5,2500.0,2551.8176941957627,-51.81769419576267
2025,3,1,Kaabong,Dodoth,Kaabong,3.54,34.12,cereals and tubers,Cassava flour,KG,2313.0,2750.0,-437.0,-0.1589090909090909,2479.333333333333,2739.6666666666665,2438.0,2403.3329719187263,34.667028081273656
2025,3,1,Arua,Terego,Imvepi (refugee settlement),3.23,31.28,cereals and tubers,Maize (white),KG,1963.0,1761.0,202.0,0.1147075525269733,1660.3333333333333,1445.0,1858.0,1961.0341248961008,-103.03412489610082
2025,3,1,Iganga,Kigulu,Iganga,0.61,33.47,pulses and nuts,Beans,KG,4058.0,4000.0,58.0,0.0145,4019.3333333333335,4130.5,3500.0,4092.1422979065915,-592.1422979065915
2025,3,1,Kiryandongo,Kibanda,Kiryandongo (refugee settlement),1.94,32.21,milk and dairy,Milk (fresh),L,1250.0,1800.0,-550.0,-0.3055555555555556,1683.3333333333333,1775.0,1800.0,1345.4590308752404,454.5409691247596
2025,3,1,Lamwo,Lamwo,Palabek (refugee settlement),3.34,32.47,pulses and nuts,Beans,KG,3781.0,3688.0,93.0,0.0252169197396963,3285.333333333333,3514.6666666666665,3792.0,3674.4843898694967,117.51561013050332
2025,3,1,Kyegegwa,Kyaka,Kyaka II (refugee settlement),0.36,31.09,pulses and nuts,Beans,KG,2971.0,2650.0,321.0,0.1211320754716981,2589.333333333333,2368.333333333333,3445.0,3086.1483026551155,358.85169734488454
2025,3,1,Koboko,Koboko,Lobule (refugee settlement),3.39,31.03,"meat, fish and eggs",Fish (dry),KG,11111.0,33333.0,-22222.0,-0.6666666666666666,24263.33333333333,21927.0,20000.0,21371.23,-1371.2299999999996
2025,3,1,Gulu,Gulu Municipality,Gulu,2.77,32.31,oil and fats,Oil (vegetable),L,7757.0,7647.0,110.0,0.0143847260363541,7448.0,7585.166666666667,7000.0,7417.173494076788,-417.1734940767883
2025,3,1,Busia,Samia-bugwe,Busia,0.47,34.09,cereals and tubers,Millet,KG,2733.0,2694.0,39.0,0.0144766146993318,2749.0,2621.6666666666665,2818.0,2694.6900458764667,123.30995412353332
2025,3,1,Arua,Arua Municipality,Arua,3.02,30.91,cereals and tubers,Maize (white),KG,1522.0,1500.0,22.0,0.0146666666666666,1340.6666666666667,1120.3333333333333,1569.0,1391.2083659473865,177.79163405261352
2025,3,1,Nakapiripirit,Pian,Nabilatuk,2.05,34.57,pulses and nuts,Beans,KG,3600.0,3500.0,100.0,0.0285714285714285,3633.3333333333335,3577.1666666666665,3964.0,3592.3930824262843,371.6069175737157
2025,3,1,Arua,Arua Municipality,Arua,3.02,30.91,cereals and tubers,Maize flour,KG,2553.0,2517.0,36.0,0.0143027413587604,3023.333333333333,2536.6666666666665,2632.0,2221.5449187655026,410.45508123449736
2025,3,1,Busia,Samia-bugwe,Busia,0.47,34.09,oil and fats,Oil (vegetable),L,7278.0,7175.0,103.0,0.0143554006968641,7451.0,7079.666666666667,7000.0,7402.81167203128,-402.81167203128007
2025,3,1,Kaabong,Dodoth,Kaabong,3.54,34.12,cereals and tubers,Sorghum,KG,1225.0,987.5,237.5,0.240506329113924,1104.1666666666667,1099.5833333333333,1538.0,1146.2989628485107,391.70103715148934
2025,3,1,Adjumani,Adjumani,Adjumani (refugee settlement),3.34,31.78,vegetables and fruits,Leafy vegetables,KG,1672.0,1729.0,-57.0,-0.0329670329670329,1751.0,1951.0,1429.0,1885.454684251555,-456.4546842515549
2025,3,1,Yumbe,Aringa,Bidibidi (refugee settlement),3.36,31.35,cereals and tubers,Sorghum,KG,1088.0,1078.0,10.0,0.0092764378478664,1224.6666666666667,1298.1666666666667,1251.0,1150.423806224272,100.57619377572792
2025,3,1,Hoima,Bugahya,Hoima,1.43,31.35,cereals and tubers,Maize (white),KG,1014.0,1000.0,14.0,0.014,1004.6666666666666,1002.3333333333334,1300.0,1044.413639357173,255.586360642827
2025,3,1,Wakiso,Busiro,Wakiso,0.4,32.48,cereals and tubers,Maize flour,KG,2536.0,2500.0,36.0,0.0144,2378.6666666666665,2301.0,2615.0,2518.6593019307093,96.34069806929074
2025,3,1,Koboko,Koboko,Lobule (refugee settlement),3.39,31.03,cereals and tubers,Millet flour,KG,3917.0,3976.0,-59.0,-0.0148390342052313,4198.333333333333,4099.166666666667,4283.0,4058.9943854713306,224.0056145286694
2025,3,1,Tororo,Tororo Municipality,Tororo,0.69,34.18,pulses and nuts,Beans,KG,3314.0,3267.0,47.0,0.0143862871135598,3460.333333333333,3333.5,3500.0,3723.9604607708543,-223.9604607708543
2025,3,1,Isingiro,Bukanga,Oruchinga (refugee settlement),-0.94,30.76,pulses and nuts,Beans,KG,2375.0,2200.0,175.0,0.0795454545454545,2345.6666666666665,2499.0,2757.0,2405.5012511809423,351.4987488190577
2025,3,1,Isingiro,Bukanga,Nakivale (refugee settlement),-0.78,30.96,cereals and tubers,Millet flour,KG,3759.0,4167.0,-408.0,-0.0979121670266378,3958.6666666666665,3854.3333333333335,4079.0,3646.3684185221755,432.6315814778245
2025,3,1,Koboko,Koboko,Lobule (refugee settlement),3.39,31.03,cereals and tubers,Maize (white),KG,1470.0,1220.0,250.0,0.2049180327868852,1306.6666666666667,1321.6666666666667,1527.0,1450.9335204705253,76.06647952947469
2025,3,1,Kiryandongo,Kibanda,Kiryandongo (refugee settlement),1.94,32.21,vegetables and fruits,Leafy vegetables,KG,4000.0,2333.0,1667.0,0.7145306472353193,2916.0,2242.333333333333,7421.0,2975.707207792208,4445.292792207792
2025,3,1,Mbale,Mbale Municipality,Mbale,1.07,34.18,cereals and tubers,Sorghum,KG,1522.0,1500.0,22.0,0.0146666666666666,1507.3333333333333,1503.6666666666667,1569.0,1562.869720337133,6.130279662866997
2025,3,1,Kamwenge,Kibale,Rwamwanja (refugee settlement),0.31,30.68,cereals and tubers,Millet flour,KG,3896.0,4028.0,-132.0,-0.0327706057596822,3974.6666666666665,4142.833333333333,4223.0,4006.0209810096735,216.9790189903265
2025,3,1,Nakapiripirit,Pian,Nabilatuk,2.05,34.57,oil and fats,Oil (vegetable),L,7500.0,7500.0,0.0,0.0,7333.333333333333,7166.666666666667,7500.0,7555.619966863487,-55.61996686348721
2025,3,1,Kween,Kween,Kapchorwa,1.38,34.52,cereals and tubers,Millet,KG,1995.0,1967.0,28.0,0.0142348754448398,1920.6666666666667,2193.6666666666665,3500.0,2034.0212486655455,1465.9787513344545
2025,3,1,Kaabong,Dodoth,Karenga,3.57,33.7,cereals and tubers,Sorghum,KG,1100.0,1000.0,100.0,0.1,1033.3333333333333,1016.6666666666666,1250.0,1119.6792753836507,130.32072461634925
2025,3,1,Isingiro,Bukanga,Oruchinga (refugee settlement),-0.94,30.76,cereals and tubers,Maize flour,KG,2117.0,2000.0,117.0,0.0585,2026.3333333333333,2014.1666666666667,2057.0,2157.458354057567,-100.4583540575668
2025,3,1,Kabarole,Fort Portal Municipality,Fort Portal,0.66,30.28,cereals and tubers,Millet,KG,3043.0,3000.0,43.0,0.0143333333333333,3014.333333333333,3007.1666666666665,4975.0,3059.5623127520817,1915.4376872479183
2025,3,1,Kabarole,Fort Portal Municipality,Fort Portal,0.66,30.28,cereals and tubers,Maize (white),KG,1269.0,1251.0,18.0,0.014388489208633,1324.0,1217.0,2000.0,1361.4177753170786,638.5822246829214
2025,3,1,Kamwenge,Kibale,Rwamwanja (refugee settlement),0.31,30.68,cereals and tubers,Maize flour,KG,2817.0,2722.0,95.0,0.0349008082292432,2834.0,2908.5,2977.0,2561.421188586628,415.578811413372
2025,3,1,Abim,Labwor,Makaratin,2.71,33.64,cereals and tubers,Maize (white),KG,1100.0,950.0,150.0,0.1578947368421052,1016.6666666666666,950.0,1400.0,1160.6569087042162,239.34309129578378
2025,3,1,Kaabong,Dodoth,Kaabong,3.54,34.12,pulses and nuts,Beans,KG,4500.0,4625.0,-125.0,-0.027027027027027,4441.666666666667,4300.0,4563.0,4170.205993824912,392.7940061750878
2025,3,1,Yumbe,Aringa,Bidibidi (refugee settlement),3.36,31.35,pulses and nuts,Beans,KG,4383.0,4697.0,-314.0,-0.0668511816052799,4706.0,4503.0,4264.0,4503.569775320877,-239.56977532087694
2025,3,1,Arua,Terego,Rhino Camp (refugee settlement),3.17,31.31,miscellaneous food,Salt,KG,1676.0,1843.0,-167.0,-0.0906131307650569,1839.6666666666667,1785.8333333333333,1880.0,1754.4383269367756,125.56167306322436
2025,3,1,Kotido,Jie,Kotido,3.0,34.11,cereals and tubers,Maize (white),KG,1067.0,1000.0,67.0,0.067,1022.3333333333334,966.1666666666666,1100.0,1109.712262675222,-9.712262675222064
2025,3,1,Adjumani,Adjumani,Adjumani (refugee settlement),3.34,31.78,milk and dairy,Milk (fresh),L,1238.0,2000.0,-762.0,-0.381,1746.0,1873.0,2000.0,1434.566161287835,565.433838712165
2025,3,1,Isingiro,Bukanga,Oruchinga (refugee settlement),-0.94,30.76,"meat, fish and eggs",Fish (dry),KG,5000.0,25416.0,-20416.0,-0.8032735284859931,17885.666666666668,22112.666666666668,8571.0,25569.8,-16998.8
2025,3,1,Isingiro,Bukanga,Nakivale (refugee settlement),-0.78,30.96,cereals and tubers,Maize flour,KG,2024.0,2243.0,-219.0,-0.0976370931787784,2315.6666666666665,2164.6666666666665,2161.0,2056.3494755468373,104.65052445316269
2025,3,1,Gulu,Gulu Municipality,Gulu,2.77,32.31,cereals and tubers,Maize flour,KG,2710.0,2671.0,39.0,0.0146012729314863,2465.0,2707.5,2250.0,2785.23955216793,-535.23955216793
2025,3,1,Koboko,Koboko,Lobule (refugee settlement),3.39,31.03,cereals and tubers,Maize flour,KG,2967.0,3086.0,-119.0,-0.0385612443292287,2741.6666666666665,2870.833333333333,2950.0,2943.07606839013,6.923931609870124
2025,3,1,Busia,Samia-bugwe,Busia,0.47,34.09,pulses and nuts,Beans,KG,3265.0,3218.0,47.0,0.014605344934742,3354.333333333333,3216.333333333333,3267.0,3527.523987825723,-260.523987825723
2025,3,1,Adjumani,Adjumani,Adjumani (refugee settlement),3.34,31.78,miscellaneous food,Salt,KG,2000.0,2000.0,0.0,0.0,1986.6666666666667,1925.6666666666667,2000.0,1961.1628673585572,38.83713264144285
2025,3,1,Kabarole,Fort Portal Municipality,Fort Portal,0.66,30.28,cereals and tubers,Maize flour,KG,2855.0,2815.0,40.0,0.0142095914742451,3021.333333333333,2752.333333333333,2688.0,2889.2103497032713,-201.21034970327128
2025,3,1,Lamwo,Lamwo,Palabek (refugee settlement),3.34,32.47,oil and fats,Oil (vegetable),L,8063.0,8500.0,-437.0,-0.0514117647058823,8021.0,8272.333333333334,8667.0,8036.944681022831,630.055318977169
2025,3,1,Wakiso,Busiro,Wakiso,0.4,32.48,oil and fats,Oil (vegetable),L,7608.0,7500.0,108.0,0.0144,7536.0,7399.666666666667,7844.0,7424.442283552673,419.55771644732704
2025,3,1,Kyegegwa,Kyaka,Kyaka II (refugee settlement),0.36,31.09,cereals and tubers,Maize (white),KG,1199.0,1077.0,122.0,0.1132776230269266,1077.3333333333333,1123.5,1464.0,1170.982775112118,293.0172248878821
2025,3,1,Arua,Arua Municipality,Arua,3.02,30.91,cereals and tubers,Sorghum,KG,1758.0,1733.0,25.0,0.0144258511252163,1663.6666666666667,1781.8333333333333,1812.0,1863.4079333514821,-51.40793335148214
2025,3,1,Mbarara,Mbarara Municipality,Mbarara,-0.61,30.65,cereals and tubers,Millet,KG,3043.0,3000.0,43.0,0.0143333333333333,3014.333333333333,3007.1666666666665,3137.0,3060.2154946627998,76.78450533720024
2025,3,1,Yumbe,Aringa,Bidibidi (refugee settlement),3.36,31.35,milk and dairy,Milk (fresh),L,1025.0,1667.0,-642.0,-0.385122975404919,1680.6666666666667,1717.6666666666667,1900.0,1645.6897498511019,254.31025014889815
2025,3,1,Mbarara,Mbarara Municipality,Mbarara,-0.61,30.65,cereals and tubers,Maize (white),KG,1522.0,1500.0,22.0,0.0146666666666666,1507.3333333333333,1503.6666666666667,1569.0,1480.4726811844778,88.52731881552222
2025,3,1,Jinja,Jinja Municipality,Jinja,0.42,33.2,cereals and tubers,Millet,KG,3043.0,3000.0,43.0,0.0143333333333333,3014.333333333333,2893.833333333333,3137.0,3005.9438745565485,131.0561254434515
2025,3,1,Arua,Terego,Imvepi (refugee settlement),3.23,31.28,oil and fats,Oil (vegetable),L,7667.0,7679.0,-12.0,-0.0015627034770152,7317.666666666667,7756.0,7963.0,7701.027223605695,261.9727763943047
2025,3,1,Isingiro,Bukanga,Nakivale (refugee settlement),-0.78,30.96,miscellaneous food,Salt,KG,1579.0,1657.0,-78.0,-0.0470730235365117,1743.6666666666667,1618.3333333333333,1622.0,1668.8710082400926,-46.87100824009258
2025,3,1,Kotido,Jie,Kotido,3.0,34.11,cereals and tubers,Millet,KG,2400.0,2000.0,400.0,0.2,2133.333333333333,1846.6666666666667,2800.0,2441.522799527004,358.4772004729962
2025,3,1,Arua,Terego,Rhino Camp (refugee settlement),3.17,31.31,milk and dairy,Milk (fresh),L,1260.0,2000.0,-740.0,-0.37,1753.3333333333333,1876.6666666666667,2000.0,1699.5578388295683,300.44216117043175
2025,3,1,Kyegegwa,Kyaka,Kyaka II (refugee settlement),0.36,31.09,vegetables and fruits,Leafy vegetables,KG,1613.0,1923.0,-310.0,-0.1612064482579303,1845.3333333333333,1719.0,1695.0,1816.0135607289817,-121.0135607289817
2025,3,1,Isingiro,Bukanga,Oruchinga (refugee settlement),-0.94,30.76,cereals and tubers,Millet flour,KG,4083.0,3000.0,1083.0,0.361,3698.3333333333335,3862.0,4000.0,4053.3225685359125,-53.322568535912524
2025,3,1,Mbarara,Mbarara Municipality,Mbarara,-0.61,30.65,cereals and tubers,Maize flour,KG,2536.0,2500.0,36.0,0.0144,2512.0,2506.0,2615.0,2510.81494495716,104.18505504283985
2025,3,1,Yumbe,Aringa,Bidibidi (refugee settlement),3.36,31.35,miscellaneous food,Salt,KG,1655.0,1816.0,-161.0,-0.0886563876651982,1829.0,1818.0,1969.0,1792.184654761756,176.81534523824394
2025,3,1,Lira,Lira Municipality,Lira,2.23,32.91,cereals and tubers,Millet,KG,2339.0,2306.0,33.0,0.0143104943625325,2117.6666666666665,2343.833333333333,3300.0,2368.781140757262,931.2188592427378
2025,3,1,Soroti,Soroti Municipality,Soroti,1.71,33.62,cereals and tubers,Sorghum,KG,1140.0,1160.0,-20.0,-0.0172413793103448,1189.0,1158.3333333333333,1367.0,1126.3685057566336,240.63149424336643
2025,3,1,Tororo,Tororo Municipality,Tororo,0.69,34.18,cereals and tubers,Millet,KG,3314.0,3267.0,47.0,0.0143862871135598,3260.333333333333,3263.5,3417.0,3466.0456750736107,-49.04567507361071
2025,3,1,Kiryandongo,Kibanda,Kiryandongo (refugee settlement),1.94,32.21,cereals and tubers,Maize flour,KG,2413.0,2064.0,349.0,0.1690891472868217,2228.333333333333,2205.333333333333,2467.0,2423.171275295856,43.82872470414395
2025,3,1,Yumbe,Aringa,Bidibidi (refugee settlement),3.36,31.35,cereals and tubers,Maize flour,KG,2765.0,2608.0,157.0,0.0601993865030674,2692.6666666666665,2663.1666666666665,2523.0,2834.710605232108,-311.7106052321078
2025,3,1,Kabarole,Fort Portal Municipality,Fort Portal,0.66,30.28,pulses and nuts,Beans,KG,4549.0,4485.0,64.0,0.0142697881828316,4496.0,4498.0,5625.0,4549.543510244276,1075.4564897557239
2025,3,1,Napak,Bokora,Napak,2.22,34.26,cereals and tubers,Sorghum,KG,1200.0,1200.0,0.0,0.0,1216.6666666666667,1179.1666666666667,1579.0,1226.6567260378933,352.34327396210665
2025,3,1,Nakapiripirit,Kadani,Namalu,1.79,34.6,pulses and nuts,Beans,KG,4083.0,3500.0,583.0,0.1665714285714285,3883.3333333333335,3432.0,4125.0,4114.333608286362,10.666391713638404
2025,3,1,Arua,Arua Municipality,Arua,3.02,30.91,cereals and tubers,Millet,KG,2316.0,2283.0,33.0,0.014454664914586,1799.6666666666667,2174.833333333333,2388.0,2415.876376506417,-27.87637650641682
2025,3,1,Amudat,Upe,Karita,1.54,34.83,cereals and tubers,Maize flour,KG,2200.0,2000.0,200.0,0.1,2066.6666666666665,2033.3333333333333,2500.0,2128.3259699016226,371.67403009837744
2025,3,1,Isingiro,Bukanga,Nakivale (refugee settlement),-0.78,30.96,"meat, fish and eggs",Fish (dry),KG,18955.0,14643.0,4312.0,0.2944751758519429,16575.666666666668,19908.166666666668,17262.0,21802.14,-4540.139999999999
2025,3,1,Kiryandongo,Kibanda,Kiryandongo (refugee settlement),1.94,32.21,cereals and tubers,Millet flour,KG,5313.0,4333.0,980.0,0.2261712439418416,4215.333333333333,4589.666666666667,4300.0,5004.4945384615385,-704.4945384615385
2025,3,1,Hoima,Bugahya,Hoima,1.43,31.35,cereals and tubers,Millet,KG,3043.0,3000.0,43.0,0.0143333333333333,3014.333333333333,2980.5,3500.0,2990.187084115701,509.81291588429895
2025,3,1,Nakapiripirit,Kadani,Namalu,1.79,34.6,cereals and tubers,Maize flour,KG,2067.0,2000.0,67.0,0.0335,2022.3333333333333,1952.3333333333333,2442.0,2104.532890012553,337.4671099874472
2025,3,1,Arua,Terego,Rhino Camp (refugee settlement),3.17,31.31,cereals and tubers,Cassava (fresh),KG,421.0,382.0,39.0,0.1020942408376963,461.0,520.3333333333334,337.0,515.4541083333334,-178.45410833333335
2025,3,1,Kyegegwa,Kyaka,Kyaka II (refugee settlement),0.36,31.09,oil and fats,Oil (vegetable),L,7882.0,7909.0,-27.0,-0.0034138323429004,7904.333333333333,7781.333333333333,8000.0,7674.686341980884,325.3136580191158
2025,3,1,Lira,Lira Municipality,Lira,2.23,32.91,cereals and tubers,Maize flour,KG,1899.0,1872.0,27.0,0.0144230769230769,1902.0,1847.6666666666667,2433.0,1911.8133423737993,521.1866576262007
2025,3,1,Gulu,Gulu Municipality,Gulu,2.77,32.31,cereals and tubers,Millet,KG,2496.0,2460.0,36.0,0.0146341463414634,2445.6666666666665,2472.833333333333,3125.0,2529.8211324505896,595.1788675494104
2025,3,1,Hoima,Bugahya,Hoima,1.43,31.35,pulses and nuts,Beans,KG,3550.0,3500.0,50.0,0.0142857142857142,3516.6666666666665,3641.6666666666665,5000.0,4380.605192268875,619.3948077311252
2025,3,1,Arua,Terego,Imvepi (refugee settlement),3.23,31.28,cereals and tubers,Sorghum,KG,1233.0,868.0,365.0,0.4205069124423963,1082.6666666666667,1186.1666666666667,1127.0,1639.3072733045838,-512.3072733045838
2025,3,1,Kamwenge,Kibale,Rwamwanja (refugee settlement),0.31,30.68,cereals and tubers,Cassava (fresh),KG,464.0,701.0,-237.0,-0.3380884450784593,646.0,635.1666666666666,606.0,553.3556919659221,52.64430803407788
2025,3,1,Arua,Terego,Rhino Camp (refugee settlement),3.17,31.31,cereals and tubers,Sorghum,KG,1656.0,1756.0,-100.0,-0.0569476082004555,1637.3333333333333,1898.1666666666667,1668.0,1680.982229829602,-12.98222982960192
2025,3,1,Hoima,Buhaguzi,Kyangwali (refugee settlement),1.16,30.75,miscellaneous food,Salt,KG,1826.0,1804.0,22.0,0.0121951219512195,1776.6666666666667,1858.8333333333333,1760.0,1811.6706651149768,-51.67066511497683
2025,3,1,Kween,Kween,Kapchorwa,1.38,34.52,cereals and tubers,Sorghum,KG,3043.0,3000.0,43.0,0.0143333333333333,3014.333333333333,3007.1666666666665,2000.0,2773.0849555928876,-773.0849555928876
2025,3,1,Adjumani,Adjumani,Adjumani (refugee settlement),3.34,31.78,cereals and tubers,Sorghum,KG,1281.0,1226.0,55.0,0.0448613376835236,1300.0,1542.3333333333333,1545.0,1286.928663557931,258.07133644206897
2025,3,1,Masaka,Masaka Municipality,Masaka,-0.35,31.74,oil and fats,Oil (vegetable),L,8284.0,8167.0,117.0,0.01432594587976,8150.333333333333,8158.5,8541.0,8587.884607314743,-46.884607314743334
2025,3,1,Koboko,Koboko,Lobule (refugee settlement),3.39,31.03,oil and fats,Oil (vegetable),L,7550.0,7690.0,-140.0,-0.0182054616384915,8445.333333333334,7910.166666666667,7550.0,8351.36265385824,-801.3626538582394
2025,3,1,Amudat,Upe,Karita,1.54,34.83,pulses and nuts,Beans,KG,4250.0,4000.0,250.0,0.0625,4361.0,4438.833333333333,4167.0,4257.691404545215,-90.69140454521494
2025,3,1,Arua,Terego,Imvepi (refugee settlement),3.23,31.28,pulses and nuts,Beans,KG,4538.0,4208.0,330.0,0.0784220532319391,4393.0,4041.8333333333335,4525.0,4398.714175439133,126.28582456086679
2025,3,1,Abim,Labwor,Makaratin,2.71,33.64,cereals and tubers,Maize flour,KG,2188.0,2090.0,98.0,0.04688995215311,2142.6666666666665,2078.0,2363.0,2060.2289158666854,302.7710841333146
2025,3,1,Moroto,Moroto Municipality,Moroto,2.53,34.65,cereals and tubers,Sorghum,KG,1220.0,1200.0,20.0,0.0166666666666666,1229.0,1200.6666666666667,1438.0,1188.0281209139862,249.97187908601381
2025,3,1,Isingiro,Bukanga,Nakivale (refugee settlement),-0.78,30.96,pulses and nuts,Beans,KG,2752.0,2600.0,152.0,0.0584615384615384,2596.6666666666665,2733.333333333333,2983.0,2614.2735741391753,368.72642586082475
2025,3,1,Moyo,Obongi,Palorinya (refugee settlement),3.47,31.63,miscellaneous food,Salt,KG,1896.0,2000.0,-104.0,-0.052,1965.3333333333333,1940.8333333333333,1928.0,2211.2312159876583,-283.2312159876583
2025,3,1,Hoima,Buhaguzi,Kyangwali (refugee settlement),1.16,30.75,"meat, fish and eggs",Fish (dry),KG,20000.0,18039.0,1961.0,0.1087089084760796,18652.33333333333,18285.166666666668,17857.0,19519.331041666668,-1662.3310416666682
2025,3,1,Arua,Terego,Rhino Camp (refugee settlement),3.17,31.31,vegetables and fruits,Leafy vegetables,KG,4000.0,3254.0,746.0,0.2292562999385372,2833.0,2039.0,1484.0,3463.6651155002887,-1979.6651155002887
2025,3,1,Iganga,Kigulu,Iganga,0.61,33.47,cereals and tubers,Sorghum,KG,2029.0,2000.0,29.0,0.0145,1943.0,1817.0,1600.0,1996.5802028465228,-396.58020284652275
2025,3,1,Kasese,Busongora,Kasese,0.17,30.07,cereals and tubers,Millet,KG,3191.0,3145.0,46.0,0.0146263910969793,3150.6666666666665,3128.6666666666665,4000.0,3304.3352287248817,695.6647712751183
2025,3,1,Kasese,Busongora,Kasese,0.17,30.07,cereals and tubers,Sorghum,KG,2211.0,2180.0,31.0,0.0142201834862385,2210.333333333333,2255.1666666666665,3625.0,2194.3210019147746,1430.6789980852254
2025,3,1,Kaabong,Dodoth,Karenga,3.57,33.7,cereals and tubers,Cassava flour,KG,1591.0,2500.0,-909.0,-0.3636,2141.333333333333,2296.833333333333,1182.0,1975.4107662732827,-793.4107662732827
2025,3,1,Mbarara,Mbarara Municipality,Mbarara,-0.61,30.65,pulses and nuts,Beans,KG,5072.0,5000.0,72.0,0.0144,5024.0,5012.0,5229.0,5022.437768455879,206.56223154412055
2025,3,1,Arua,Terego,Imvepi (refugee settlement),3.23,31.28,milk and dairy,Milk (fresh),L,1250.0,2000.0,-750.0,-0.375,1611.0,2055.5,2000.0,2096.6453886006184,-96.64538860061839
2025,3,1,Kampala,Central Kampala,Owino,0.32,32.57,cereals and tubers,Maize flour,KG,2536.0,2500.0,36.0,0.0144,2345.333333333333,2156.0,2615.0,2451.9773948951038,163.02260510489623
2025,3,1,Hoima,Buhaguzi,Kyangwali (refugee settlement),1.16,30.75,cereals and tubers,Sorghum,KG,2539.0,2967.0,-428.0,-0.1442534546680148,2235.333333333333,1879.0,2500.0,2426.694085868083,73.30591413191678
2025,3,1,Kyegegwa,Kyaka,Kyaka II (refugee settlement),0.36,31.09,cereals and tubers,Maize flour,KG,2979.0,2864.0,115.0,0.0401536312849162,2666.333333333333,2676.0,3109.0,2961.6255880644208,147.37441193557925
2025,3,1,Arua,Terego,Rhino Camp (refugee settlement),3.17,31.31,"meat, fish and eggs",Fish (dry),KG,25833.0,25000.0,833.0,0.03332,24142.0,22905.83333333333,40000.0,21485.90416666667,18514.09583333333
2025,3,1,Arua,Terego,Rhino Camp (refugee settlement),3.17,31.31,cereals and tubers,Maize flour,KG,2316.0,2713.0,-397.0,-0.1463324732768153,2628.6666666666665,2966.0,2860.0,2460.28268531316,399.7173146868399
2025,3,1,Nakapiripirit,Pian,Nabilatuk,2.05,34.57,cereals and tubers,Sorghum,KG,1100.0,875.0,225.0,0.2571428571428571,941.6666666666666,970.8333333333334,1359.0,1107.7628601710953,251.23713982890467
2025,3,1,Arua,Terego,Imvepi (refugee settlement),3.23,31.28,miscellaneous food,Salt,KG,1800.0,1796.0,4.0,0.0022271714922048,1834.3333333333333,1749.8333333333333,1675.0,1794.001707988559,-119.00170798855902
2025,3,1,Lamwo,Lamwo,Palabek (refugee settlement),3.34,32.47,cereals and tubers,Maize flour,KG,2719.0,2277.0,442.0,0.194115063680281,2323.6666666666665,2235.6666666666665,3000.0,2575.5657933980788,424.43420660192123
2025,3,1,Kampala,Central Kampala,Owino,0.32,32.57,cereals and tubers,Millet,KG,4565.0,4500.0,65.0,0.0144444444444444,4577.333333333333,4284.5,4707.0,4132.454795776786,574.5452042232137
2025,3,1,Soroti,Soroti Municipality,Soroti,1.71,33.62,pulses and nuts,Beans,KG,4120.0,4000.0,120.0,0.03,4040.0,4071.1666666666665,4408.0,4164.641808325423,243.35819167457703
2025,3,1,Gulu,Gulu Municipality,Gulu,2.77,32.31,cereals and tubers,Sorghum,KG,1216.0,1199.0,17.0,0.0141784820683903,1204.0,1202.0,1400.0,1243.8935522396575,156.10644776034246
2025,3,1,Adjumani,Adjumani,Adjumani (refugee settlement),3.34,31.78,cereals and tubers,Maize flour,KG,2452.0,2683.0,-231.0,-0.0860976518822213,2497.0,2691.5,2591.0,2366.679749808328,224.32025019167213
2025,3,1,Arua,Terego,Imvepi (refugee settlement),3.23,31.28,vegetables and fruits,Leafy vegetables,KG,2618.0,2159.0,459.0,0.2125984251968504,2544.6666666666665,2641.833333333333,832.0,2589.3582009908205,-1757.3582009908205
2025,3,1,Adjumani,Adjumani,Adjumani (refugee settlement),3.34,31.78,pulses and nuts,Beans,KG,3571.0,3600.0,-29.0,-0.0080555555555555,3623.6666666666665,3797.3333333333335,4000.0,3805.2069364004233,194.79306359957673
2025,3,1,Isingiro,Bukanga,Oruchinga (refugee settlement),-0.94,30.76,cereals and tubers,Cassava (fresh),KG,571.0,571.0,0.0,0.0,623.6666666666666,676.3333333333334,606.0,900.782688944234,-294.782688944234
2025,3,1,Lamwo,Lamwo,Palabek (refugee settlement),3.34,32.47,milk and dairy,Milk (fresh),L,1188.0,1833.0,-645.0,-0.3518821603927987,1673.6666666666667,1836.8333333333333,2000.0,1415.850526552159,584.149473447841
2025,3,1,Adjumani,Adjumani,Adjumani (refugee settlement),3.34,31.78,"meat, fish and eggs",Fish (dry),KG,26311.0,19724.0,6587.0,0.3339586290813222,22912.0,25083.5,20000.0,25656.08,-5656.080000000002
2025,3,1,Yumbe,Aringa,Bidibidi (refugee settlement),3.36,31.35,oil and fats,Oil (vegetable),L,7313.0,7763.0,-450.0,-0.0579672806904547,7790.666666666667,7395.333333333333,7295.0,7267.330299620521,27.669700379478854
2025,3,1,Kampala,Central Kampala,Owino,0.32,32.57,cereals and tubers,Maize (white),KG,2029.0,2000.0,29.0,0.0145,2009.6666666666667,1967.3333333333333,2092.0,2007.0373709112048,84.96262908879521
2025,3,1,Arua,Terego,Imvepi (refugee settlement),3.23,31.28,cereals and tubers,Maize flour,KG,2476.0,2290.0,186.0,0.0812227074235807,2511.0,2653.1666666666665,2476.0,2545.409976318019,-69.40997631801883
2025,3,1,Kaabong,Dodoth,Kaabong,3.54,34.12,cereals and tubers,Maize flour,KG,2500.0,2500.0,0.0,0.0,2420.0,2260.0,2500.0,2481.815299200416,18.18470079958388
2025,3,1,Lamwo,Lamwo,Palabek (refugee settlement),3.34,32.47,miscellaneous food,Salt,KG,1975.0,2000.0,-25.0,-0.0125,1850.0,1905.5,2000.0,1918.9322137589415,81.06778624105846
2025,3,1,Moyo,Obongi,Palorinya (refugee settlement),3.47,31.63,cereals and tubers,Maize flour,KG,1974.0,1789.0,185.0,0.1034097261039687,2087.6666666666665,2247.5,1947.0,2156.6700857573787,-209.67008575737873
2025,3,1,Mbarara,Mbarara Municipality,Mbarara,-0.61,30.65,cereals and tubers,Sorghum,KG,2536.0,2500.0,36.0,0.0144,2512.0,2506.0,2615.0,2496.6556971703267,118.34430282967332
2025,3,1,Masaka,Masaka Municipality,Masaka,-0.35,31.74,cereals and tubers,Millet,KG,4245.0,4185.0,60.0,0.014336917562724,4170.0,4200.833333333333,4377.0,4221.31431836286,155.68568163714008
2025,3,1,Moyo,Obongi,Palorinya (refugee settlement),3.47,31.63,pulses and nuts,Beans,KG,3880.0,3536.0,344.0,0.0972850678733031,3781.6666666666665,3768.5,3940.0,4186.578126187978,-246.57812618797834
2025,3,1,Iganga,Kigulu,Iganga,0.61,33.47,cereals and tubers,Maize flour,KG,2232.0,2200.0,32.0,0.0145454545454545,2144.0,2176.1666666666665,2200.0,2178.6711607073435,21.32883929265654
2025,3,1,Mukono,Mukono,Mukono,0.36,32.75,cereals and tubers,Millet,KG,3855.0,3800.0,55.0,0.0144736842105263,3818.3333333333335,3808.3333333333335,3975.0,3914.8740320990323,60.12596790096768
2025,3,1,Kaabong,Dodoth,Karenga,3.57,33.7,oil and fats,Oil (vegetable),L,7682.0,7000.0,682.0,0.0974285714285714,7227.333333333333,7162.5,8000.0,7687.993474358975,312.0065256410253
2025,3,1,Kiryandongo,Kibanda,Kiryandongo (refugee settlement),1.94,32.21,cereals and tubers,Maize (white),KG,1338.0,1200.0,138.0,0.115,1386.0,1287.3333333333333,1343.0,1480.328046687117,-137.32804668711697
2025,3,1,Hoima,Buhaguzi,Kyangwali (refugee settlement),1.16,30.75,vegetables and fruits,Leafy vegetables,KG,2174.0,1237.0,937.0,0.7574777687954729,1576.6666666666667,1448.0,1695.0,1633.5275397435896,61.472460256410386
2025,3,1,Hoima,Buhaguzi,Kyangwali (refugee settlement),1.16,30.75,milk and dairy,Milk (fresh),L,1043.0,2000.0,-957.0,-0.4785,1681.0,1840.5,2000.0,2131.83,-131.82999999999993
2025,3,1,Wakiso,Busiro,Wakiso,0.4,32.48,cereals and tubers,Sorghum,KG,2029.0,2000.0,29.0,0.0145,2065.333333333333,1998.0,2092.0,2006.9987672919826,85.00123270801737
2025,3,1,Kyegegwa,Kyaka,Kyaka II (refugee settlement),0.36,31.09,cereals and tubers,Millet flour,KG,4048.0,3977.0,71.0,0.0178526527533316,4083.3333333333335,4118.0,4093.0,4050.1913736310175,42.80862636898246
2025,3,1,Hoima,Buhaguzi,Kyangwali (refugee settlement),1.16,30.75,cereals and tubers,Maize flour,KG,2109.0,2010.0,99.0,0.0492537313432835,2345.333333333333,2552.333333333333,2100.0,2188.4492160135846,-88.44921601358465
2025,3,1,Lira,Lira Municipality,Lira,2.23,32.91,cereals and tubers,Maize (white),KG,940.0,927.0,13.0,0.0140237324703344,919.0,910.6666666666666,1300.0,948.2347018829765,351.76529811702346
2025,3,1,Lamwo,Lamwo,Palabek (refugee settlement),3.34,32.47,vegetables and fruits,Leafy vegetables,KG,4000.0,2818.0,1182.0,0.4194464158977998,3106.0,2864.0,2005.0,3571.454265955278,-1566.454265955278
2025,3,1,Moyo,Obongi,Palorinya (refugee settlement),3.47,31.63,oil and fats,Oil (vegetable),L,7667.0,7250.0,417.0,0.0575172413793103,7901.0,7378.333333333333,8227.0,7707.288198310428,519.711801689572
2025,3,1,Kotido,Jie,Kotido,3.0,34.11,cereals and tubers,Maize flour,KG,2250.0,2200.0,50.0,0.0227272727272727,2270.0,2156.6666666666665,2340.0,2163.5779440055035,176.42205599449653
2025,3,1,Isingiro,Bukanga,Oruchinga (refugee settlement),-0.94,30.76,oil and fats,Oil (vegetable),L,7909.0,7400.0,509.0,0.0687837837837837,7768.333333333333,7543.833333333333,8000.0,7825.962967966316,174.03703203368423
2025,3,1,Lamwo,Lamwo,Palabek (refugee settlement),3.34,32.47,cereals and tubers,Millet flour,KG,4375.0,2963.0,1412.0,0.47654404319946,3866.0,3790.6666666666665,4833.0,4672.612245377874,160.3877546221256
2025,3,1,Napak,Bokora,Napak,2.22,34.26,oil and fats,Oil (vegetable),L,7500.0,7000.0,500.0,0.0714285714285714,7166.666666666667,7083.333333333333,7500.0,7662.583970347053,-162.58397034705285
2025,3,1,Isingiro,Bukanga,Nakivale (refugee settlement),-0.78,30.96,vegetables and fruits,Leafy vegetables,KG,1880.0,2173.0,-293.0,-0.1348366313851818,1765.6666666666667,1505.0,1452.0,1782.0205829849908,-330.0205829849908
2025,3,1,Kiryandongo,Kibanda,Kiryandongo (refugee settlement),1.94,32.21,cereals and tubers,Cassava (fresh),KG,1161.0,641.0,520.0,0.8112324492979719,893.3333333333334,885.6666666666666,641.0,1086.6645954767962,-445.6645954767962
2025,3,1,Abim,Labwor,Makaratin,2.71,33.64,cereals and tubers,Millet,KG,2700.0,2217.0,483.0,0.2178619756427605,2522.333333333333,2261.1666666666665,3000.0,2549.5690896061974,450.4309103938026
2025,3,1,Mukono,Mukono,Mukono,0.36,32.75,oil and fats,Oil (vegetable),L,7608.0,7500.0,108.0,0.0144,7536.0,7518.0,7844.0,7457.296529708827,386.7034702911733
2025,3,1,Adjumani,Adjumani,Adjumani (refugee settlement),3.34,31.78,oil and fats,Oil (vegetable),L,7929.0,7848.0,81.0,0.0103211009174311,7809.666666666667,7691.0,8000.0,7632.002555805662,367.99744419433773
2025,3,1,Wakiso,Busiro,Wakiso,0.4,32.48,cereals and tubers,Millet,KG,4058.0,4000.0,58.0,0.0145,3963.6666666666665,3731.8333333333335,4184.0,3915.167755128386,268.83224487161397
2025,3,1,Arua,Terego,Rhino Camp (refugee settlement),3.17,31.31,pulses and nuts,Beans,KG,4652.0,4738.0,-86.0,-0.0181511186154495,4201.333333333333,4124.666666666667,4520.0,4400.285686424219,119.71431357578058
2025,3,1,Iganga,Kigulu,Iganga,0.61,33.47,cereals and tubers,Millet,KG,2536.0,2500.0,36.0,0.0144,2512.0,2476.833333333333,2615.0,2568.817676798452,46.182323201548115
2025,3,1,Mbale,Mbale Municipality,Mbale,1.07,34.18,pulses and nuts,Beans,KG,3550.0,3500.0,50.0,0.0142857142857142,3516.6666666666665,3508.333333333333,3660.0,3549.3909798212594,110.6090201787406
2025,3,1,Kaabong,Dodoth,Kaabong,3.54,34.12,cereals and tubers,Maize (white),KG,1538.0,1337.5,200.5,0.1499065420560747,1395.1666666666667,1260.0833333333333,1806.0,1441.4762900742521,364.5237099257479
2025,3,1,Hoima,Buhaguzi,Kyangwali (refugee settlement),1.16,30.75,cereals and tubers,Millet flour,KG,3939.0,3888.0,51.0,0.0131172839506172,4025.6666666666665,3884.5,4000.0,3907.2160878488344,92.78391215116562
2025,4,2,Kabarole,Fort Portal Municipality,Fort Portal,0.66,30.28,cereals and tubers,Maize (white),KG,2000.0,1269.0,731.0,0.5760441292356187,1506.6666666666667,1378.6666666666667,2000.0,1693.2953281501832,306.7046718498168
2025,4,2,Isingiro,Bukanga,Nakivale (refugee settlement),-0.78,30.96,cereals and tubers,Maize (white),KG,1339.0,1148.0,191.0,0.166376306620209,1164.0,1213.0,1522.0,1380.9072273838083,141.09277261619172
2025,4,2,Arua,Terego,Rhino Camp (refugee settlement),3.17,31.31,cereals and tubers,Cassava (fresh),KG,337.0,421.0,-84.0,-0.1995249406175772,380.0,480.1666666666667,451.0,399.59660000000025,51.40339999999975
2025,4,2,Nakapiripirit,Pian,Nabilatuk,2.05,34.57,cereals and tubers,Sorghum,KG,1359.0,1100.0,259.0,0.2354545454545454,1111.3333333333333,1030.6666666666667,1086.0,1364.1431386812435,-278.1431386812435
2025,4,2,Yumbe,Aringa,Bidibidi (refugee settlement),3.36,31.35,cereals and tubers,Maize (white),KG,1495.0,1233.0,262.0,0.2124898621248986,1300.6666666666667,1384.1666666666667,2338.0,1377.1422905083791,960.8577094916209
2025,4,2,Busia,Samia-bugwe,Busia,0.47,34.09,cereals and tubers,Maize (white),KG,1500.0,1131.0,369.0,0.3262599469496021,1248.6666666666667,1181.8333333333333,1480.0,1424.9384501948086,55.06154980519136
2025,4,2,Masindi,Buruli M,Masindi,1.69,31.71,cereals and tubers,Maize (white),KG,1525.0,1250.0,275.0,0.22,1346.3333333333333,1305.0,1600.0,1479.3663596989506,120.63364030104935
2025,4,2,Kotido,Jie,Kotido,3.0,34.11,cereals and tubers,Sorghum,KG,1120.0,1000.0,120.0,0.12,1040.0,965.0,1725.0,1148.6959563628382,576.3040436371618
2025,4,2,Moyo,Obongi,Palorinya (refugee settlement),3.47,31.63,cereals and tubers,Sorghum,KG,1580.0,1574.0,6.0,0.0038119440914866,1453.6666666666667,1522.8333333333333,2383.0,1715.1618607141163,667.8381392858837
2025,4,2,Arua,Terego,Imvepi (refugee settlement),3.23,31.28,cereals and tubers,Cassava (fresh),KG,410.0,571.0,-161.0,-0.2819614711033275,839.6666666666666,768.0,576.0,629.0783757817674,-53.07837578176736
2025,4,2,Busia,Samia-bugwe,Busia,0.47,34.09,cereals and tubers,Sorghum,KG,1500.0,1216.0,284.0,0.2335526315789473,1304.6666666666667,1251.5,1500.0,1474.5106155005208,25.48938449947923
2025,4,2,Lamwo,Lamwo,Palabek (refugee settlement),3.34,32.47,cereals and tubers,Sorghum,KG,1150.0,819.0,331.0,0.4041514041514041,923.0,997.0,1478.0,1162.109403415033,315.89059658496694
2025,4,2,Jinja,Jinja Municipality,Jinja,0.42,33.2,cereals and tubers,Maize (white),KG,2092.0,2029.0,63.0,0.0310497782158698,2040.3333333333333,1857.6666666666667,2000.0,2110.8428963881847,-110.84289638818473
2025,4,2,Moyo,Obongi,Palorinya (refugee settlement),3.47,31.63,cereals and tubers,Cassava (fresh),KG,446.0,417.0,29.0,0.0695443645083932,445.6666666666667,502.8333333333333,523.0,596.9786794746556,-73.97867947465556
2025,4,2,Kyegegwa,Kyaka,Kyaka II (refugee settlement),0.36,31.09,cereals and tubers,Sorghum,KG,2289.0,2034.0,255.0,0.1253687315634218,2107.6666666666665,2122.0,2500.0,2259.5000569729596,240.49994302704044
2025,4,2,Moroto,Moroto Municipality,Moroto,2.53,34.65,cereals and tubers,Sorghum,KG,1438.0,1220.0,218.0,0.1786885245901639,1286.0,1240.3333333333333,1614.0,1434.1595817428024,179.8404182571976
2025,4,2,Mbarara,Mbarara Municipality,Mbarara,-0.61,30.65,cereals and tubers,Maize (white),KG,1569.0,1522.0,47.0,0.0308804204993429,1530.3333333333333,1515.1666666666667,2625.0,1669.5244597705052,955.4755402294948
2025,4,2,Adjumani,Adjumani,Adjumani (refugee settlement),3.34,31.78,cereals and tubers,Sorghum,KG,1545.0,1281.0,264.0,0.2060889929742388,1350.6666666666667,1508.1666666666667,1905.0,1687.8291718650964,217.17082813490356
2025,4,2,Kyegegwa,Kyaka,Kyaka II (refugee settlement),0.36,31.09,cereals and tubers,Maize (white),KG,1464.0,1199.0,265.0,0.2210175145954962,1246.6666666666667,1212.3333333333333,1633.0,1433.9196503816204,199.0803496183796
2025,4,2,Isingiro,Bukanga,Nakivale (refugee settlement),-0.78,30.96,cereals and tubers,Cassava (fresh),KG,595.0,616.0,-21.0,-0.034090909090909,587.3333333333334,641.1666666666666,506.0,631.600155652715,-125.60015565271499
2025,4,2,Kaabong,Dodoth,Karenga,3.57,33.7,pulses and nuts,Beans,KG,4000.0,3545.0,455.0,0.1283497884344146,3570.556666666667,3309.111666666666,4000.0,4027.346108915833,-27.346108915833156
2025,4,2,Kamwenge,Kibale,Rwamwanja (refugee settlement),0.31,30.68,milk and dairy,Milk (fresh),L,1667.0,1063.0,604.0,0.5682031984948259,1353.0,1341.1666666666667,2000.0,1653.3261657729558,346.67383422704415
2025,4,2,Moyo,Obongi,Palorinya (refugee settlement),3.47,31.63,cereals and tubers,Maize (white),KG,1820.0,1820.0,0.0,0.0,1706.3333333333333,1623.3333333333333,2633.0,1771.8332383148625,861.1667616851375
2025,4,2,Hoima,Buhaguzi,Kyangwali (refugee settlement),1.16,30.75,cereals and tubers,Maize (white),KG,1100.0,1139.0,-39.0,-0.0342405618964003,1023.3333333333334,1093.0,1614.0,1121.3443785329757,492.6556214670243
2025,4,2,Moroto,Moroto Municipality,Moroto,2.53,34.65,cereals and tubers,Maize (white),KG,1471.0,1240.0,231.0,0.1862903225806451,1323.6666666666667,1274.8333333333333,1673.0,1417.9519828843083,255.04801711569166
2025,4,2,Arua,Terego,Imvepi (refugee settlement),3.23,31.28,milk and dairy,Milk (fresh),L,2000.0,1250.0,750.0,0.6,1750.0,1972.1666666666667,2000.0,1694.9160541158355,305.08394588416445
2025,4,2,Lamwo,Lamwo,Palabek (refugee settlement),3.34,32.47,cereals and tubers,Cassava (fresh),KG,427.0,526.0,-99.0,-0.188212927756654,627.0,663.0,607.0,686.897934832786,-79.89793483278595
2025,4,2,Isingiro,Bukanga,Oruchinga (refugee settlement),-0.94,30.76,cereals and tubers,Cassava (fresh),KG,606.0,571.0,35.0,0.0612959719789842,582.6666666666666,635.1666666666666,511.0,854.4490534544739,-343.44905345447387
2025,4,2,Lira,Lira Municipality,Lira,2.23,32.91,cereals and tubers,Maize (white),KG,1300.0,940.0,360.0,0.3829787234042553,1055.6666666666667,991.1666666666666,1475.0,1348.601694175057,126.39830582494301
2025,4,2,Adjumani,Adjumani,Adjumani (refugee settlement),3.34,31.78,milk and dairy,Milk (fresh),L,2000.0,1238.0,762.0,0.6155088852988692,1746.0,1873.0,2000.0,1658.3870545831119,341.6129454168881
2025,4,2,Isingiro,Bukanga,Nakivale (refugee settlement),-0.78,30.96,miscellaneous food,Salt,KG,1622.0,1579.0,43.0,0.0272324255858138,1619.3333333333333,1658.8333333333333,1600.0,1658.7715797814294,-58.77157978142941
2025,4,2,Isingiro,Bukanga,Oruchinga (refugee settlement),-0.94,30.76,milk and dairy,Milk (fresh),L,2000.0,1083.0,917.0,0.8467220683287165,1627.6666666666667,1673.3333333333333,2000.0,1760.0603512371863,239.9396487628137
2025,4,2,Kyegegwa,Kyaka,Kyaka II (refugee settlement),0.36,31.09,milk and dairy,Milk (fresh),L,1760.0,1035.0,725.0,0.7004830917874396,1420.6666666666667,1458.6666666666667,2000.0,1631.295932274426,368.7040677255741
2025,4,2,Hoima,Buhaguzi,Kyangwali (refugee settlement),1.16,30.75,cereals and tubers,Cassava (fresh),KG,602.0,623.0,-21.0,-0.0337078651685393,639.3333333333334,666.3333333333334,506.0,715.6661136146495,-209.66611361464948
2025,4,2,Kaabong,Dodoth,Karenga,3.57,33.7,cereals and tubers,Sorghum,KG,1250.0,1100.0,150.0,0.1363636363636363,1116.6666666666667,1058.3333333333333,1525.0,1220.288844478898,304.711155521102
2025,4,2,Kasese,Busongora,Kasese,0.17,30.07,cereals and tubers,Maize (white),KG,1538.0,1522.0,16.0,0.0105124835742444,1520.0,1510.0,1900.0,1509.837290330978,390.162709669022
2025,4,2,Nakapiripirit,Kadani,Namalu,1.79,34.6,cereals and tubers,Maize (white),KG,1442.0,1250.0,192.0,0.1536,1297.3333333333333,1165.8333333333333,1619.0,1406.6233747215351,212.37662527846487
2025,4,2,Lamwo,Lamwo,Palabek (refugee settlement),3.34,32.47,vegetables and fruits,Leafy vegetables,KG,2005.0,4000.0,-1995.0,-0.49875,2941.0,2879.6666666666665,2000.0,2226.6814080136064,-226.68140801360641
2025,4,2,Arua,Terego,Imvepi (refugee settlement),3.23,31.28,miscellaneous food,Salt,KG,1675.0,1800.0,-125.0,-0.0694444444444444,1757.0,1696.3333333333333,1800.0,1735.6466134879229,64.35338651207712
2025,4,2,Moyo,Obongi,Palorinya (refugee settlement),3.47,31.63,milk and dairy,Milk (fresh),L,2000.0,2000.0,0.0,0.0,2000.0,1871.1666666666667,2000.0,2004.7675612892665,-4.767561289266496
2025,4,2,Kamwenge,Kibale,Rwamwanja (refugee settlement),0.31,30.68,cereals and tubers,Maize (white),KG,1300.0,1125.0,175.0,0.1555555555555555,1089.6666666666667,1186.5,1507.0,1296.1440111956106,210.85598880438943
2025,4,2,Kiryandongo,Kibanda,Kiryandongo (refugee settlement),1.94,32.21,cereals and tubers,Maize (white),KG,1343.0,1338.0,5.0,0.0037369207772795,1293.6666666666667,1344.5,1675.0,1470.4906420699251,204.50935793007488
2025,4,2,Jinja,Jinja Municipality,Jinja,0.42,33.2,cereals and tubers,Sorghum,KG,2092.0,1800.0,292.0,0.1622222222222222,1964.0,1918.6666666666667,2000.0,2030.9196604811984,-30.919660481198434
2025,4,2,Arua,Terego,Rhino Camp (refugee settlement),3.17,31.31,miscellaneous food,Salt,KG,1880.0,1676.0,204.0,0.1217183770883054,1799.6666666666667,1816.3333333333333,2000.0,1833.4636433058204,166.53635669417963
2025,4,2,Masindi,Buruli M,Masindi,1.69,31.71,cereals and tubers,Sorghum,KG,1750.0,2250.0,-500.0,-0.2222222222222222,2000.0,2078.833333333333,2000.0,1805.6241550772902,194.3758449227098
2025,4,2,Hoima,Buhaguzi,Kyangwali (refugee settlement),1.16,30.75,milk and dairy,Milk (fresh),L,2000.0,1043.0,957.0,0.9175455417066156,1681.0,1840.5,2000.0,1722.415642797116,277.5843572028839
2025,4,2,Kaabong,Dodoth,Kaabong,3.54,34.12,cereals and tubers,Maize (white),KG,1806.0,1538.0,268.0,0.1742522756827048,1560.5,1394.4166666666667,2031.0,1811.9018667511916,219.09813324880838
2025,4,2,Isingiro,Bukanga,Oruchinga (refugee settlement),-0.94,30.76,cereals and tubers,Sorghum,KG,1929.0,1400.0,529.0,0.3778571428571428,1443.0,1721.3333333333333,4250.0,1959.743964663236,2290.256035336764
2025,4,2,Hoima,Bugahya,Hoima,1.43,31.35,cereals and tubers,Sorghum,KG,3000.0,3043.0,-43.0,-0.0141307919815971,3014.333333333333,3007.1666666666665,3400.0,2849.064992125998,550.9350078740022
2025,4,2,Hoima,Bugahya,Hoima,1.43,31.35,cereals and tubers,Maize (white),KG,1300.0,1014.0,286.0,0.282051282051282,1104.6666666666667,1052.3333333333333,2100.0,1473.0027586005306,626.9972413994694
2025,4,2,Lamwo,Lamwo,Palabek (refugee settlement),3.34,32.47,cereals and tubers,Maize (white),KG,1683.0,1438.0,245.0,0.170375521557719,1519.6666666666667,1403.5,1978.0,1679.447748858596,298.552251141404
2025,4,2,Lamwo,Lamwo,Palabek (refugee settlement),3.34,32.47,milk and dairy,Milk (fresh),L,2000.0,1188.0,812.0,0.6835016835016835,1673.6666666666667,1836.8333333333333,2000.0,1848.6711951275026,151.32880487249736
2025,4,2,Isingiro,Bukanga,Nakivale (refugee settlement),-0.78,30.96,cereals and tubers,Sorghum,KG,1600.0,1468.0,132.0,0.0899182561307901,1513.0,1677.3333333333333,2000.0,1698.3952161117156,301.6047838882844
2025,4,2,Amudat,Upe,Karita,1.54,34.83,cereals and tubers,Maize (white),KG,1508.0,1350.0,158.0,0.117037037037037,1359.3333333333333,1311.5,1769.0,1822.6005075776986,-53.600507577698636
2025,4,2,Gulu,Gulu Municipality,Gulu,2.77,32.31,cereals and tubers,Sorghum,KG,1400.0,1216.0,184.0,0.1513157894736842,1271.6666666666667,1235.3333333333333,2000.0,1355.4181189082922,644.5818810917078
2025,4,2,Koboko,Koboko,Lobule (refugee settlement),3.39,31.03,vegetables and fruits,Leafy vegetables,KG,1429.0,2000.0,-571.0,-0.2855,1883.6666666666667,1889.1666666666667,1715.0,1716.7522435618353,-1.7522435618352574
2025,4,2,Mbarara,Mbarara Municipality,Mbarara,-0.61,30.65,cereals and tubers,Sorghum,KG,2615.0,2536.0,79.0,0.0311514195583596,2550.333333333333,2525.1666666666665,3050.0,2576.4343718563314,473.5656281436686
2025,4,2,Gulu,Gulu Municipality,Gulu,2.77,32.31,cereals and tubers,Maize (white),KG,1550.0,1242.0,308.0,0.2479871175523349,1338.6666666666667,1281.3333333333333,2000.0,1601.3924166397105,398.6075833602895
2025,4,2,Iganga,Kigulu,Iganga,0.61,33.47,cereals and tubers,Sorghum,KG,1600.0,2029.0,-429.0,-0.2114342040413997,1876.3333333333333,1844.8333333333333,2133.0,1639.3714787521003,493.6285212478997
2025,4,2,Yumbe,Aringa,Bidibidi (refugee settlement),3.36,31.35,vegetables and fruits,Leafy vegetables,KG,1189.0,2328.0,-1139.0,-0.4892611683848797,1922.3333333333333,2217.5,1595.0,1558.6321527777777,36.36784722222228
2025,4,2,Nakapiripirit,Kadani,Namalu,1.79,34.6,cereals and tubers,Sorghum,KG,1342.0,1183.0,159.0,0.1344040574809805,1208.3333333333333,1108.0,1506.0,1388.4850022920953,117.51499770790474
2025,4,2,Koboko,Koboko,Lobule (refugee settlement),3.39,31.03,cereals and tubers,Cassava (fresh),KG,446.0,549.0,-103.0,-0.1876138433515482,500.0,616.0,436.0,635.731951241837,-199.731951241837
2025,4,2,Hoima,Buhaguzi,Kyangwali (refugee settlement),1.16,30.75,cereals and tubers,Sorghum,KG,2500.0,2539.0,-39.0,-0.0153603781016148,2668.6666666666665,2006.8333333333333,4367.0,2526.1908878917466,1840.8091121082534
2025,4,2,Kasese,Busongora,Kasese,0.17,30.07,cereals and tubers,Sorghum,KG,3625.0,2211.0,1414.0,0.6395296246042514,2672.0,2426.0,4000.0,2752.3744630275974,1247.6255369724026
2025,4,2,Adjumani,Adjumani,Adjumani (refugee settlement),3.34,31.78,cereals and tubers,Cassava (fresh),KG,446.0,684.0,-238.0,-0.347953216374269,579.3333333333334,516.5,645.0,726.4068593608436,-81.40685936084355
2025,4,2,Kiryandongo,Kibanda,Kiryandongo (refugee settlement),1.94,32.21,cereals and tubers,Cassava (fresh),KG,641.0,1161.0,-520.0,-0.4478897502153316,814.3333333333334,850.3333333333334,562.0,725.3307287428929,-163.33072874289292
2025,4,2,Isingiro,Bukanga,Nakivale (refugee settlement),-0.78,30.96,milk and dairy,Milk (fresh),L,1800.0,1090.0,710.0,0.6513761467889908,1596.6666666666667,1598.3333333333333,2000.0,1640.9878307154927,359.0121692845073
2025,4,2,Kiryandongo,Kibanda,Kiryandongo (refugee settlement),1.94,32.21,milk and dairy,Milk (fresh),L,1800.0,1250.0,550.0,0.44,1616.6666666666667,1808.3333333333333,2458.0,1718.923920995142,739.076079004858
2025,4,2,Soroti,Soroti Municipality,Soroti,1.71,33.62,cereals and tubers,Sorghum,KG,1367.0,1140.0,227.0,0.1991228070175438,1222.3333333333333,1206.1666666666667,1400.0,1424.696854337602,-24.696854337601962
2025,4,2,Yumbe,Aringa,Bidibidi (refugee settlement),3.36,31.35,cereals and tubers,Sorghum,KG,1251.0,1088.0,163.0,0.1498161764705882,1139.0,1306.6666666666667,1515.0,1208.6353310726233,306.36466892737667
2025,4,2,Kyegegwa,Kyaka,Kyaka II (refugee settlement),0.36,31.09,vegetables and fruits,Leafy vegetables,KG,1695.0,1613.0,82.0,0.050836949783013,1743.6666666666667,1763.3333333333333,1812.0,1894.5401745836195,-82.54017458361955
2025,4,2,Arua,Terego,Rhino Camp (refugee settlement),3.17,31.31,milk and dairy,Milk (fresh),L,2000.0,1260.0,740.0,0.5873015873015873,1753.3333333333333,1876.6666666666667,2000.0,1693.089777117216,306.91022288278396
2025,4,2,Arua,Arua Municipality,Arua,3.02,30.91,cereals and tubers,Maize (white),KG,1569.0,1522.0,47.0,0.0308804204993429,1530.3333333333333,1215.1666666666667,1600.0,1944.5573024696712,-344.5573024696712
2025,4,2,Moyo,Obongi,Palorinya (refugee settlement),3.47,31.63,vegetables and fruits,Leafy vegetables,KG,1429.0,1250.0,179.0,0.1432,1680.0,1757.5,1731.0,1640.8266163414553,90.17338365854471
2025,4,2,Kaabong,Dodoth,Kaabong,3.54,34.12,cereals and tubers,Sorghum,KG,1538.0,1225.0,313.0,0.2555102040816326,1250.1666666666667,1195.9166666666667,1713.0,1464.0874627705227,248.91253722947727
2025,4,2,Koboko,Koboko,Lobule (refugee settlement),3.39,31.03,cereals and tubers,Sorghum,KG,1183.0,1197.0,-14.0,-0.0116959064327485,1145.6666666666667,1402.1666666666667,1750.0,1231.2593129288457,518.7406870711543
2025,4,2,Kween,Kween,Kapchorwa,1.38,34.52,cereals and tubers,Sorghum,KG,2000.0,3043.0,-1043.0,-0.3427538613210647,2681.0,2840.5,1667.0,2076.684758773936,-409.6847587739362
2025,4,2,Arua,Terego,Imvepi (refugee settlement),3.23,31.28,cereals and tubers,Sorghum,KG,1127.0,1233.0,-106.0,-0.0859691808596918,1076.0,1073.6666666666667,1252.0,1340.5290237287106,-88.52902372871063
2025,4,2,Soroti,Soroti Municipality,Soroti,1.71,33.62,cereals and tubers,Maize (white),KG,1379.0,1200.0,179.0,0.1491666666666666,1246.3333333333333,1192.0,1408.0,1391.7362762655068,16.26372373449317
2025,4,2,Kamwenge,Kibale,Rwamwanja (refugee settlement),0.31,30.68,cereals and tubers,Cassava (fresh),KG,606.0,464.0,142.0,0.3060344827586206,590.3333333333334,645.8333333333334,415.0,655.7039867247684,-240.70398672476836
2025,4,2,Isingiro,Bukanga,Oruchinga (refugee settlement),-0.94,30.76,miscellaneous food,Salt,KG,1514.0,1533.0,-19.0,-0.0123939986953685,1549.0,1558.8333333333333,1400.0,1761.0819616352906,-361.08196163529055
2025,4,2,Hoima,Buhaguzi,Kyangwali (refugee settlement),1.16,30.75,miscellaneous food,Salt,KG,1760.0,1826.0,-66.0,-0.036144578313253,1796.6666666666667,1828.5,1886.0,1779.1455940003113,106.85440599968865
2025,4,2,Kyegegwa,Kyaka,Kyaka II (refugee settlement),0.36,31.09,cereals and tubers,Cassava (fresh),KG,309.0,403.0,-94.0,-0.2332506203473945,363.3333333333333,492.5,418.0,377.55070000000023,40.449299999999766
2025,4,2,Kabarole,Fort Portal Municipality,Fort Portal,0.66,30.28,cereals and tubers,Sorghum,KG,4000.0,3043.0,957.0,0.3144922773578705,3347.6666666666665,3173.833333333333,4000.0,3643.3979745725183,356.60202542748175
2025,4,2,Arua,Terego,Rhino Camp (refugee settlement),3.17,31.31,cereals and tubers,Sorghum,KG,1668.0,1656.0,12.0,0.0072463768115942,1693.3333333333333,1781.5,1500.0,1726.7776966342549,-226.77769663425488
2025,4,2,Adjumani,Adjumani,Adjumani (refugee settlement),3.34,31.78,miscellaneous food,Salt,KG,2000.0,2000.0,0.0,0.0,2000.0,1949.5,1943.0,1976.9322082072133,-33.93220820721331
2025,4,2,Mbale,Mbale Municipality,Mbale,1.07,34.18,cereals and tubers,Maize (white),KG,1569.0,1522.0,47.0,0.0308804204993429,1530.3333333333333,1515.1666666666667,1300.0,1666.8935242396597,-366.89352423965965
2025,4,2,Kiryandongo,Kibanda,Kiryandongo (refugee settlement),1.94,32.21,cereals and tubers,Sorghum,KG,2036.0,2429.0,-393.0,-0.161794977356937,2271.6666666666665,2193.5,2318.0,2049.68869135262,268.31130864738
2025,4,2,Arua,Arua Municipality,Arua,3.02,30.91,cereals and tubers,Sorghum,KG,1812.0,1758.0,54.0,0.030716723549488,1767.6666666666667,1750.5,2000.0,1899.8289860470761,100.17101395292389
2025,4,2,Yumbe,Aringa,Bidibidi (refugee settlement),3.36,31.35,milk and dairy,Milk (fresh),L,1900.0,1025.0,875.0,0.8536585365853658,1530.6666666666667,1742.6666666666667,2000.0,1762.6765797718049,237.32342022819512
2025,4,2,Lira,Lira Municipality,Lira,2.23,32.91,cereals and tubers,Sorghum,KG,1067.0,1026.0,41.0,0.0399610136452241,1034.6666666666667,1022.8333333333334,1113.0,1054.8206483336073,58.17935166639268
2025,4,2,Kotido,Jie,Kotido,3.0,34.11,cereals and tubers,Maize (white),KG,1100.0,1067.0,33.0,0.0309278350515463,1055.6666666666667,1019.5,1513.0,1172.5812999540065,340.41870004599355
2025,4,2,Mbale,Mbale Municipality,Mbale,1.07,34.18,cereals and tubers,Sorghum,KG,1569.0,1522.0,47.0,0.0308804204993429,1530.3333333333333,1515.1666666666667,2250.0,1637.5174308607009,612.4825691392991
2025,4,2,Isingiro,Bukanga,Oruchinga (refugee settlement),-0.94,30.76,cereals and tubers,Maize (white),KG,1543.0,1333.0,210.0,0.1575393848462115,1292.0,1287.1666666666667,1433.0,1516.8320292095718,-83.83202920957183
2025,4,2,Abim,Labwor,Makaratin,2.71,33.64,cereals and tubers,Maize (white),KG,1400.0,1100.0,300.0,0.2727272727272727,1150.0,1050.0,1275.0,1411.385676857541,-136.38567685754106
2025,4,2,Yumbe,Aringa,Bidibidi (refugee settlement),3.36,31.35,cereals and tubers,Cassava (fresh),KG,946.0,559.0,387.0,0.6923076923076923,669.6666666666666,786.5,686.0,880.4875151266039,-194.48751512660385
2025,4,2,Iganga,Kigulu,Iganga,0.61,33.47,cereals and tubers,Maize (white),KG,2000.0,1014.0,986.0,0.9723865877712032,1338.0,1307.6666666666667,1817.0,1740.051490238095,76.94850976190492
2025,4,2,Abim,Labwor,Makaratin,2.71,33.64,cereals and tubers,Sorghum,KG,1200.0,1050.0,150.0,0.1428571428571428,1027.3333333333333,939.5,1600.0,1155.7603403250416,444.2396596749584
2025,4,2,Koboko,Koboko,Lobule (refugee settlement),3.39,31.03,cereals and tubers,Maize (white),KG,1527.0,1470.0,57.0,0.0387755102040816,1405.6666666666667,1376.5,2000.0,1520.064427393216,479.93557260678404
2025,4,2,Koboko,Koboko,Lobule (refugee settlement),3.39,31.03,milk and dairy,Milk (fresh),L,2000.0,1000.0,1000.0,1.0,1444.3333333333333,1572.1666666666667,2000.0,1758.4820588843386,241.51794111566142
2025,4,2,Kabarole,Fort Portal Municipality,Fort Portal,0.66,30.28,cereals and tubers,Millet,KG,4975.0,3043.0,1932.0,0.6348997699638514,3672.6666666666665,3336.333333333333,5000.0,3793.772852380953,1206.2271476190472
2025,4,2,Kiryandongo,Kibanda,Kiryandongo (refugee settlement),1.94,32.21,"meat, fish and eggs",Fish (dry),KG,14886.0,42500.0,-27614.0,-0.6497411764705883,26146.33333333333,30391.5,21179.0,26250.59,-5071.59
2025,4,2,Kiryandongo,Kibanda,Kiryandongo (refugee settlement),1.94,32.21,cereals and tubers,Millet flour,KG,4300.0,5313.0,-1013.0,-0.1906644080557124,4648.666666666667,4556.333333333333,4900.0,4354.786100704542,545.2138992954578
2025,4,2,Kween,Kween,Kapchorwa,1.38,34.52,cereals and tubers,Cassava flour,KG,2000.0,1217.0,783.0,0.6433853738701726,1472.3333333333333,1336.1666666666667,1500.0,1817.698961904762,-317.698961904762
2025,4,2,Isingiro,Bukanga,Nakivale (refugee settlement),-0.78,30.96,oil and fats,Oil (vegetable),L,7633.0,7669.0,-36.0,-0.0046942234971965,7707.666666666667,7815.333333333333,7667.0,7328.199998713369,338.8000012866314
2025,4,2,Moyo,Obongi,Palorinya (refugee settlement),3.47,31.63,miscellaneous food,Salt,KG,1928.0,1896.0,32.0,0.0168776371308016,1941.3333333333333,1955.1666666666667,1920.0,2080.4730334770375,-160.47303347703746
2025,4,2,Jinja,Jinja Municipality,Jinja,0.42,33.2,cereals and tubers,Millet,KG,3137.0,3043.0,94.0,0.0308905685179099,3060.0,2941.6666666666665,3900.0,3125.746987563109,774.2530124368909
2025,4,2,Busia,Samia-bugwe,Busia,0.47,34.09,cereals and tubers,Millet,KG,2818.0,2733.0,85.0,0.031101353823637,2748.333333333333,2721.333333333333,4325.0,2850.878761636866,1474.1212383631341
2025,4,2,Kasese,Busongora,Kasese,0.17,30.07,oil and fats,Oil (vegetable),L,7250.0,7743.0,-493.0,-0.0636704119850187,7542.0,7587.666666666667,7000.0,7321.392523889716,-321.39252388971636
2025,4,2,Kasese,Busongora,Kasese,0.17,30.07,cereals and tubers,Maize flour,KG,2138.0,2029.0,109.0,0.0537210448496796,2055.6666666666665,2027.8333333333333,2450.0,2155.752078008641,294.2479219913589
2025,4,2,Amudat,Upe,Karita,1.54,34.83,pulses and nuts,Beans,KG,4167.0,4250.0,-83.0,-0.0195294117647058,4139.0,4383.333333333333,4281.0,4140.4804831515385,140.51951684846154
2025,4,2,Arua,Terego,Rhino Camp (refugee settlement),3.17,31.31,"meat, fish and eggs",Fish (dry),KG,40000.0,25833.0,14167.0,0.5484070762203384,30277.666666666668,25971.666666666668,23278.0,30695.8,-7417.799999999999
2025,4,2,Masaka,Masaka Municipality,Masaka,-0.35,31.74,cereals and tubers,Cassava flour,KG,1696.0,1645.0,51.0,0.0310030395136778,1654.3333333333333,1638.0,1350.0,1744.4692304051644,-394.46923040516435
2025,4,2,Mbarara,Mbarara Municipality,Mbarara,-0.61,30.65,pulses and nuts,Beans,KG,5229.0,5072.0,157.0,0.0309542586750788,5100.333333333333,5050.166666666667,5125.0,5013.565277692803,111.43472230719726
2025,4,2,Kaabong,Dodoth,Karenga,3.57,33.7,cereals and tubers,Maize flour,KG,2582.0,2364.0,218.0,0.0922165820642978,2315.333333333333,2162.5,2917.0,2533.405346966239,383.594653033761
2025,4,2,Gulu,Gulu Municipality,Gulu,2.77,32.31,cereals and tubers,Cassava flour,KG,5250.0,4031.0,1219.0,0.3024063507814438,4418.0,4195.666666666667,4667.0,5011.303578400094,-344.303578400094
2025,4,2,Kasese,Busongora,Kasese,0.17,30.07,cereals and tubers,Cassava flour,KG,1050.0,710.0,340.0,0.4788732394366197,820.0,760.0,1000.0,955.1074245346113,44.892575465388745
2025,4,2,Kween,Kween,Kapchorwa,1.38,34.52,cereals and tubers,Millet,KG,3500.0,1995.0,1505.0,0.7543859649122807,2487.333333333333,2310.333333333333,4467.0,2270.411621875,2196.588378125
2025,4,2,Hoima,Buhaguzi,Kyangwali (refugee settlement),1.16,30.75,pulses and nuts,Beans,KG,2540.0,2783.0,-243.0,-0.0873158462091268,2687.0,3185.6666666666665,4000.0,2793.8734294865885,1206.1265705134115
2025,4,2,Abim,Labwor,Makaratin,2.71,33.64,oil and fats,Oil (vegetable),L,7600.0,8088.0,-488.0,-0.0603363006923837,7779.333333333333,7648.0,8000.0,7394.946222560724,605.053777439276
2025,4,2,Gulu,Gulu Municipality,Gulu,2.77,32.31,cereals and tubers,Millet,KG,3125.0,2496.0,629.0,0.2520032051282051,2693.6666666666665,2577.0,6000.0,3037.0362388786,2962.9637611214
2025,4,2,Moyo,Obongi,Palorinya (refugee settlement),3.47,31.63,cereals and tubers,Millet flour,KG,5789.0,5714.0,75.0,0.0131256562828141,5651.0,4992.166666666667,6250.0,5445.133400000001,804.8665999999994
2025,4,2,Jinja,Jinja Municipality,Jinja,0.42,33.2,oil and fats,Oil (vegetable),L,7844.0,7608.0,236.0,0.0310199789695057,7650.666666666667,7700.333333333333,7600.0,7686.4502502223595,-86.4502502223595
2025,4,2,Mbale,Mbale Municipality,Mbale,1.07,34.18,oil and fats,Oil (vegetable),L,7321.0,7101.0,220.0,0.0309815518940994,7140.666666666667,7070.333333333333,7750.0,7297.16094543063,452.8390545693701
2025,4,2,Hoima,Bugahya,Hoima,1.43,31.35,cereals and tubers,Cassava flour,KG,1000.0,2029.0,-1029.0,-0.5071463775258748,1676.3333333333333,1838.1666666666667,2000.0,1317.577614348371,682.4223856516289
2025,4,2,Kotido,Jie,Kotido,3.0,34.11,oil and fats,Oil (vegetable),L,7500.0,7617.0,-117.0,-0.0153603781016148,7580.666666666667,7686.166666666667,7600.0,7629.322390085909,-29.32239008590932
2025,4,2,Masindi,Buruli M,Masindi,1.69,31.71,cereals and tubers,Millet,KG,4250.0,3250.0,1000.0,0.3076923076923077,3670.0,3589.833333333333,4688.0,4248.622306137071,439.37769386292894
2025,4,2,Isingiro,Bukanga,Nakivale (refugee settlement),-0.78,30.96,vegetables and fruits,Leafy vegetables,KG,1452.0,1880.0,-428.0,-0.2276595744680851,1835.0,1549.5,1635.0,1682.544330882232,-47.54433088223209
2025,4,2,Hoima,Buhaguzi,Kyangwali (refugee settlement),1.16,30.75,cereals and tubers,Maize flour,KG,2100.0,2109.0,-9.0,-0.0042674253200568,2073.0,2402.333333333333,3057.0,2075.996184883629,981.0038151163708
2025,4,2,Lamwo,Lamwo,Palabek (refugee settlement),3.34,32.47,cereals and tubers,Millet flour,KG,4833.0,4375.0,458.0,0.1046857142857142,4057.0,4047.6666666666665,5056.0,4486.872615056094,569.1273849439058
2025,4,2,Arua,Arua Municipality,Arua,3.02,30.91,cereals and tubers,Maize flour,KG,2632.0,2553.0,79.0,0.0309439874657265,2567.333333333333,2542.0,3000.0,2135.4198796969868,864.5801203030132
2025,4,2,Busia,Samia-bugwe,Busia,0.47,34.09,pulses and nuts,Beans,KG,3267.0,3265.0,2.0,0.0006125574272588,3250.0,3234.1666666666665,3800.0,3343.806412803338,456.19358719666207
2025,4,2,Kween,Kween,Kapchorwa,1.38,34.52,cereals and tubers,Maize flour,KG,2300.0,2400.0,-100.0,-0.0416666666666666,2350.0,2275.0,2800.0,2199.862930106015,600.137069893985
2025,4,2,Adjumani,Adjumani,Adjumani (refugee settlement),3.34,31.78,vegetables and fruits,Leafy vegetables,KG,1429.0,1672.0,-243.0,-0.145334928229665,1610.0,1850.1666666666667,1901.0,1745.4467768162424,155.5532231837576
2025,4,2,Kotido,Jie,Kotido,3.0,34.11,cereals and tubers,Cassava flour,KG,1800.0,1500.0,300.0,0.2,1600.0,1725.0,2000.0,1828.6007087091273,171.39929129087272
2025,4,2,Kamwenge,Kibale,Rwamwanja (refugee settlement),0.31,30.68,cereals and tubers,Maize flour,KG,2977.0,2817.0,160.0,0.0567980120695775,2838.6666666666665,2904.6666666666665,2900.0,3018.2243869935687,-118.22438699356871
2025,4,2,Kyegegwa,Kyaka,Kyaka II (refugee settlement),0.36,31.09,oil and fats,Oil (vegetable),L,8000.0,7882.0,118.0,0.0149708195889368,7930.333333333333,7948.0,8000.0,7865.083348166452,134.9166518335478
2025,4,2,Kaabong,Dodoth,Karenga,3.57,33.7,oil and fats,Oil (vegetable),L,8000.0,7682.0,318.0,0.0413954699297058,7560.666666666667,7304.166666666667,8000.0,7733.776810502657,266.2231894973429
2025,4,2,Lamwo,Lamwo,Palabek (refugee settlement),3.34,32.47,miscellaneous food,Salt,KG,2000.0,1975.0,25.0,0.0126582278481012,1991.6666666666667,1925.0,2000.0,1962.5898073317137,37.4101926682863
2025,4,2,Kaabong,Dodoth,Karenga,3.57,33.7,cereals and tubers,Maize (white),KG,1300.0,1406.0,-106.0,-0.0753911806543385,1318.6666666666667,1068.1666666666667,1309.0,1293.9857752424366,15.014224757563397
2025,4,2,Arua,Terego,Rhino Camp (refugee settlement),3.17,31.31,vegetables and fruits,Leafy vegetables,KG,1484.0,4000.0,-2516.0,-0.629,2912.6666666666665,2068.6666666666665,1736.0,2249.26,-513.2600000000002
2025,4,2,Iganga,Kigulu,Iganga,0.61,33.47,cereals and tubers,Maize flour,KG,2200.0,2232.0,-32.0,-0.014336917562724,2210.6666666666665,2209.5,2383.0,2168.4214628736127,214.57853712638735
2025,4,2,Iganga,Kigulu,Iganga,0.61,33.47,pulses and nuts,Beans,KG,3500.0,4058.0,-558.0,-0.1375061606702809,3852.6666666666665,3984.6666666666665,4500.0,3691.0322400793225,808.9677599206775
2025,4,2,Kampala,Central Kampala,Owino,0.32,32.57,cereals and tubers,Maize flour,KG,2615.0,2536.0,79.0,0.0311514195583596,2550.333333333333,2275.1666666666665,2648.0,2637.6726480739508,10.327351926049232
2025,4,2,Iganga,Kigulu,Iganga,0.61,33.47,cereals and tubers,Millet,KG,2615.0,2536.0,79.0,0.0311514195583596,2550.333333333333,2537.6666666666665,3517.0,2577.403687623468,939.5963123765318
2025,4,2,Arua,Terego,Rhino Camp (refugee settlement),3.17,31.31,cereals and tubers,Maize flour,KG,2860.0,2316.0,544.0,0.234887737478411,2629.6666666666665,2924.1666666666665,3350.0,2745.4405868852164,604.5594131147836
2025,4,2,Kaabong,Dodoth,Karenga,3.57,33.7,cereals and tubers,Cassava flour,KG,1182.0,1591.0,-409.0,-0.257071024512885,1757.6666666666667,2077.1666666666665,1500.0,1335.7176036058763,164.28239639412368
2025,4,2,Moyo,Obongi,Palorinya (refugee settlement),3.47,31.63,pulses and nuts,Beans,KG,3940.0,3880.0,60.0,0.0154639175257731,3785.3333333333335,3786.3333333333335,4317.0,3977.804685821391,339.1953141786089
2025,4,2,Moroto,Moroto Municipality,Moroto,2.53,34.65,pulses and nuts,Beans,KG,4042.0,4000.0,42.0,0.0105,4014.0,4007.0,4773.0,4057.1042370047335,715.8957629952665
2025,4,2,Napak,Bokora,Napak,2.22,34.26,cereals and tubers,Cassava flour,KG,2375.0,2100.0,275.0,0.1309523809523809,2241.6666666666665,2092.0,1342.0,2406.049875022759,-1064.049875022759
2025,4,2,Koboko,Koboko,Lobule (refugee settlement),3.39,31.03,"meat, fish and eggs",Fish (dry),KG,20000.0,11111.0,8889.0,0.8000180001800018,21481.33333333333,22106.5,20870.0,21788.77,-918.7700000000004
2025,4,2,Arua,Arua Municipality,Arua,3.02,30.91,cereals and tubers,Cassava flour,KG,1307.0,1268.0,39.0,0.0307570977917981,1275.0,1262.5,1000.0,1314.3948407971077,-314.3948407971077
2025,4,2,Isingiro,Bukanga,Oruchinga (refugee settlement),-0.94,30.76,pulses and nuts,Beans,KG,2757.0,2375.0,382.0,0.1608421052631579,2444.0,2458.5,2533.0,2670.9012301600505,-137.90123016005055
2025,4,2,Nakapiripirit,Kadani,Namalu,1.79,34.6,pulses and nuts,Beans,KG,4125.0,4083.0,42.0,0.0102865540044085,3902.6666666666665,3672.8333333333335,4550.0,4111.77162156155,438.2283784384499
2025,4,2,Kampala,Central Kampala,Owino,0.32,32.57,pulses and nuts,Beans,KG,4707.0,4565.0,142.0,0.0311062431544359,4590.666666666667,4503.666666666667,4486.0,4781.054444107438,-295.05444410743803
2025,4,2,Kaabong,Dodoth,Kaabong,3.54,34.12,cereals and tubers,Millet,KG,3000.0,2813.0,187.0,0.066477070742979,2671.0,2409.6666666666665,5000.0,2994.97630701988,2005.02369298012
2025,4,2,Arua,Terego,Imvepi (refugee settlement),3.23,31.28,"meat, fish and eggs",Fish (dry),KG,28125.0,23963.0,4162.0,0.1736844301631682,25836.0,25809.5,22128.0,25317.921875,-3189.921875
2025,4,2,Mbarara,Mbarara Municipality,Mbarara,-0.61,30.65,cereals and tubers,Cassava flour,KG,2309.0,2240.0,69.0,0.0308035714285714,2252.333333333333,2230.333333333333,2000.0,2342.799357454342,-342.79935745434204
2025,4,2,Kaabong,Dodoth,Kaabong,3.54,34.12,cereals and tubers,Cassava flour,KG,2438.0,2313.0,125.0,0.0540423692174664,2500.333333333333,2646.0,2500.0,2460.997392617841,39.00260738215911
2025,4,2,Moyo,Obongi,Palorinya (refugee settlement),3.47,31.63,"meat, fish and eggs",Fish (dry),KG,20000.0,7143.0,12857.0,1.7999440011199777,15517.0,14922.666666666666,19323.0,16460.99,2862.0099999999984
2025,4,2,Arua,Terego,Rhino Camp (refugee settlement),3.17,31.31,pulses and nuts,Beans,KG,4520.0,4652.0,-132.0,-0.0283748925193465,4636.666666666667,4237.0,5260.0,4444.131549653115,815.8684503468849
2025,4,2,Moroto,Moroto Municipality,Moroto,2.53,34.65,oil and fats,Oil (vegetable),L,7500.0,7500.0,0.0,0.0,7386.666666666667,7193.333333333333,7364.0,7552.443401260648,-188.443401260648
2025,4,2,Koboko,Koboko,Lobule (refugee settlement),3.39,31.03,cereals and tubers,Maize flour,KG,2950.0,2967.0,-17.0,-0.0057296932928884,3001.0,2862.5,3000.0,2946.2003422901844,53.79965770981562
2025,4,2,Kyegegwa,Kyaka,Kyaka II (refugee settlement),0.36,31.09,pulses and nuts,Beans,KG,3445.0,2971.0,474.0,0.1595422416694715,3022.0,2576.333333333333,3849.0,3852.706971105826,-3.706971105826142
2025,4,2,Kabarole,Fort Portal Municipality,Fort Portal,0.66,30.28,cereals and tubers,Maize flour,KG,2688.0,2855.0,-167.0,-0.0584938704028021,2786.0,2800.333333333333,3000.0,2766.1657270931523,233.83427290684767
2025,4,2,Adjumani,Adjumani,Adjumani (refugee settlement),3.34,31.78,"meat, fish and eggs",Fish (dry),KG,20000.0,26311.0,-6311.0,-0.2398616548211774,22011.666666666668,24864.166666666668,19341.0,25233.11,-5892.110000000001
2025,4,2,Abim,Labwor,Makaratin,2.71,33.64,cereals and tubers,Millet,KG,3000.0,2700.0,300.0,0.1111111111111111,2639.0,2427.833333333333,3675.0,3013.6729763869666,661.3270236130334
2025,4,2,Koboko,Koboko,Lobule (refugee settlement),3.39,31.03,pulses and nuts,Beans,KG,4467.0,4103.0,364.0,0.0887155739702656,4310.666666666667,3639.0,4250.0,4129.8301590627,120.16984093730025
2025,4,2,Koboko,Koboko,Lobule (refugee settlement),3.39,31.03,oil and fats,Oil (vegetable),L,7550.0,7550.0,0.0,0.0,7596.666666666667,8043.5,8000.0,8117.363917829457,-117.36391782945702
2025,4,2,Lira,Lira Municipality,Lira,2.23,32.91,oil and fats,Oil (vegetable),L,7667.0,7333.0,334.0,0.0455475248874948,7409.666666666667,7319.5,7875.0,7550.338927876902,324.66107212309817
2025,4,2,Kotido,Jie,Kotido,3.0,34.11,cereals and tubers,Millet,KG,2800.0,2400.0,400.0,0.1666666666666666,2400.0,2100.0,4000.0,2849.882136927364,1150.1178630726358
2025,4,2,Isingiro,Bukanga,Oruchinga (refugee settlement),-0.94,30.76,oil and fats,Oil (vegetable),L,8000.0,7909.0,91.0,0.0115058793779238,7769.666666666667,7627.166666666667,8000.0,7811.144397486676,188.8556025133239
2025,4,2,Soroti,Soroti Municipality,Soroti,1.71,33.62,oil and fats,Oil (vegetable),L,8208.0,7900.0,308.0,0.0389873417721519,8036.0,8068.0,8000.0,8475.128126424195,-475.1281264241952
2025,4,2,Hoima,Buhaguzi,Kyangwali (refugee settlement),1.16,30.75,vegetables and fruits,Leafy vegetables,KG,1695.0,2174.0,-479.0,-0.2203311867525299,1702.0,1469.3333333333333,2180.0,1721.4635247140243,458.5364752859757
2025,4,2,Yumbe,Aringa,Bidibidi (refugee settlement),3.36,31.35,cereals and tubers,Millet flour,KG,4269.0,3758.0,511.0,0.1359765832889835,4076.6666666666665,3972.8333333333335,5115.0,4208.059536175038,906.9404638249616
2025,4,2,Arua,Arua Municipality,Arua,3.02,30.91,oil and fats,Oil (vegetable),L,7321.0,7101.0,220.0,0.0309815518940994,7140.666666666667,7070.333333333333,7000.0,7203.027052878738,-203.02705287873778
2025,4,2,Lamwo,Lamwo,Palabek (refugee settlement),3.34,32.47,"meat, fish and eggs",Fish (dry),KG,66608.0,40701.0,25907.0,0.6365199872239011,43227.0,32799.666666666664,21739.0,32971.79,-11232.79
2025,4,2,Abim,Labwor,Makaratin,2.71,33.64,cereals and tubers,Cassava flour,KG,2000.0,500.0,1500.0,3.0,1000.0,750.0,1000.0,2211.7383,-1211.7383
2025,4,2,Mbale,Mbale Municipality,Mbale,1.07,34.18,cereals and tubers,Cassava flour,KG,1569.0,1522.0,47.0,0.0308804204993429,1530.3333333333333,1515.1666666666667,1750.0,1671.4120792697154,78.58792073028462
2025,4,2,Napak,Bokora,Napak,2.22,34.26,cereals and tubers,Maize flour,KG,2250.0,2000.0,250.0,0.125,2083.333333333333,2019.5,2467.0,2247.337623986749,219.6623760132511
2025,4,2,Iganga,Kigulu,Iganga,0.61,33.47,oil and fats,Oil (vegetable),L,7500.0,8622.0,-1122.0,-0.1301322199025748,8207.333333333334,8203.666666666666,7517.0,7508.0967809954755,8.903219004524544
2025,4,2,Hoima,Bugahya,Hoima,1.43,31.35,cereals and tubers,Maize flour,KG,2000.0,3043.0,-1043.0,-0.3427538613210647,2681.0,2840.5,2600.0,2128.9135696984986,471.0864303015014
2025,4,2,Moroto,Moroto Municipality,Moroto,2.53,34.65,cereals and tubers,Cassava flour,KG,2055.0,1920.0,135.0,0.0703125,2058.333333333333,1996.3333333333333,2036.0,2061.33920571635,-25.33920571635008
2025,4,2,Kiryandongo,Kibanda,Kiryandongo (refugee settlement),1.94,32.21,pulses and nuts,Beans,KG,3940.0,3813.0,127.0,0.033307107264621,3857.0,3583.333333333333,3950.0,4279.7062413101585,-329.7062413101585
2025,4,2,Masindi,Buruli M,Masindi,1.69,31.71,cereals and tubers,Cassava flour,KG,2050.0,1250.0,800.0,0.64,1600.0,2188.833333333333,2375.0,1671.9272801767372,703.0727198232628
2025,4,2,Soroti,Soroti Municipality,Soroti,1.71,33.62,cereals and tubers,Millet,KG,3417.0,2920.0,497.0,0.1702054794520548,3072.333333333333,2904.333333333333,4850.0,3083.1658241527603,1766.8341758472397
2025,4,2,Mbale,Mbale Municipality,Mbale,1.07,34.18,cereals and tubers,Millet,KG,3660.0,3550.0,110.0,0.0309859154929577,3570.0,3535.0,4750.0,3642.940729358651,1107.059270641349
2025,4,2,Busia,Samia-bugwe,Busia,0.47,34.09,cereals and tubers,Cassava flour,KG,1000.0,828.0,172.0,0.2077294685990338,881.6666666666666,836.6666666666666,875.0,1009.1605942600032,-134.16059426000322
2025,4,2,Lamwo,Lamwo,Palabek (refugee settlement),3.34,32.47,pulses and nuts,Beans,KG,3792.0,3781.0,11.0,0.0029092832583972,3753.6666666666665,3396.6666666666665,4278.0,3490.119705811225,787.8802941887752
2025,4,2,Masindi,Buruli M,Masindi,1.69,31.71,pulses and nuts,Beans,KG,4000.0,4000.0,0.0,0.0,4000.0,3299.1666666666665,3788.0,3853.618382190204,-65.6183821902041
2025,4,2,Arua,Terego,Imvepi (refugee settlement),3.23,31.28,pulses and nuts,Beans,KG,4525.0,4538.0,-13.0,-0.002864698104892,4423.666666666667,4117.333333333333,4793.0,4466.162686112354,326.8373138876459
2025,4,2,Mbarara,Mbarara Municipality,Mbarara,-0.61,30.65,oil and fats,Oil (vegetable),L,8367.0,8115.0,252.0,0.0310536044362292,8160.666666666667,8080.333333333333,8500.0,8438.28566164021,61.71433835979042
2025,4,2,Isingiro,Bukanga,Oruchinga (refugee settlement),-0.94,30.76,cereals and tubers,Millet flour,KG,4000.0,4083.0,-83.0,-0.0203281900563311,3694.3333333333335,3862.0,4083.0,3922.230352803433,160.7696471965669
2025,4,2,Kyegegwa,Kyaka,Kyaka II (refugee settlement),0.36,31.09,"meat, fish and eggs",Fish (dry),KG,35556.0,36000.0,-444.0,-0.0123333333333333,31491.0,31736.166666666668,28980.0,27132.94,1847.0600000000013
2025,4,2,Soroti,Soroti Municipality,Soroti,1.71,33.62,cereals and tubers,Cassava flour,KG,1000.0,1000.0,0.0,0.0,1000.0,1024.5,983.0,1064.3037459666311,-81.30374596663114
2025,4,2,Yumbe,Aringa,Bidibidi (refugee settlement),3.36,31.35,"meat, fish and eggs",Fish (dry),KG,20417.0,30769.0,-10352.0,-0.3364425233189249,25395.33333333333,19712.166666666668,21078.0,21934.4,-856.4000000000015
2025,4,2,Lira,Lira Municipality,Lira,2.23,32.91,cereals and tubers,Cassava flour,KG,900.0,2781.0,-1881.0,-0.6763754045307443,2141.0,2441.333333333333,2750.0,1321.1830857346565,1428.8169142653435
2025,4,2,Kampala,Central Kampala,Owino,0.32,32.57,oil and fats,Oil (vegetable),L,12550.0,12173.0,377.0,0.0309701799063501,12241.0,12217.666666666666,9934.0,12915.546699999999,-2981.546699999999
2025,4,2,Yumbe,Aringa,Bidibidi (refugee settlement),3.36,31.35,miscellaneous food,Salt,KG,1969.0,1655.0,314.0,0.1897280966767371,1813.3333333333333,1832.6666666666667,1769.0,1870.8706093013473,-101.87060930134726
2025,4,2,Lira,Lira Municipality,Lira,2.23,32.91,cereals and tubers,Millet,KG,3300.0,2339.0,961.0,0.4108593415989739,2648.333333333333,2477.1666666666665,4500.0,2862.509641160867,1637.490358839133
2025,4,2,Yumbe,Aringa,Bidibidi (refugee settlement),3.36,31.35,cereals and tubers,Maize flour,KG,2523.0,2765.0,-242.0,-0.0875226039783001,2632.0,2600.333333333333,3023.0,2554.8362582049326,468.1637417950674
2025,4,2,Arua,Terego,Imvepi (refugee settlement),3.23,31.28,cereals and tubers,Maize flour,KG,2476.0,2476.0,0.0,0.0,2414.0,2512.6666666666665,2587.0,2441.3964174274884,145.60358257251164
2025,4,2,Kiryandongo,Kibanda,Kiryandongo (refugee settlement),1.94,32.21,cereals and tubers,Maize flour,KG,2467.0,2413.0,54.0,0.0223787815996684,2314.6666666666665,2308.1666666666665,2767.0,2337.252773721881,429.7472262781189
2025,4,2,Yumbe,Aringa,Bidibidi (refugee settlement),3.36,31.35,oil and fats,Oil (vegetable),L,7295.0,7313.0,-18.0,-0.0024613701627239,7457.0,7444.5,7385.0,7201.823736128456,183.1762638715436
2025,4,2,Hoima,Buhaguzi,Kyangwali (refugee settlement),1.16,30.75,cereals and tubers,Millet flour,KG,4000.0,3939.0,61.0,0.0154861640010154,3942.3333333333335,3884.5,4557.0,3893.081486832533,663.9185131674672
2025,4,2,Mbarara,Mbarara Municipality,Mbarara,-0.61,30.65,cereals and tubers,Millet,KG,3137.0,3043.0,94.0,0.0308905685179099,3060.0,3030.0,4500.0,3128.7805764094505,1371.2194235905495
2025,4,2,Napak,Bokora,Napak,2.22,34.26,cereals and tubers,Maize (white),KG,1458.0,1220.0,238.0,0.1950819672131147,1292.6666666666667,1264.1666666666667,1971.0,1464.4728978988278,506.5271021011722
2025,4,2,Adjumani,Adjumani,Adjumani (refugee settlement),3.34,31.78,pulses and nuts,Beans,KG,4000.0,3571.0,429.0,0.1201344161299356,3723.6666666666665,3745.1666666666665,3967.0,4046.815244924616,-79.81524492461585
2025,4,2,Napak,Bokora,Napak,2.22,34.26,oil and fats,Oil (vegetable),L,7500.0,7500.0,0.0,0.0,7333.333333333333,7166.666666666667,7042.0,7569.832550196818,-527.8325501968184
2025,4,2,Kiryandongo,Kibanda,Kiryandongo (refugee settlement),1.94,32.21,miscellaneous food,Salt,KG,1480.0,1550.0,-70.0,-0.0451612903225806,1495.0,1511.6666666666667,1467.0,1470.9646104311466,-3.964610431146639
2025,4,2,Arua,Terego,Imvepi (refugee settlement),3.23,31.28,cereals and tubers,Maize (white),KG,1858.0,1963.0,-105.0,-0.053489556800815,1860.6666666666667,1537.0,2227.0,1853.4599407871588,373.54005921284124
2025,4,2,Arua,Terego,Imvepi (refugee settlement),3.23,31.28,vegetables and fruits,Leafy vegetables,KG,832.0,2618.0,-1786.0,-0.6822001527883881,1869.6666666666667,2423.0,1943.0,1826.24,116.75999999999999
2025,4,2,Nakapiripirit,Kadani,Namalu,1.79,34.6,oil and fats,Oil (vegetable),L,7417.0,7500.0,-83.0,-0.0110666666666666,7405.666666666667,7214.0,7188.0,7318.649003389371,-130.6490033893706
2025,4,2,Kaabong,Dodoth,Kaabong,3.54,34.12,cereals and tubers,Maize flour,KG,2500.0,2500.0,0.0,0.0,2500.0,2343.333333333333,2725.0,2451.96393912156,273.0360608784399
2025,4,2,Adjumani,Adjumani,Adjumani (refugee settlement),3.34,31.78,oil and fats,Oil (vegetable),L,8000.0,7929.0,71.0,0.0089544709294993,7925.666666666667,7849.333333333333,7881.0,7915.061871155356,-34.06187115535613
2025,4,2,Kiryandongo,Kibanda,Kiryandongo (refugee settlement),1.94,32.21,oil and fats,Oil (vegetable),L,7867.0,7773.0,94.0,0.0120931429306574,7659.666666666667,7337.666666666667,7833.0,7374.33989102564,458.6601089743599
2025,4,2,Hoima,Bugahya,Hoima,1.43,31.35,oil and fats,Oil (vegetable),L,10000.0,7101.0,2899.0,0.408252358822701,8033.666666666667,7516.833333333333,9600.0,8641.852264105797,958.1477358942029
2025,4,2,Masaka,Masaka Municipality,Masaka,-0.35,31.74,cereals and tubers,Maize flour,KG,2408.0,2336.0,72.0,0.0308219178082191,2349.0,2326.1666666666665,2700.0,2409.784862082822,290.2151379171778
2025,4,2,Isingiro,Bukanga,Nakivale (refugee settlement),-0.78,30.96,pulses and nuts,Beans,KG,2983.0,2752.0,231.0,0.083938953488372,2778.333333333333,2730.5,3156.0,3082.2887464077,73.71125359230018
2025,4,2,Nakapiripirit,Pian,Nabilatuk,2.05,34.57,pulses and nuts,Beans,KG,3964.0,3600.0,364.0,0.1011111111111111,3688.0,3637.8333333333335,4511.0,4008.5090568115265,502.49094318847347
2025,4,2,Adjumani,Adjumani,Adjumani (refugee settlement),3.34,31.78,cereals and tubers,Maize (white),KG,1845.0,1629.0,216.0,0.1325966850828729,1701.3333333333333,1649.0,1976.0,1858.9386914876563,117.06130851234366
2025,4,2,Lira,Lira Municipality,Lira,2.23,32.91,pulses and nuts,Beans,KG,4000.0,3713.0,287.0,0.0772959870724481,3791.0,3725.5,4825.0,4016.7686898930674,808.2313101069326
2025,4,2,Kamwenge,Kibale,Rwamwanja (refugee settlement),0.31,30.68,"meat, fish and eggs",Fish (dry),KG,20000.0,29167.0,-9167.0,-0.3142935509308465,26190.666666666668,27797.666666666668,28318.0,29184.05,-866.0499999999993
2025,4,2,Kyegegwa,Kyaka,Kyaka II (refugee settlement),0.36,31.09,cereals and tubers,Millet flour,KG,4093.0,4048.0,45.0,0.0111166007905138,4039.3333333333335,4133.5,4209.0,3996.1765441934403,212.82345580655965
2025,4,2,Busia,Samia-bugwe,Busia,0.47,34.09,oil and fats,Oil (vegetable),L,7000.0,7278.0,-278.0,-0.0381973069524594,7151.0,7163.0,7750.0,6891.883143818077,858.1168561819231
2025,4,2,Kaabong,Dodoth,Kaabong,3.54,34.12,oil and fats,Oil (vegetable),L,8000.0,8000.0,0.0,0.0,8000.0,7879.166666666667,8000.0,8019.166313489179,-19.16631348917872
2025,4,2,Kotido,Jie,Kotido,3.0,34.11,cereals and tubers,Maize flour,KG,2340.0,2250.0,90.0,0.04,2263.333333333333,2233.333333333333,2575.0,2370.349249966227,204.65075003377297
2025,4,2,Kyegegwa,Kyaka,Kyaka II (refugee settlement),0.36,31.09,cereals and tubers,Maize flour,KG,3109.0,2979.0,130.0,0.0436388049681101,2984.0,2700.333333333333,3477.0,3107.239577947918,369.76042205208205
2025,4,2,Gulu,Gulu Municipality,Gulu,2.77,32.31,oil and fats,Oil (vegetable),L,7000.0,7757.0,-757.0,-0.0975892742039448,7468.0,7557.333333333333,7000.0,7515.355328671837,-515.355328671837
2025,4,2,Koboko,Koboko,Lobule (refugee settlement),3.39,31.03,cereals and tubers,Millet flour,KG,4283.0,3917.0,366.0,0.0934388562675517,4058.6666666666665,4146.333333333333,4500.0,4220.744789750526,279.25521024947375
2025,4,2,Kaabong,Dodoth,Karenga,3.57,33.7,cereals and tubers,Millet,KG,3200.0,2500.0,700.0,0.28,2733.333333333333,2616.6666666666665,2580.0,3030.0667895898923,-450.0667895898923
2025,4,2,Moyo,Obongi,Palorinya (refugee settlement),3.47,31.63,cereals and tubers,Maize flour,KG,1947.0,1974.0,-27.0,-0.0136778115501519,1903.3333333333333,2127.5,3083.0,2064.2502919739827,1018.7497080260173
2025,4,2,Soroti,Soroti Municipality,Soroti,1.71,33.62,pulses and nuts,Beans,KG,4408.0,4120.0,288.0,0.0699029126213592,4176.0,4105.833333333333,4533.0,4300.380368575738,232.61963142426157
2025,4,2,Abim,Labwor,Makaratin,2.71,33.64,pulses and nuts,Beans,KG,3400.0,3250.0,150.0,0.0461538461538461,3383.333333333333,3588.333333333333,4260.0,3484.59045271838,775.4095472816198
2025,4,2,Masindi,Buruli M,Masindi,1.69,31.71,cereals and tubers,Maize flour,KG,2500.0,2500.0,0.0,0.0,2500.0,2516.833333333333,2500.0,2570.5131884767557,-70.51318847675566
2025,4,2,Lamwo,Lamwo,Palabek (refugee settlement),3.34,32.47,oil and fats,Oil (vegetable),L,8667.0,8063.0,604.0,0.0749100830956219,8410.0,8300.166666666666,9778.0,8014.803016414142,1763.196983585858
2025,4,2,Arua,Arua Municipality,Arua,3.02,30.91,pulses and nuts,Beans,KG,3538.0,3432.0,106.0,0.0308857808857808,3451.0,3408.833333333333,3800.0,3636.6540144192927,163.3459855807073
2025,4,2,Isingiro,Bukanga,Oruchinga (refugee settlement),-0.94,30.76,"meat, fish and eggs",Fish (dry),KG,8571.0,5000.0,3571.0,0.7142,12995.666666666666,19205.83333333333,18709.0,15985.98,2723.0200000000004
2025,4,2,Kamwenge,Kibale,Rwamwanja (refugee settlement),0.31,30.68,miscellaneous food,Salt,KG,1638.0,1642.0,-4.0,-0.002436053593179,1715.6666666666667,1608.0,1587.0,1664.7856906056193,-77.78569060561927
2025,4,2,Soroti,Soroti Municipality,Soroti,1.71,33.62,cereals and tubers,Maize flour,KG,2150.0,2000.0,150.0,0.075,2010.0,1935.0,2200.0,2209.5632912148576,-9.5632912148576
2025,4,2,Masaka,Masaka Municipality,Masaka,-0.35,31.74,cereals and tubers,Millet,KG,4377.0,4245.0,132.0,0.031095406360424,4269.0,4227.0,4500.0,4209.608162521953,290.3918374780469
2025,4,2,Mbale,Mbale Municipality,Mbale,1.07,34.18,cereals and tubers,Maize flour,KG,1883.0,1826.0,57.0,0.0312157721796276,1836.3333333333333,1788.1666666666667,2400.0,1922.8567476010392,477.14325239896084
2025,4,2,Kiryandongo,Kibanda,Kiryandongo (refugee settlement),1.94,32.21,vegetables and fruits,Leafy vegetables,KG,7421.0,4000.0,3421.0,0.85525,4584.666666666667,3241.0,2502.0,3982.2481999999995,-1480.2481999999995
2025,4,2,Mbale,Mbale Municipality,Mbale,1.07,34.18,pulses and nuts,Beans,KG,3660.0,3550.0,110.0,0.0309859154929577,3570.0,3535.0,3500.0,3672.4999842281645,-172.49998422816452
2025,4,2,Arua,Terego,Rhino Camp (refugee settlement),3.17,31.31,oil and fats,Oil (vegetable),L,7340.0,7200.0,140.0,0.0194444444444444,7323.0,7566.5,7917.0,7209.189569209627,707.8104307903732
2025,4,2,Busia,Samia-bugwe,Busia,0.47,34.09,cereals and tubers,Maize flour,KG,2800.0,2477.0,323.0,0.1303996770286637,2573.0,2507.333333333333,2550.0,2858.608996135856,-308.60899613585616
2025,4,2,Arua,Terego,Imvepi (refugee settlement),3.23,31.28,oil and fats,Oil (vegetable),L,7963.0,7667.0,296.0,0.0386070170862136,7769.666666666667,7749.833333333333,8133.0,8079.4162857264455,53.583714273554506
2025,4,2,Abim,Labwor,Makaratin,2.71,33.64,cereals and tubers,Maize flour,KG,2363.0,2188.0,175.0,0.079981718464351,2213.6666666666665,2151.833333333333,2425.0,2401.838576205587,23.161423794413167
2025,4,2,Lamwo,Lamwo,Palabek (refugee settlement),3.34,32.47,cereals and tubers,Maize flour,KG,3000.0,2719.0,281.0,0.1033468186833394,2665.333333333333,2328.5,3850.0,3141.117601877313,708.8823981226869
2025,4,2,Arua,Terego,Rhino Camp (refugee settlement),3.17,31.31,cereals and tubers,Maize (white),KG,1930.0,1710.0,220.0,0.1286549707602339,1835.6666666666667,1726.5,2117.0,1962.819000803387,154.1809991966129
2025,4,2,Kween,Kween,Kapchorwa,1.38,34.52,oil and fats,Oil (vegetable),L,7500.0,7143.0,357.0,0.0499790004199916,7228.333333333333,7135.0,7500.0,7367.435743887237,132.56425611276336
2025,4,2,Nakapiripirit,Kadani,Namalu,1.79,34.6,cereals and tubers,Maize flour,KG,2442.0,2067.0,375.0,0.1814223512336719,2169.6666666666665,2039.3333333333333,2550.0,2474.6671303276507,75.33286967234926
2025,4,2,Hoima,Bugahya,Hoima,1.43,31.35,pulses and nuts,Beans,KG,5000.0,3550.0,1450.0,0.4084507042253521,4016.6666666666665,3758.3333333333335,5000.0,4477.4629545454545,522.5370454545455
2025,4,2,Isingiro,Bukanga,Nakivale (refugee settlement),-0.78,30.96,cereals and tubers,Maize flour,KG,2161.0,2024.0,137.0,0.0676877470355731,2142.6666666666665,2191.5,2256.0,2119.9701210515163,136.02987894848366
2025,4,2,Napak,Bokora,Napak,2.22,34.26,pulses and nuts,Beans,KG,4125.0,4000.0,125.0,0.03125,4041.6666666666665,4020.8333333333335,4542.0,4169.930986178615,372.06901382138494
2025,4,2,Hoima,Bugahya,Hoima,1.43,31.35,cereals and tubers,Millet,KG,3500.0,3043.0,457.0,0.1501807426881367,3181.0,3090.5,4600.0,4968.395999149799,-368.3959991497986
2025,4,2,Arua,Terego,Rhino Camp (refugee settlement),3.17,31.31,cereals and tubers,Millet flour,KG,3667.0,3730.0,-63.0,-0.0168900804289544,3978.6666666666665,4202.166666666667,4083.0,3995.411006913323,87.58899308667696
2025,4,2,Isingiro,Bukanga,Nakivale (refugee settlement),-0.78,30.96,"meat, fish and eggs",Fish (dry),KG,17262.0,18955.0,-1693.0,-0.0893168029543656,16953.333333333332,18479.666666666668,23054.0,22439.81,614.1899999999987
2025,4,2,Amudat,Upe,Karita,1.54,34.83,cereals and tubers,Maize flour,KG,2500.0,2200.0,300.0,0.1363636363636363,2233.333333333333,2116.6666666666665,2506.0,2594.8904954287746,-88.89049542877456
2025,4,2,Amudat,Upe,Karita,1.54,34.83,oil and fats,Oil (vegetable),L,7500.0,7500.0,0.0,0.0,7500.0,7444.833333333333,7638.0,7659.450287745483,-21.450287745483365
2025,4,2,Kabarole,Fort Portal Municipality,Fort Portal,0.66,30.28,oil and fats,Oil (vegetable),L,7625.0,7615.0,10.0,0.0013131976362442,7582.333333333333,7544.833333333333,7375.0,7499.253757698657,-124.25375769865695
2025,4,2,Kabarole,Fort Portal Municipality,Fort Portal,0.66,30.28,pulses and nuts,Beans,KG,5625.0,4549.0,1076.0,0.2365355023081996,4886.333333333333,4685.5,6000.0,5135.69375,864.3062499999996
2025,4,2,Jinja,Jinja Municipality,Jinja,0.42,33.2,pulses and nuts,Beans,KG,5229.0,5072.0,157.0,0.0309542586750788,5100.333333333333,4897.333333333333,4100.0,4962.342726708166,-862.3427267081661
2025,4,2,Kampala,Central Kampala,Owino,0.32,32.57,cereals and tubers,Cassava flour,KG,2092.0,2029.0,63.0,0.0310497782158698,2040.3333333333333,1926.8333333333333,1945.0,2122.5645856754404,-177.5645856754404
2025,4,2,Moroto,Moroto Municipality,Moroto,2.53,34.65,cereals and tubers,Maize flour,KG,2067.0,2000.0,67.0,0.0335,2022.3333333333333,1987.8333333333333,2245.0,2100.255899671534,144.74410032846617
2025,4,2,Nakapiripirit,Pian,Nabilatuk,2.05,34.57,cereals and tubers,Maize flour,KG,2450.0,2500.0,-50.0,-0.02,2316.6666666666665,2158.333333333333,2867.0,2371.255967184704,495.7440328152961
2025,4,2,Arua,Arua Municipality,Arua,3.02,30.91,cereals and tubers,Millet,KG,2388.0,2316.0,72.0,0.0310880829015544,2329.0,2306.1666666666665,4250.0,2246.489215117575,2003.510784882425
2025,4,2,Lira,Lira Municipality,Lira,2.23,32.91,cereals and tubers,Maize flour,KG,2433.0,1899.0,534.0,0.2812006319115324,2068.0,1969.8333333333333,3000.0,2439.866099995058,560.133900004942
2025,4,2,Kyegegwa,Kyaka,Kyaka II (refugee settlement),0.36,31.09,miscellaneous food,Salt,KG,1491.0,1506.0,-15.0,-0.0099601593625498,1508.0,1443.6666666666667,1540.0,1491.931328328404,48.068671671595894
2025,4,2,Yumbe,Aringa,Bidibidi (refugee settlement),3.36,31.35,pulses and nuts,Beans,KG,4264.0,4383.0,-119.0,-0.02715035363906,4448.0,4484.0,4654.0,4404.897810111809,249.10218988819088
2025,4,2,Kamwenge,Kibale,Rwamwanja (refugee settlement),0.31,30.68,cereals and tubers,Millet flour,KG,4223.0,3896.0,327.0,0.0839322381930184,4049.0,4180.0,4167.0,4170.844680023746,-3.8446800237461503
2025,4,2,Nakapiripirit,Pian,Nabilatuk,2.05,34.57,cereals and tubers,Maize (white),KG,1425.0,1200.0,225.0,0.1875,1248.3333333333333,1185.0,1563.0,1374.8449252812552,188.1550747187448
2025,4,2,Adjumani,Adjumani,Adjumani (refugee settlement),3.34,31.78,cereals and tubers,Millet flour,KG,4273.0,3857.0,416.0,0.1078558465128338,4059.3333333333335,4162.5,4000.0,4282.504347562567,-282.5043475625671
2025,4,2,Jinja,Jinja Municipality,Jinja,0.42,33.2,cereals and tubers,Cassava flour,KG,1569.0,1522.0,47.0,0.0308804204993429,1530.3333333333333,1457.3333333333333,1600.0,1782.3356939587961,-182.33569395879613
2025,4,2,Kasese,Busongora,Kasese,0.17,30.07,cereals and tubers,Millet,KG,4000.0,3191.0,809.0,0.2535255405828894,3445.333333333333,3295.333333333333,4750.0,3457.626469544688,1292.373530455312
2025,4,2,Masindi,Buruli M,Masindi,1.69,31.71,oil and fats,Oil (vegetable),L,7750.0,7800.0,-50.0,-0.0064102564102564,7850.0,7422.5,7625.0,7627.996825531437,-2.9968255314370253
2025,4,2,Iganga,Kigulu,Iganga,0.61,33.47,cereals and tubers,Cassava flour,KG,1000.0,1014.0,-14.0,-0.0138067061143984,1004.6666666666666,1081.5,1260.0,1037.2708660408316,222.7291339591684
2025,4,2,Moyo,Obongi,Palorinya (refugee settlement),3.47,31.63,oil and fats,Oil (vegetable),L,8227.0,7667.0,560.0,0.0730403025955393,7714.666666666667,7682.833333333333,7800.0,7732.297154239765,67.7028457602346
2025,4,2,Hoima,Buhaguzi,Kyangwali (refugee settlement),1.16,30.75,"meat, fish and eggs",Fish (dry),KG,17857.0,20000.0,-2143.0,-0.10715,18632.0,18335.33333333333,26981.0,19799.67,7181.330000000002
2025,4,2,Nakapiripirit,Pian,Nabilatuk,2.05,34.57,oil and fats,Oil (vegetable),L,7500.0,7500.0,0.0,0.0,7500.0,7250.0,7722.0,7567.661708345424,154.3382916545761
2025,4,2,Isingiro,Bukanga,Oruchinga (refugee settlement),-0.94,30.76,vegetables and fruits,Leafy vegetables,KG,1667.0,2000.0,-333.0,-0.1665,1569.6666666666667,1733.5,1743.0,2007.9620685941006,-264.96206859410063
2025,4,2,Masaka,Masaka Municipality,Masaka,-0.35,31.74,cereals and tubers,Maize (white),KG,1208.0,1172.0,36.0,0.030716723549488,1178.3333333333333,1166.6666666666667,1600.0,1282.71361594296,317.2863840570401
2025,4,2,Kamwenge,Kibale,Rwamwanja (refugee settlement),0.31,30.68,pulses and nuts,Beans,KG,3877.0,3000.0,877.0,0.2923333333333333,3218.333333333333,2816.333333333333,3167.0,3566.3370403311633,-399.3370403311633
2025,4,2,Adjumani,Adjumani,Adjumani (refugee settlement),3.34,31.78,cereals and tubers,Maize flour,KG,2591.0,2452.0,139.0,0.0566884176182708,2575.333333333333,2656.6666666666665,2614.0,2403.905662443351,210.09433755664895
2025,4,2,Gulu,Gulu Municipality,Gulu,2.77,32.31,cereals and tubers,Maize flour,KG,2250.0,2710.0,-460.0,-0.1697416974169741,2543.6666666666665,2607.5,3000.0,2274.276570030768,725.7234299692318
2025,4,2,Kamwenge,Kibale,Rwamwanja (refugee settlement),0.31,30.68,oil and fats,Oil (vegetable),L,10192.0,8667.0,1525.0,0.1759547709703472,9027.0,8349.166666666666,11133.0,10375.447777777777,757.5522222222226
2025,4,2,Gulu,Gulu Municipality,Gulu,2.77,32.31,pulses and nuts,Beans,KG,5625.0,3844.0,1781.0,0.4633194588969823,4419.666666666667,4104.666666666667,5667.0,5109.42,557.5799999999999
2025,4,2,Kaabong,Dodoth,Kaabong,3.54,34.12,pulses and nuts,Beans,KG,4563.0,4500.0,63.0,0.014,4562.666666666667,4377.166666666667,4625.0,4332.254709767451,292.74529023254945
2025,4,2,Masaka,Masaka Municipality,Masaka,-0.35,31.74,oil and fats,Oil (vegetable),L,8541.0,8284.0,257.0,0.0310236600676001,8330.666666666666,8248.666666666666,7250.0,8501.785865476191,-1251.7858654761912
2025,4,2,Isingiro,Bukanga,Oruchinga (refugee settlement),-0.94,30.76,cereals and tubers,Maize flour,KG,2057.0,2117.0,-60.0,-0.0283419933868682,2058.0,2023.6666666666667,2000.0,2088.7814400764914,-88.78144007649144
2025,4,2,Arua,Terego,Imvepi (refugee settlement),3.23,31.28,cereals and tubers,Millet flour,KG,3563.0,3608.0,-45.0,-0.0124722838137472,3572.0,3302.6666666666665,3700.0,3694.5936970363095,5.40630296369045
2025,4,2,Masaka,Masaka Municipality,Masaka,-0.35,31.74,pulses and nuts,Beans,KG,4710.0,4503.0,207.0,0.0459693537641572,4554.333333333333,4527.166666666667,3250.0,4823.004383231223,-1573.004383231223
2025,4,2,Hoima,Buhaguzi,Kyangwali (refugee settlement),1.16,30.75,oil and fats,Oil (vegetable),L,8000.0,8000.0,0.0,0.0,8000.0,8014.166666666667,8000.0,8065.763360566176,-65.76336056617583
2025,4,2,Koboko,Koboko,Lobule (refugee settlement),3.39,31.03,miscellaneous food,Salt,KG,1740.0,1620.0,120.0,0.074074074074074,1723.3333333333333,1588.8333333333333,1700.0,1726.090442462572,-26.0904424625719
2025,4,2,Mbarara,Mbarara Municipality,Mbarara,-0.61,30.65,cereals and tubers,Maize flour,KG,2615.0,2536.0,79.0,0.0311514195583596,2550.333333333333,2525.1666666666665,2875.0,2592.142925539365,282.857074460635
2025,5,2,Kabarole,Fort Portal Municipality,Fort Portal,0.66,30.28,cereals and tubers,Maize flour,KG,3000.0,2688.0,312.0,0.1160714285714285,2847.6666666666665,2896.1666666666665,3000.0,2985.6571142441517,14.342885755848329
2025,5,2,Mbarara,Mbarara Municipality,Mbarara,-0.61,30.65,cereals and tubers,Cassava flour,KG,2000.0,2309.0,-309.0,-0.13382416630576,2183.0,2209.5,2000.0,2004.786898910653,-4.786898910653008
2025,5,2,Iganga,Kigulu,Iganga,0.61,33.47,cereals and tubers,Cassava flour,KG,1260.0,1000.0,260.0,0.26,1091.3333333333333,1124.8333333333333,1213.0,1094.4312086787252,118.56879132127483
2025,5,2,Nakapiripirit,Pian,Nabilatuk,2.05,34.57,cereals and tubers,Sorghum,KG,1086.0,1359.0,-273.0,-0.2008830022075055,1181.6666666666667,1045.0,881.0,1139.8717230001585,-258.87172300015845
2025,5,2,Masindi,Buruli M,Masindi,1.69,31.71,oil and fats,Oil (vegetable),L,7625.0,7750.0,-125.0,-0.0161290322580645,7725.0,7526.666666666667,8000.0,7389.068577333087,610.931422666913
2025,5,2,Adjumani,Adjumani,Adjumani (refugee settlement),3.34,31.78,miscellaneous food,Salt,KG,1943.0,2000.0,-57.0,-0.0285,1981.0,1970.5,2000.0,1946.2816298237597,53.71837017624034
2025,5,2,Arua,Terego,Rhino Camp (refugee settlement),3.17,31.31,cereals and tubers,Cassava (fresh),KG,451.0,337.0,114.0,0.3382789317507418,403.0,458.5,502.0,538.0217,-36.02170000000001
2025,5,2,Mbarara,Mbarara Municipality,Mbarara,-0.61,30.65,cereals and tubers,Sorghum,KG,3050.0,2615.0,435.0,0.1663479923518164,2733.6666666666665,2616.833333333333,3000.0,3066.9667212842596,-66.96672128425962
2025,5,2,Kween,Kween,Kapchorwa,1.38,34.52,oil and fats,Oil (vegetable),L,7500.0,7500.0,0.0,0.0,7381.0,7218.333333333333,7500.0,7265.596579806099,234.40342019390118
2025,5,2,Kabarole,Fort Portal Municipality,Fort Portal,0.66,30.28,cereals and tubers,Sorghum,KG,4000.0,4000.0,0.0,0.0,3681.0,3340.5,4000.0,3882.11362132492,117.88637867507987
2025,5,2,Masaka,Masaka Municipality,Masaka,-0.35,31.74,cereals and tubers,Millet,KG,4500.0,4377.0,123.0,0.028101439342015,4374.0,4272.833333333333,4500.0,4202.279706060543,297.7202939394574
2025,5,2,Lamwo,Lamwo,Palabek (refugee settlement),3.34,32.47,"meat, fish and eggs",Fish (dry),KG,21739.0,66608.0,-44869.0,-0.6736277924573625,43016.0,33089.5,13889.0,25888.8,-11999.8
2025,5,2,Koboko,Koboko,Lobule (refugee settlement),3.39,31.03,pulses and nuts,Beans,KG,4250.0,4467.0,-217.0,-0.0485784642937094,4273.333333333333,3805.6666666666665,4273.0,4244.893045835612,28.1069541643883
2025,5,2,Abim,Labwor,Makaratin,2.71,33.64,cereals and tubers,Sorghum,KG,1600.0,1200.0,400.0,0.3333333333333333,1283.3333333333333,1059.5,1560.0,1530.925530638985,29.074469361014962
2025,5,2,Masindi,Buruli M,Masindi,1.69,31.71,cereals and tubers,Maize (white),KG,1600.0,1525.0,75.0,0.0491803278688524,1458.3333333333333,1355.0,1650.0,1802.0275326296241,-152.02753262962415
2025,5,2,Jinja,Jinja Municipality,Jinja,0.42,33.2,cereals and tubers,Cassava flour,KG,1600.0,1569.0,31.0,0.0197578075207138,1563.6666666666667,1487.3333333333333,1500.0,1757.2126928174591,-257.21269281745913
2025,5,2,Moroto,Moroto Municipality,Moroto,2.53,34.65,oil and fats,Oil (vegetable),L,7364.0,7500.0,-136.0,-0.0181333333333333,7454.666666666667,7254.0,7292.0,7264.9208708336855,27.079129166314488
2025,5,2,Yumbe,Aringa,Bidibidi (refugee settlement),3.36,31.35,cereals and tubers,Cassava (fresh),KG,686.0,946.0,-260.0,-0.2748414376321353,730.3333333333334,755.5,730.0,728.6917864078952,1.3082135921048348
2025,5,2,Busia,Samia-bugwe,Busia,0.47,34.09,pulses and nuts,Beans,KG,3800.0,3267.0,533.0,0.1631466176920722,3444.0,3392.5,3050.0,3807.7639751144447,-757.7639751144447
2025,5,2,Arua,Terego,Imvepi (refugee settlement),3.23,31.28,milk and dairy,Milk (fresh),L,2000.0,2000.0,0.0,0.0,1750.0,1888.8333333333333,2000.0,1940.4057259108238,59.594274089176224
2025,5,2,Mbarara,Mbarara Municipality,Mbarara,-0.61,30.65,pulses and nuts,Beans,KG,5125.0,5229.0,-104.0,-0.0198890801300439,5142.0,5071.0,4000.0,4943.015088274673,-943.015088274673
2025,5,2,Napak,Bokora,Napak,2.22,34.26,cereals and tubers,Sorghum,KG,1579.0,1200.0,379.0,0.3158333333333333,1326.3333333333333,1259.0,1566.0,1560.31145666851,5.688543331490109
2025,5,2,Moyo,Obongi,Palorinya (refugee settlement),3.47,31.63,cereals and tubers,Maize flour,KG,3083.0,1947.0,1136.0,0.5834617360041089,2334.6666666666665,2255.5,4000.0,2790.600834354982,1209.399165645018
2025,5,2,Koboko,Koboko,Lobule (refugee settlement),3.39,31.03,milk and dairy,Milk (fresh),L,2000.0,2000.0,0.0,0.0,1666.6666666666667,1611.8333333333333,1667.0,1936.016958299104,-269.0169582991041
2025,5,2,Arua,Terego,Imvepi (refugee settlement),3.23,31.28,cereals and tubers,Millet flour,KG,3700.0,3563.0,137.0,0.0384507437552624,3623.6666666666665,3586.0,4500.0,3740.0938084622944,759.9061915377056
2025,5,2,Kamwenge,Kibale,Rwamwanja (refugee settlement),0.31,30.68,oil and fats,Oil (vegetable),L,11133.0,10192.0,941.0,0.0923273155416012,9997.333333333334,9031.0,10789.0,10959.087685714287,-170.08768571428664
2025,5,2,Moroto,Moroto Municipality,Moroto,2.53,34.65,cereals and tubers,Maize (white),KG,1673.0,1471.0,202.0,0.1373215499660095,1461.3333333333333,1367.0,1758.0,1636.3398856592426,121.66011434075745
2025,5,2,Kiryandongo,Kibanda,Kiryandongo (refugee settlement),1.94,32.21,pulses and nuts,Beans,KG,3950.0,3940.0,10.0,0.0025380710659898,3901.0,3580.5,3800.0,4261.211911382947,-461.2119113829467
2025,5,2,Kween,Kween,Kapchorwa,1.38,34.52,cereals and tubers,Cassava flour,KG,1500.0,2000.0,-500.0,-0.25,1572.3333333333333,1386.1666666666667,1500.0,1604.3573906582296,-104.35739065822963
2025,5,2,Kasese,Busongora,Kasese,0.17,30.07,cereals and tubers,Maize (white),KG,1900.0,1538.0,362.0,0.235370611183355,1653.3333333333333,1576.6666666666667,1725.0,1968.144124860281,-243.14412486028095
2025,5,2,Kiryandongo,Kibanda,Kiryandongo (refugee settlement),1.94,32.21,cereals and tubers,Millet flour,KG,4900.0,4300.0,600.0,0.1395348837209302,4837.666666666667,4536.833333333333,4983.0,4560.187265264303,422.8127347356967
2025,5,2,Yumbe,Aringa,Bidibidi (refugee settlement),3.36,31.35,cereals and tubers,Maize flour,KG,3023.0,2523.0,500.0,0.1981767736821244,2770.333333333333,2709.6666666666665,2770.0,2943.4163624997973,-173.4163624997973
2025,5,2,Kamwenge,Kibale,Rwamwanja (refugee settlement),0.31,30.68,pulses and nuts,Beans,KG,3167.0,3877.0,-710.0,-0.1831312870776373,3348.0,2963.6666666666665,2868.0,3025.220100852584,-157.22010085258398
2025,5,2,Adjumani,Adjumani,Adjumani (refugee settlement),3.34,31.78,vegetables and fruits,Leafy vegetables,KG,1901.0,1429.0,472.0,0.3303009097270818,1667.3333333333333,1789.0,1840.0,1992.5082685671666,-152.50826856716662
2025,5,2,Kamwenge,Kibale,Rwamwanja (refugee settlement),0.31,30.68,"meat, fish and eggs",Fish (dry),KG,28318.0,20000.0,8318.0,0.4159,25828.33333333333,27925.166666666668,24390.0,27761.97,-3371.970000000001
2025,5,2,Kyegegwa,Kyaka,Kyaka II (refugee settlement),0.36,31.09,"meat, fish and eggs",Fish (dry),KG,28980.0,35556.0,-6576.0,-0.1849476881538981,33512.0,31207.5,35398.0,29409.3,5988.700000000001
2025,5,2,Arua,Arua Municipality,Arua,3.02,30.91,cereals and tubers,Maize (white),KG,1600.0,1569.0,31.0,0.0197578075207138,1563.6666666666667,1348.5,1100.0,1843.513420147138,-743.513420147138
2025,5,2,Soroti,Soroti Municipality,Soroti,1.71,33.62,pulses and nuts,Beans,KG,4533.0,4408.0,125.0,0.0283575317604355,4353.666666666667,4176.833333333333,3973.0,4402.047597542369,-429.04759754236875
2025,5,2,Arua,Terego,Imvepi (refugee settlement),3.23,31.28,vegetables and fruits,Leafy vegetables,KG,1943.0,832.0,1111.0,1.3353365384615383,1797.6666666666667,2191.333333333333,1372.0,1607.3674401614996,-235.36744016149964
2025,5,2,Hoima,Bugahya,Hoima,1.43,31.35,cereals and tubers,Maize (white),KG,2100.0,1300.0,800.0,0.6153846153846154,1471.3333333333333,1235.6666666666667,2500.0,1723.401518356009,776.5984816439909
2025,5,2,Lira,Lira Municipality,Lira,2.23,32.91,cereals and tubers,Cassava flour,KG,2750.0,900.0,1850.0,2.055555555555556,2143.6666666666665,2316.333333333333,2875.0,2130.421491382735,744.578508617265
2025,5,2,Jinja,Jinja Municipality,Jinja,0.42,33.2,oil and fats,Oil (vegetable),L,7600.0,7844.0,-244.0,-0.0311065782763895,7684.0,7633.666666666667,7500.0,7429.282400478288,70.71759952171215
2025,5,2,Moyo,Obongi,Palorinya (refugee settlement),3.47,31.63,cereals and tubers,Cassava (fresh),KG,523.0,446.0,77.0,0.1726457399103139,462.0,495.0,683.0,541.8640922233003,141.1359077766997
2025,5,2,Koboko,Koboko,Lobule (refugee settlement),3.39,31.03,cereals and tubers,Sorghum,KG,1750.0,1183.0,567.0,0.4792899408284023,1376.6666666666667,1448.0,1377.0,1610.0330359439527,-233.03303594395265
2025,5,2,Kiryandongo,Kibanda,Kiryandongo (refugee settlement),1.94,32.21,"meat, fish and eggs",Fish (dry),KG,21179.0,14886.0,6293.0,0.4227462044874379,26188.33333333333,28921.33333333333,34444.0,27503.96,6940.040000000001
2025,5,2,Moyo,Obongi,Palorinya (refugee settlement),3.47,31.63,vegetables and fruits,Leafy vegetables,KG,1731.0,1429.0,302.0,0.2113365990202939,1470.0,1717.1666666666667,1917.0,1642.165080894218,274.8349191057821
2025,5,2,Iganga,Kigulu,Iganga,0.61,33.47,oil and fats,Oil (vegetable),L,7517.0,7500.0,17.0,0.0022666666666666,7879.666666666667,8106.5,7513.0,7506.1256462488,6.874353751200033
2025,5,2,Koboko,Koboko,Lobule (refugee settlement),3.39,31.03,"meat, fish and eggs",Fish (dry),KG,20870.0,20000.0,870.0,0.0435,17327.0,22208.5,17327.0,21245.2,-3918.2000000000007
2025,5,2,Hoima,Buhaguzi,Kyangwali (refugee settlement),1.16,30.75,cereals and tubers,Sorghum,KG,4367.0,2500.0,1867.0,0.7468,3135.333333333333,2528.5,4111.0,2998.91,1112.0900000000001
2025,5,2,Kamwenge,Kibale,Rwamwanja (refugee settlement),0.31,30.68,cereals and tubers,Sorghum,KG,3180.0,2010.0,1170.0,0.582089552238806,2328.0,2127.0,2172.0,2972.360449497432,-800.360449497432
2025,5,2,Kotido,Jie,Kotido,3.0,34.11,cereals and tubers,Cassava flour,KG,2000.0,1800.0,200.0,0.1111111111111111,1766.6666666666667,1725.0,2000.0,1971.1723328619075,28.827667138092465
2025,5,2,Abim,Labwor,Makaratin,2.71,33.64,cereals and tubers,Maize flour,KG,2425.0,2363.0,62.0,0.0262378332628015,2325.333333333333,2222.6666666666665,2730.0,2390.094695344676,339.905304655324
2025,5,2,Soroti,Soroti Municipality,Soroti,1.71,33.62,cereals and tubers,Sorghum,KG,1400.0,1367.0,33.0,0.0241404535479151,1302.3333333333333,1272.3333333333333,1443.0,1399.3532823889745,43.64671761102545
2025,5,2,Mbarara,Mbarara Municipality,Mbarara,-0.61,30.65,cereals and tubers,Maize flour,KG,2875.0,2615.0,260.0,0.0994263862332696,2675.333333333333,2587.6666666666665,3375.0,2729.6608834712806,645.3391165287194
2025,5,2,Kabarole,Fort Portal Municipality,Fort Portal,0.66,30.28,pulses and nuts,Beans,KG,6000.0,5625.0,375.0,0.0666666666666666,5391.333333333333,4935.5,4875.0,5688.162533333334,-813.1625333333341
2025,5,2,Adjumani,Adjumani,Adjumani (refugee settlement),3.34,31.78,cereals and tubers,Maize flour,KG,2614.0,2591.0,23.0,0.0088768815129293,2552.333333333333,2599.333333333333,2745.0,2416.605760705616,328.3942392943841
2025,5,2,Hoima,Buhaguzi,Kyangwali (refugee settlement),1.16,30.75,oil and fats,Oil (vegetable),L,8000.0,8000.0,0.0,0.0,8000.0,7949.333333333333,8000.0,8079.992951836017,-79.9929518360168
2025,5,2,Kamwenge,Kibale,Rwamwanja (refugee settlement),0.31,30.68,cereals and tubers,Cassava (fresh),KG,415.0,606.0,-191.0,-0.3151815181518151,495.0,628.6666666666666,345.0,551.4591030402933,-206.45910304029326
2025,5,2,Masaka,Masaka Municipality,Masaka,-0.35,31.74,oil and fats,Oil (vegetable),L,7250.0,8541.0,-1291.0,-0.1511532607423018,8025.0,8123.666666666667,7500.0,7214.153019705992,285.84698029400806
2025,5,2,Isingiro,Bukanga,Oruchinga (refugee settlement),-0.94,30.76,cereals and tubers,Sorghum,KG,4250.0,1929.0,2321.0,1.2032141005702437,2526.333333333333,2096.333333333333,2526.0,2333.16,192.84000000000015
2025,5,2,Lira,Lira Municipality,Lira,2.23,32.91,cereals and tubers,Maize flour,KG,3000.0,2433.0,567.0,0.2330456226880394,2444.0,2153.1666666666665,2600.0,2970.139465213478,-370.13946521347816
2025,5,2,Yumbe,Aringa,Bidibidi (refugee settlement),3.36,31.35,pulses and nuts,Beans,KG,4654.0,4264.0,390.0,0.0914634146341463,4433.666666666667,4556.0,4434.0,4548.0264781054375,-114.02647810543749
2025,5,2,Koboko,Koboko,Lobule (refugee settlement),3.39,31.03,cereals and tubers,Millet flour,KG,4500.0,4283.0,217.0,0.0506654214335745,4233.333333333333,4229.666666666667,4233.0,4327.010878916535,-94.01087891653515
2025,5,2,Abim,Labwor,Makaratin,2.71,33.64,cereals and tubers,Maize (white),KG,1275.0,1400.0,-125.0,-0.0892857142857142,1258.3333333333333,1120.8333333333333,1620.0,1259.7603567965402,360.23964320345976
2025,5,2,Nakapiripirit,Pian,Nabilatuk,2.05,34.57,cereals and tubers,Maize flour,KG,2867.0,2450.0,417.0,0.170204081632653,2605.6666666666665,2302.833333333333,3029.0,2825.5725647576446,203.4274352423554
2025,5,2,Nakapiripirit,Pian,Nabilatuk,2.05,34.57,oil and fats,Oil (vegetable),L,7722.0,7500.0,222.0,0.0296,7574.0,7370.333333333333,8333.0,7725.487481083726,607.5125189162736
2025,5,2,Jinja,Jinja Municipality,Jinja,0.42,33.2,cereals and tubers,Maize (white),KG,2000.0,2092.0,-92.0,-0.0439770554493307,2040.3333333333333,1936.8333333333333,2000.0,1976.9178866600682,23.082113339931766
2025,5,2,Gulu,Gulu Municipality,Gulu,2.77,32.31,cereals and tubers,Maize flour,KG,3000.0,2250.0,750.0,0.3333333333333333,2653.333333333333,2607.5,3200.0,2961.4615440651414,238.53845593485858
2025,5,2,Kotido,Jie,Kotido,3.0,34.11,cereals and tubers,Maize (white),KG,1513.0,1100.0,413.0,0.3754545454545454,1226.6666666666667,1121.6666666666667,1663.0,1425.6966760472778,237.30332395272217
2025,5,2,Lira,Lira Municipality,Lira,2.23,32.91,pulses and nuts,Beans,KG,4825.0,4000.0,825.0,0.20625,4179.333333333333,3779.6666666666665,4200.0,4435.28538471686,-235.28538471685988
2025,5,2,Gulu,Gulu Municipality,Gulu,2.77,32.31,pulses and nuts,Beans,KG,5667.0,5625.0,42.0,0.0074666666666666,5045.333333333333,4382.5,4860.0,5021.773322072072,-161.773322072072
2025,5,2,Napak,Bokora,Napak,2.22,34.26,oil and fats,Oil (vegetable),L,7042.0,7500.0,-458.0,-0.0610666666666666,7347.333333333333,7173.666666666667,7000.0,7386.7038907783835,-386.70389077838354
2025,5,2,Lamwo,Lamwo,Palabek (refugee settlement),3.34,32.47,cereals and tubers,Millet flour,KG,5056.0,4833.0,223.0,0.0461411131802193,4754.666666666667,4192.333333333333,3929.0,4925.888971105065,-996.8889711050651
2025,5,2,Napak,Bokora,Napak,2.22,34.26,cereals and tubers,Maize flour,KG,2467.0,2250.0,217.0,0.0964444444444444,2239.0,2119.5,2414.0,2320.350431168563,93.64956883143714
2025,5,2,Arua,Arua Municipality,Arua,3.02,30.91,cereals and tubers,Maize flour,KG,3000.0,2632.0,368.0,0.1398176291793313,2728.333333333333,2792.0,3100.0,2983.3550719281575,116.64492807184251
2025,5,2,Moroto,Moroto Municipality,Moroto,2.53,34.65,cereals and tubers,Maize flour,KG,2245.0,2067.0,178.0,0.0861151427189163,2104.0,2052.0,2458.0,2000.2870525716162,457.7129474283838
2025,5,2,Nakapiripirit,Kadani,Namalu,1.79,34.6,cereals and tubers,Sorghum,KG,1506.0,1342.0,164.0,0.1222056631892697,1343.6666666666667,1221.8333333333333,1525.0,1469.8268527939558,55.17314720604418
2025,5,2,Hoima,Bugahya,Hoima,1.43,31.35,cereals and tubers,Sorghum,KG,3400.0,3000.0,400.0,0.1333333333333333,3147.6666666666665,3073.833333333333,3500.0,3953.1354881585926,-453.1354881585926
2025,5,2,Arua,Terego,Rhino Camp (refugee settlement),3.17,31.31,cereals and tubers,Millet flour,KG,4083.0,3667.0,416.0,0.1134442323425143,3826.6666666666665,4104.833333333333,4706.0,4057.6079939605556,648.3920060394444
2025,5,2,Arua,Arua Municipality,Arua,3.02,30.91,pulses and nuts,Beans,KG,3800.0,3538.0,262.0,0.0740531373657433,3590.0,3442.1666666666665,4000.0,3782.494307086737,217.50569291326292
2025,5,2,Isingiro,Bukanga,Nakivale (refugee settlement),-0.78,30.96,cereals and tubers,Sorghum,KG,2000.0,1600.0,400.0,0.25,1689.3333333333333,1677.3333333333333,1689.0,2016.4578649448947,-327.4578649448947
2025,5,2,Kween,Kween,Kapchorwa,1.38,34.52,cereals and tubers,Maize (white),KG,1700.0,1310.0,390.0,0.2977099236641221,1436.6666666666667,1347.5,1800.0,1680.386739143376,119.61326085662404
2025,5,2,Soroti,Soroti Municipality,Soroti,1.71,33.62,cereals and tubers,Maize flour,KG,2200.0,2150.0,50.0,0.0232558139534883,2116.6666666666665,2038.3333333333333,2440.0,2194.9297909459488,245.07020905405125
2025,5,2,Mbale,Mbale Municipality,Mbale,1.07,34.18,cereals and tubers,Maize flour,KG,2400.0,1883.0,517.0,0.2745618693574084,2036.3333333333333,1918.1666666666667,2330.0,2407.6514840502364,-77.65148405023638
2025,5,2,Gulu,Gulu Municipality,Gulu,2.77,32.31,cereals and tubers,Maize (white),KG,2000.0,1550.0,450.0,0.2903225806451613,1597.3333333333333,1414.6666666666667,2000.0,1918.911706687209,81.08829331279094
2025,5,2,Kabarole,Fort Portal Municipality,Fort Portal,0.66,30.28,oil and fats,Oil (vegetable),L,7375.0,7625.0,-250.0,-0.0327868852459016,7538.333333333333,7607.333333333333,8000.0,7297.79392889941,702.2060711005897
2025,5,2,Arua,Terego,Imvepi (refugee settlement),3.23,31.28,oil and fats,Oil (vegetable),L,8133.0,7963.0,170.0,0.0213487379128469,7921.0,7633.166666666667,7708.0,7982.785698350748,-274.78569835074813
2025,5,2,Busia,Samia-bugwe,Busia,0.47,34.09,cereals and tubers,Maize flour,KG,2550.0,2800.0,-250.0,-0.0892857142857142,2609.0,2524.0,2700.0,2460.6496359701478,239.35036402985224
2025,5,2,Nakapiripirit,Kadani,Namalu,1.79,34.6,cereals and tubers,Maize flour,KG,2550.0,2442.0,108.0,0.0442260442260442,2353.0,2143.1666666666665,2850.0,2463.7674836097767,386.2325163902233
2025,5,2,Hoima,Bugahya,Hoima,1.43,31.35,pulses and nuts,Beans,KG,5000.0,5000.0,0.0,0.0,4516.666666666667,4008.3333333333335,5000.0,4829.025962828077,170.97403717192265
2025,5,2,Mbarara,Mbarara Municipality,Mbarara,-0.61,30.65,cereals and tubers,Maize (white),KG,2625.0,1569.0,1056.0,0.6730401529636711,1905.3333333333333,1702.6666666666667,2500.0,2203.172408998522,296.82759100147814
2025,5,2,Amudat,Upe,Karita,1.54,34.83,cereals and tubers,Maize flour,KG,2506.0,2500.0,6.0,0.0024,2402.0,2201.0,2540.0,2680.543546962351,-140.54354696235077
2025,5,2,Masindi,Buruli M,Masindi,1.69,31.71,cereals and tubers,Maize flour,KG,2500.0,2500.0,0.0,0.0,2500.0,2516.833333333333,2500.0,2579.4591824593513,-79.45918245935127
2025,5,2,Isingiro,Bukanga,Oruchinga (refugee settlement),-0.94,30.76,cereals and tubers,Cassava (fresh),KG,511.0,606.0,-95.0,-0.1567656765676567,562.6666666666666,609.1666666666666,563.0,673.5438077591003,-110.54380775910033
2025,5,2,Hoima,Bugahya,Hoima,1.43,31.35,oil and fats,Oil (vegetable),L,9600.0,10000.0,-400.0,-0.04,8900.333333333334,7950.166666666667,10000.0,8539.064411764706,1460.9355882352938
2025,5,2,Isingiro,Bukanga,Nakivale (refugee settlement),-0.78,30.96,cereals and tubers,Cassava (fresh),KG,506.0,595.0,-89.0,-0.1495798319327731,572.3333333333334,565.6666666666666,572.0,597.3022046360912,-25.302204636091233
2025,5,2,Kaabong,Dodoth,Kaabong,3.54,34.12,cereals and tubers,Maize flour,KG,2725.0,2500.0,225.0,0.09,2575.0,2430.833333333333,2800.0,2605.829327061806,194.170672938194
2025,5,2,Adjumani,Adjumani,Adjumani (refugee settlement),3.34,31.78,oil and fats,Oil (vegetable),L,7881.0,8000.0,-119.0,-0.014875,7936.666666666667,7885.0,7932.0,7833.7713578343255,98.2286421656745
2025,5,2,Lira,Lira Municipality,Lira,2.23,32.91,cereals and tubers,Maize (white),KG,1475.0,1300.0,175.0,0.1346153846153846,1238.3333333333333,1070.3333333333333,1388.0,1407.9613628060617,-19.961362806061743
2025,5,2,Masaka,Masaka Municipality,Masaka,-0.35,31.74,cereals and tubers,Maize flour,KG,2700.0,2408.0,292.0,0.1212624584717608,2481.333333333333,2388.6666666666665,3000.0,2634.5110146545126,365.48898534548744
2025,5,2,Kyegegwa,Kyaka,Kyaka II (refugee settlement),0.36,31.09,cereals and tubers,Millet flour,KG,4209.0,4093.0,116.0,0.0283410701197165,4116.666666666667,4168.333333333333,4068.0,4208.672385755418,-140.67238575541796
2025,5,2,Busia,Samia-bugwe,Busia,0.47,34.09,cereals and tubers,Sorghum,KG,1500.0,1500.0,0.0,0.0,1405.3333333333333,1305.6666666666667,1500.0,1488.5490078155324,11.450992184467623
2025,5,2,Kotido,Jie,Kotido,3.0,34.11,cereals and tubers,Maize flour,KG,2575.0,2340.0,235.0,0.1004273504273504,2388.333333333333,2320.833333333333,2600.0,2677.7276440782402,-77.72764407824025
2025,5,2,Adjumani,Adjumani,Adjumani (refugee settlement),3.34,31.78,milk and dairy,Milk (fresh),L,2000.0,2000.0,0.0,0.0,1746.0,1873.0,2000.0,1939.3665198276724,60.63348017232761
2025,5,2,Kiryandongo,Kibanda,Kiryandongo (refugee settlement),1.94,32.21,cereals and tubers,Cassava (fresh),KG,562.0,641.0,-79.0,-0.1232449297971918,788.0,790.1666666666666,1067.0,639.8231064851634,427.1768935148366
2025,5,2,Kween,Kween,Kapchorwa,1.38,34.52,cereals and tubers,Maize flour,KG,2800.0,2300.0,500.0,0.217391304347826,2500.0,2375.0,2800.0,2748.6831829061225,51.31681709387749
2025,5,2,Jinja,Jinja Municipality,Jinja,0.42,33.2,cereals and tubers,Maize flour,KG,2280.0,2500.0,-220.0,-0.088,2315.6666666666665,2205.0,2410.0,2198.2131904333046,211.7868095666954
2025,5,2,Busia,Samia-bugwe,Busia,0.47,34.09,cereals and tubers,Cassava flour,KG,875.0,1000.0,-125.0,-0.125,901.0,849.1666666666666,950.0,966.7810593010922,-16.781059301092228
2025,5,2,Masindi,Buruli M,Masindi,1.69,31.71,cereals and tubers,Sorghum,KG,2000.0,1750.0,250.0,0.1428571428571428,2000.0,2078.833333333333,2000.0,2041.395868516845,-41.395868516844985
2025,5,2,Soroti,Soroti Municipality,Soroti,1.71,33.62,cereals and tubers,Cassava flour,KG,983.0,1000.0,-17.0,-0.017,994.3333333333334,997.1666666666666,953.0,1012.4889117659991,-59.48891176599909
2025,5,2,Yumbe,Aringa,Bidibidi (refugee settlement),3.36,31.35,"meat, fish and eggs",Fish (dry),KG,21078.0,20417.0,661.0,0.0323749816329529,24088.0,20681.666666666668,24088.0,21980.33,2107.6699999999983
2025,5,2,Kween,Kween,Kapchorwa,1.38,34.52,pulses and nuts,Beans,KG,4000.0,3043.0,957.0,0.3144922773578705,3347.6666666666665,3173.833333333333,3000.0,3805.8905914152965,-805.8905914152965
2025,5,2,Arua,Terego,Imvepi (refugee settlement),3.23,31.28,cereals and tubers,Maize flour,KG,2587.0,2476.0,111.0,0.0448303715670436,2513.0,2599.333333333333,3208.0,2499.3260757095213,708.6739242904787
2025,5,2,Kyegegwa,Kyaka,Kyaka II (refugee settlement),0.36,31.09,cereals and tubers,Cassava (fresh),KG,418.0,309.0,109.0,0.3527508090614886,376.6666666666667,485.5,289.0,449.922295,-160.92229500000002
2025,5,2,Lamwo,Lamwo,Palabek (refugee settlement),3.34,32.47,pulses and nuts,Beans,KG,4278.0,3792.0,486.0,0.1281645569620253,3950.3333333333335,3547.1666666666665,4050.0,3993.292017110989,56.707982889010964
2025,5,2,Hoima,Bugahya,Hoima,1.43,31.35,cereals and tubers,Maize flour,KG,2600.0,2000.0,600.0,0.3,2547.6666666666665,2773.833333333333,2500.0,2694.56413047393,-194.56413047393016
2025,5,2,Mbale,Mbale Municipality,Mbale,1.07,34.18,cereals and tubers,Cassava flour,KG,1750.0,1569.0,181.0,0.1153601019757807,1613.6666666666667,1556.8333333333333,1651.0,1779.6944892377473,-128.69448923774735
2025,5,2,Jinja,Jinja Municipality,Jinja,0.42,33.2,pulses and nuts,Beans,KG,4100.0,5229.0,-1129.0,-0.2159112641040352,4800.333333333333,4789.0,4563.0,4148.453041904615,414.546958095385
2025,5,2,Masindi,Buruli M,Masindi,1.69,31.71,pulses and nuts,Beans,KG,3788.0,4000.0,-212.0,-0.053,3929.3333333333335,3513.833333333333,3775.0,3795.3048395856335,-20.304839585633545
2025,5,2,Soroti,Soroti Municipality,Soroti,1.71,33.62,cereals and tubers,Maize (white),KG,1408.0,1379.0,29.0,0.0210297316896301,1329.0,1271.6666666666667,1433.0,1402.8982591514132,30.101740848586815
2025,5,2,Kaabong,Dodoth,Kaabong,3.54,34.12,cereals and tubers,Sorghum,KG,1713.0,1538.0,175.0,0.1137841352405721,1492.0,1314.75,1688.0,1877.8775453229327,-189.87754532293275
2025,5,2,Nakapiripirit,Kadani,Namalu,1.79,34.6,cereals and tubers,Cassava flour,KG,1900.0,1500.0,400.0,0.2666666666666666,1633.3333333333333,1758.3333333333333,2100.0,1987.8512201635933,112.14877983640667
2025,5,2,Moyo,Obongi,Palorinya (refugee settlement),3.47,31.63,"meat, fish and eggs",Fish (dry),KG,19323.0,20000.0,-677.0,-0.03385,15488.666666666666,16225.0,19167.0,15575.75,3591.25
2025,5,2,Kyegegwa,Kyaka,Kyaka II (refugee settlement),0.36,31.09,pulses and nuts,Beans,KG,3849.0,3445.0,404.0,0.1172714078374455,3421.6666666666665,2834.833333333333,2905.0,3627.6662650073836,-722.6662650073836
2025,5,2,Busia,Samia-bugwe,Busia,0.47,34.09,cereals and tubers,Maize (white),KG,1480.0,1500.0,-20.0,-0.0133333333333333,1370.3333333333333,1232.6666666666667,1531.0,1441.6058417277554,89.39415827224457
2025,5,2,Kiryandongo,Kibanda,Kiryandongo (refugee settlement),1.94,32.21,cereals and tubers,Sorghum,KG,2318.0,2036.0,282.0,0.1385068762278978,2261.0,2204.833333333333,2263.0,2281.5458751815545,-18.545875181554493
2025,5,2,Kasese,Busongora,Kasese,0.17,30.07,cereals and tubers,Sorghum,KG,4000.0,3625.0,375.0,0.1034482758620689,3278.6666666666665,2709.333333333333,3725.0,3493.7486116011187,231.25138839888132
2025,5,2,Arua,Arua Municipality,Arua,3.02,30.91,oil and fats,Oil (vegetable),L,7000.0,7321.0,-321.0,-0.0438464690616036,7140.666666666667,7070.333333333333,6750.0,7112.364285406745,-362.3642854067448
2025,5,2,Isingiro,Bukanga,Oruchinga (refugee settlement),-0.94,30.76,oil and fats,Oil (vegetable),L,8000.0,8000.0,0.0,0.0,7969.666666666667,7710.5,7970.0,7894.838239598249,75.16176040175105
2025,5,2,Yumbe,Aringa,Bidibidi (refugee settlement),3.36,31.35,cereals and tubers,Millet flour,KG,5115.0,4269.0,846.0,0.1981728742094167,4380.666666666667,4140.166666666667,4381.0,4880.835039938556,-499.8350399385563
2025,5,2,Yumbe,Aringa,Bidibidi (refugee settlement),3.36,31.35,oil and fats,Oil (vegetable),L,7385.0,7295.0,90.0,0.0123372172721041,7331.0,7508.666666666667,7331.0,7249.239537961751,81.76046203824899
2025,5,2,Arua,Terego,Rhino Camp (refugee settlement),3.17,31.31,cereals and tubers,Sorghum,KG,1500.0,1668.0,-168.0,-0.1007194244604316,1608.0,1706.5,1765.0,1548.215246017415,216.78475398258502
2025,5,2,Masindi,Buruli M,Masindi,1.69,31.71,cereals and tubers,Cassava flour,KG,2375.0,2050.0,325.0,0.1585365853658536,1891.6666666666667,2084.6666666666665,2250.0,2521.7466413318193,-271.7466413318193
2025,5,2,Kaabong,Dodoth,Karenga,3.57,33.7,cereals and tubers,Maize flour,KG,2917.0,2582.0,335.0,0.1297443841982959,2621.0,2315.333333333333,3243.0,2976.897232007372,266.10276799262783
2025,5,2,Moroto,Moroto Municipality,Moroto,2.53,34.65,cereals and tubers,Cassava flour,KG,2036.0,2055.0,-19.0,-0.0092457420924574,2003.6666666666667,2035.1666666666667,2091.0,2034.6862276766537,56.31377232334626
2025,5,2,Kaabong,Dodoth,Karenga,3.57,33.7,oil and fats,Oil (vegetable),L,8000.0,8000.0,0.0,0.0,7894.0,7470.833333333333,8000.0,7787.045812372343,212.95418762765712
2025,5,2,Lamwo,Lamwo,Palabek (refugee settlement),3.34,32.47,milk and dairy,Milk (fresh),L,2000.0,2000.0,0.0,0.0,1729.3333333333333,1836.8333333333333,2000.0,1976.8112181344427,23.188781865557303
2025,5,2,Kyegegwa,Kyaka,Kyaka II (refugee settlement),0.36,31.09,milk and dairy,Milk (fresh),L,2000.0,1760.0,240.0,0.1363636363636363,1598.3333333333333,1582.5,1760.0,1813.860441071035,-53.860441071034984
2025,5,2,Iganga,Kigulu,Iganga,0.61,33.47,cereals and tubers,Maize flour,KG,2383.0,2200.0,183.0,0.0831818181818181,2271.6666666666665,2240.0,2588.0,2378.031988998435,209.96801100156517
2025,5,2,Kaabong,Dodoth,Kaabong,3.54,34.12,cereals and tubers,Maize (white),KG,2031.0,1806.0,225.0,0.1245847176079734,1791.6666666666667,1557.9166666666667,1925.0,2125.6662393380825,-200.6662393380825
2025,5,2,Iganga,Kigulu,Iganga,0.61,33.47,cereals and tubers,Maize (white),KG,1817.0,2000.0,-183.0,-0.0915,1610.3333333333333,1370.5,1913.0,1771.0804680655447,141.91953193445534
2025,5,2,Kaabong,Dodoth,Karenga,3.57,33.7,cereals and tubers,Cassava flour,KG,1500.0,1182.0,318.0,0.2690355329949238,1424.3333333333333,1910.5,1536.0,1926.836703654866,-390.8367036548659
2025,5,2,Moroto,Moroto Municipality,Moroto,2.53,34.65,pulses and nuts,Beans,KG,4773.0,4042.0,731.0,0.1808510638297872,4271.666666666667,4135.833333333333,4875.0,4711.81020641675,163.18979358325032
2025,5,2,Napak,Bokora,Napak,2.22,34.26,cereals and tubers,Cassava flour,KG,1342.0,2375.0,-1033.0,-0.4349473684210526,1939.0,2011.1666666666667,971.0,1743.1010577200577,-772.1010577200577
2025,5,2,Moyo,Obongi,Palorinya (refugee settlement),3.47,31.63,pulses and nuts,Beans,KG,4317.0,3940.0,377.0,0.0956852791878172,4045.6666666666665,3822.5,4725.0,4145.6278579676955,579.3721420323045
2025,5,2,Amudat,Upe,Karita,1.54,34.83,cereals and tubers,Maize (white),KG,1769.0,1508.0,261.0,0.173076923076923,1542.3333333333333,1400.8333333333333,1920.0,1678.3181505852967,241.68184941470327
2025,5,2,Masaka,Masaka Municipality,Masaka,-0.35,31.74,cereals and tubers,Cassava flour,KG,1350.0,1696.0,-346.0,-0.2040094339622641,1563.6666666666667,1575.5,1400.0,1395.8501131149176,4.149886885082424
2025,5,2,Isingiro,Bukanga,Nakivale (refugee settlement),-0.78,30.96,oil and fats,Oil (vegetable),L,7667.0,7633.0,34.0,0.0044543429844097,7656.333333333333,7843.166666666667,7656.0,7658.497432824653,-2.4974328246526056
2025,5,2,Kabarole,Fort Portal Municipality,Fort Portal,0.66,30.28,cereals and tubers,Cassava flour,KG,2000.0,1755.0,245.0,0.1396011396011396,1751.6666666666667,1729.5,1875.0,1996.9945282433698,-121.99452824336981
2025,5,2,Yumbe,Aringa,Bidibidi (refugee settlement),3.36,31.35,vegetables and fruits,Leafy vegetables,KG,1595.0,1189.0,406.0,0.3414634146341463,1704.0,2016.0,1704.0,1632.5795013061384,71.42049869386165
2025,5,2,Kasese,Busongora,Kasese,0.17,30.07,oil and fats,Oil (vegetable),L,7000.0,7250.0,-250.0,-0.0344827586206896,7331.0,7504.333333333333,7000.0,7288.492087984214,-288.49208798421387
2025,5,2,Koboko,Koboko,Lobule (refugee settlement),3.39,31.03,cereals and tubers,Cassava (fresh),KG,436.0,446.0,-10.0,-0.0224215246636771,477.0,569.3333333333334,477.0,617.5250008355415,-140.5250008355415
2025,5,2,Hoima,Bugahya,Hoima,1.43,31.35,cereals and tubers,Cassava flour,KG,2000.0,1000.0,1000.0,1.0,1676.3333333333333,1838.1666666666667,2000.0,1767.4540847876685,232.54591521233147
2025,5,2,Kasese,Busongora,Kasese,0.17,30.07,cereals and tubers,Maize flour,KG,2450.0,2138.0,312.0,0.1459307764265668,2205.6666666666665,2102.833333333333,2400.0,2478.8298608376995,-78.82986083769947
2025,5,2,Kasese,Busongora,Kasese,0.17,30.07,cereals and tubers,Cassava flour,KG,1000.0,1050.0,-50.0,-0.0476190476190476,920.0,810.0,1750.0,991.7398933458976,758.2601066541024
2025,5,2,Hoima,Buhaguzi,Kyangwali (refugee settlement),1.16,30.75,cereals and tubers,Cassava (fresh),KG,506.0,602.0,-96.0,-0.1594684385382059,577.0,637.8333333333334,1064.0,575.9222144663084,488.07778553369155
2025,5,2,Moyo,Obongi,Palorinya (refugee settlement),3.47,31.63,cereals and tubers,Millet flour,KG,6250.0,5789.0,461.0,0.0796337882190361,5917.666666666667,5283.833333333333,6000.0,6220.305828571429,-220.30582857142872
2025,5,2,Nakapiripirit,Kadani,Namalu,1.79,34.6,cereals and tubers,Maize (white),KG,1619.0,1442.0,177.0,0.1227461858529819,1437.0,1285.1666666666667,1638.0,1738.85397160498,-100.85397160497996
2025,5,2,Isingiro,Bukanga,Nakivale (refugee settlement),-0.78,30.96,milk and dairy,Milk (fresh),L,2000.0,1800.0,200.0,0.1111111111111111,1630.0,1631.6666666666667,1630.0,1940.5434265159038,-310.5434265159038
2025,5,2,Arua,Arua Municipality,Arua,3.02,30.91,cereals and tubers,Cassava flour,KG,1000.0,1307.0,-307.0,-0.2348890589135424,1191.6666666666667,1179.1666666666667,1000.0,1210.081833177511,-210.08183317751104
2025,5,2,Abim,Labwor,Makaratin,2.71,33.64,cereals and tubers,Cassava flour,KG,1000.0,2000.0,-1000.0,-0.5,1166.6666666666667,833.3333333333334,920.0,1144.345024885005,-224.34502488500493
2025,5,2,Isingiro,Bukanga,Oruchinga (refugee settlement),-0.94,30.76,"meat, fish and eggs",Fish (dry),KG,18709.0,8571.0,10138.0,1.1828258079570646,10760.0,17879.5,10760.0,15933.08,-5173.08
2025,5,2,Arua,Terego,Rhino Camp (refugee settlement),3.17,31.31,oil and fats,Oil (vegetable),L,7917.0,7340.0,577.0,0.0786103542234332,7485.666666666667,7491.5,7412.0,7765.0377814609765,-353.0377814609765
2025,5,2,Mbale,Mbale Municipality,Mbale,1.07,34.18,oil and fats,Oil (vegetable),L,7750.0,7321.0,429.0,0.0585985521103674,7390.666666666667,7195.333333333333,11017.0,7773.790715059187,3243.2092849408127
2025,5,2,Koboko,Koboko,Lobule (refugee settlement),3.39,31.03,vegetables and fruits,Leafy vegetables,KG,1715.0,1429.0,286.0,0.2001399580125962,1714.6666666666667,1887.3333333333333,1715.0,1786.4970517435786,-71.4970517435786
2025,5,2,Isingiro,Bukanga,Oruchinga (refugee settlement),-0.94,30.76,vegetables and fruits,Leafy vegetables,KG,1743.0,1667.0,76.0,0.0455908818236352,1803.3333333333333,1740.3333333333333,1803.0,1980.5458256959628,-177.54582569596278
2025,5,2,Hoima,Buhaguzi,Kyangwali (refugee settlement),1.16,30.75,milk and dairy,Milk (fresh),L,2000.0,2000.0,0.0,0.0,1681.0,1840.5,2000.0,1952.8330359031288,47.1669640968712
2025,5,2,Lamwo,Lamwo,Palabek (refugee settlement),3.34,32.47,cereals and tubers,Maize (white),KG,1978.0,1683.0,295.0,0.1752822341057635,1699.6666666666667,1547.6666666666667,2030.0,2091.010861931964,-61.01086193196397
2025,5,2,Kamwenge,Kibale,Rwamwanja (refugee settlement),0.31,30.68,cereals and tubers,Maize (white),KG,1507.0,1300.0,207.0,0.1592307692307692,1310.6666666666667,1187.6666666666667,1505.0,1402.4915467328653,102.50845326713466
2025,5,2,Gulu,Gulu Municipality,Gulu,2.77,32.31,cereals and tubers,Sorghum,KG,2000.0,1400.0,600.0,0.4285714285714285,1538.6666666666667,1368.6666666666667,2000.0,1677.8666472580935,322.1333527419065
2025,5,2,Isingiro,Bukanga,Oruchinga (refugee settlement),-0.94,30.76,milk and dairy,Milk (fresh),L,2000.0,2000.0,0.0,0.0,1694.3333333333333,1706.6666666666667,1694.0,1954.9862915797107,-260.9862915797107
2025,5,2,Moyo,Obongi,Palorinya (refugee settlement),3.47,31.63,oil and fats,Oil (vegetable),L,7800.0,8227.0,-427.0,-0.0519022730035249,7898.0,7816.166666666667,7583.0,7786.853329720683,-203.85332972068318
2025,5,2,Isingiro,Bukanga,Oruchinga (refugee settlement),-0.94,30.76,cereals and tubers,Maize flour,KG,2000.0,2057.0,-57.0,-0.0277102576567817,2058.0,2023.6666666666667,2058.0,2004.080047143311,53.91995285668895
2025,5,2,Nakapiripirit,Pian,Nabilatuk,2.05,34.57,cereals and tubers,Maize (white),KG,1563.0,1425.0,138.0,0.0968421052631579,1396.0,1281.8333333333333,1655.0,1628.9725374637658,26.027462536234225
2025,5,2,Hoima,Buhaguzi,Kyangwali (refugee settlement),1.16,30.75,vegetables and fruits,Leafy vegetables,KG,2180.0,1695.0,485.0,0.2861356932153392,2016.3333333333333,1573.0,4167.0,1942.8266818493844,2224.1733181506156
2025,5,2,Soroti,Soroti Municipality,Soroti,1.71,33.62,oil and fats,Oil (vegetable),L,8000.0,8208.0,-208.0,-0.0253411306042884,8036.0,8018.0,8533.0,8910.728208636086,-377.7282086360865
2025,5,2,Kaabong,Dodoth,Kaabong,3.54,34.12,oil and fats,Oil (vegetable),L,8000.0,8000.0,0.0,0.0,8000.0,7941.666666666667,8000.0,8013.263188489178,-13.263188489177992
2025,5,2,Adjumani,Adjumani,Adjumani (refugee settlement),3.34,31.78,cereals and tubers,Sorghum,KG,1905.0,1545.0,360.0,0.233009708737864,1577.0,1512.0,1932.0,1892.4893381089878,39.510661891012205
2025,5,2,Napak,Bokora,Napak,2.22,34.26,cereals and tubers,Maize (white),KG,1971.0,1458.0,513.0,0.3518518518518518,1549.6666666666667,1402.6666666666667,2000.0,1974.956441856029,25.04355814397104
2025,5,2,Arua,Terego,Rhino Camp (refugee settlement),3.17,31.31,miscellaneous food,Salt,KG,2000.0,1880.0,120.0,0.0638297872340425,1852.0,1855.1666666666667,1894.0,1909.8530216066815,-15.853021606681523
2025,5,2,Kyegegwa,Kyaka,Kyaka II (refugee settlement),0.36,31.09,miscellaneous food,Salt,KG,1540.0,1491.0,49.0,0.0328638497652582,1512.3333333333333,1516.3333333333333,1557.0,1552.841355533572,4.158644466428086
2025,5,2,Arua,Terego,Imvepi (refugee settlement),3.23,31.28,"meat, fish and eggs",Fish (dry),KG,22128.0,28125.0,-5997.0,-0.2132266666666666,24738.666666666668,25781.83333333333,27444.0,24322.6525,3121.3475
2025,5,2,Kaabong,Dodoth,Kaabong,3.54,34.12,cereals and tubers,Millet,KG,5000.0,3000.0,2000.0,0.6666666666666666,3604.3333333333335,2909.6666666666665,4775.0,3055.34,1719.6599999999999
2025,5,2,Masaka,Masaka Municipality,Masaka,-0.35,31.74,cereals and tubers,Maize (white),KG,1600.0,1208.0,392.0,0.3245033112582781,1326.6666666666667,1233.3333333333333,1600.0,1620.2864363384276,-20.28643633842762
2025,5,2,Kamwenge,Kibale,Rwamwanja (refugee settlement),0.31,30.68,milk and dairy,Milk (fresh),L,2000.0,1667.0,333.0,0.1997600479904019,1576.6666666666667,1457.8333333333333,1450.0,1853.6702393489174,-403.67023934891745
2025,5,2,Masindi,Buruli M,Masindi,1.69,31.71,cereals and tubers,Millet,KG,4688.0,4250.0,438.0,0.1030588235294117,4062.6666666666665,3704.5,4250.0,4192.710970690418,57.289029309581565
2025,5,2,Lira,Lira Municipality,Lira,2.23,32.91,cereals and tubers,Sorghum,KG,1113.0,1067.0,46.0,0.0431115276476101,1068.6666666666667,1008.3333333333334,833.0,1139.3209225241126,-306.3209225241126
2025,5,2,Kiryandongo,Kibanda,Kiryandongo (refugee settlement),1.94,32.21,milk and dairy,Milk (fresh),L,2458.0,1800.0,658.0,0.3655555555555556,1836.0,1884.6666666666667,1867.0,2370.3778641340205,-503.37786413402046
2025,5,2,Busia,Samia-bugwe,Busia,0.47,34.09,cereals and tubers,Millet,KG,4325.0,2818.0,1507.0,0.5347764371894961,3292.0,3023.333333333333,4688.0,4280.893905379326,407.1060946206744
2025,5,2,Yumbe,Aringa,Bidibidi (refugee settlement),3.36,31.35,milk and dairy,Milk (fresh),L,2000.0,1900.0,100.0,0.0526315789473684,1641.6666666666667,1782.8333333333333,1642.0,1932.4127064489346,-290.4127064489346
2025,5,2,Arua,Terego,Rhino Camp (refugee settlement),3.17,31.31,"meat, fish and eggs",Fish (dry),KG,23278.0,40000.0,-16722.0,-0.41805,29703.666666666668,26216.166666666668,28000.0,26185.07,1814.9300000000003
2025,5,2,Masaka,Masaka Municipality,Masaka,-0.35,31.74,pulses and nuts,Beans,KG,3250.0,4710.0,-1460.0,-0.3099787685774947,4154.333333333333,4318.833333333333,3100.0,3371.583231274297,-271.58323127429685
2025,5,2,Moyo,Obongi,Palorinya (refugee settlement),3.47,31.63,cereals and tubers,Maize (white),KG,2633.0,1820.0,813.0,0.4467032967032967,2091.0,1762.1666666666667,2825.0,2206.0922948715374,618.9077051284626
2025,5,2,Kaabong,Dodoth,Kaabong,3.54,34.12,pulses and nuts,Beans,KG,4625.0,4563.0,62.0,0.0135875520490905,4562.666666666667,4481.333333333333,4875.0,4396.860054190553,478.13994580944745
2025,5,2,Nakapiripirit,Kadani,Namalu,1.79,34.6,pulses and nuts,Beans,KG,4550.0,4125.0,425.0,0.103030303030303,4252.666666666667,4004.1666666666665,3875.0,4406.319778862105,-531.3197788621046
2025,5,2,Hoima,Buhaguzi,Kyangwali (refugee settlement),1.16,30.75,pulses and nuts,Beans,KG,4000.0,2540.0,1460.0,0.5748031496062992,3107.6666666666665,3299.333333333333,3278.0,3826.6559420291264,-548.6559420291264
2025,5,2,Soroti,Soroti Municipality,Soroti,1.71,33.62,cereals and tubers,Millet,KG,4850.0,3417.0,1433.0,0.4193737196371085,3729.0,3309.833333333333,2460.0,4158.112299717509,-1698.112299717509
2025,5,2,Moroto,Moroto Municipality,Moroto,2.53,34.65,cereals and tubers,Sorghum,KG,1614.0,1438.0,176.0,0.1223922114047287,1424.0,1331.5,1700.0,1624.745494368899,75.25450563110098
2025,5,2,Isingiro,Bukanga,Oruchinga (refugee settlement),-0.94,30.76,cereals and tubers,Maize (white),KG,1433.0,1543.0,-110.0,-0.0712896953985742,1436.3333333333333,1359.3333333333333,1436.0,1573.27945499147,-137.27945499146995
2025,5,2,Koboko,Koboko,Lobule (refugee settlement),3.39,31.03,miscellaneous food,Salt,KG,1700.0,1740.0,-40.0,-0.0229885057471264,1686.6666666666667,1638.8333333333333,1687.0,1574.3695013326876,112.6304986673124
2025,5,2,Hoima,Buhaguzi,Kyangwali (refugee settlement),1.16,30.75,cereals and tubers,Millet flour,KG,4557.0,4000.0,557.0,0.13925,4165.333333333333,3977.3333333333335,5111.0,4236.518772585111,874.481227414889
2025,5,2,Koboko,Koboko,Lobule (refugee settlement),3.39,31.03,oil and fats,Oil (vegetable),L,8000.0,7550.0,450.0,0.0596026490066225,7700.0,8043.5,7700.0,7488.838868397077,211.16113160292298
2025,5,2,Arua,Terego,Rhino Camp (refugee settlement),3.17,31.31,cereals and tubers,Maize flour,KG,3350.0,2860.0,490.0,0.1713286713286713,2842.0,2899.1666666666665,2929.0,3255.9110035503295,-326.9110035503295
2025,5,2,Kotido,Jie,Kotido,3.0,34.11,cereals and tubers,Millet,KG,4000.0,2800.0,1200.0,0.4285714285714285,3066.6666666666665,2508.333333333333,4125.0,2955.5716056818187,1169.4283943181813
2025,5,2,Lamwo,Lamwo,Palabek (refugee settlement),3.34,32.47,cereals and tubers,Sorghum,KG,1478.0,1150.0,328.0,0.2852173913043478,1149.0,1068.3333333333333,1750.0,1596.730970167793,153.26902983220702
2025,5,2,Iganga,Kigulu,Iganga,0.61,33.47,cereals and tubers,Millet,KG,3517.0,2615.0,902.0,0.3449330783938814,2889.333333333333,2707.1666666666665,2875.0,3358.019105619015,-483.01910561901514
2025,5,2,Arua,Terego,Imvepi (refugee settlement),3.23,31.28,pulses and nuts,Beans,KG,4793.0,4525.0,268.0,0.0592265193370165,4618.666666666667,4332.833333333333,4704.0,4666.694541466837,37.30545853316289
2025,5,2,Mbarara,Mbarara Municipality,Mbarara,-0.61,30.65,oil and fats,Oil (vegetable),L,8500.0,8367.0,133.0,0.0158957810445798,8327.333333333334,8163.666666666667,8000.0,8409.565447751322,-409.5654477513217
2025,5,2,Kotido,Jie,Kotido,3.0,34.11,oil and fats,Oil (vegetable),L,7600.0,7500.0,100.0,0.0133333333333333,7572.333333333333,7702.833333333333,7600.0,7545.29258890418,54.707411095820135
2025,5,2,Isingiro,Bukanga,Nakivale (refugee settlement),-0.78,30.96,vegetables and fruits,Leafy vegetables,KG,1635.0,1452.0,183.0,0.1260330578512396,1655.6666666666667,1564.0,1656.0,1663.8397735594272,-7.839773559427158
2025,5,2,Kween,Kween,Kapchorwa,1.38,34.52,cereals and tubers,Sorghum,KG,1667.0,2000.0,-333.0,-0.1665,2236.6666666666665,2618.333333333333,2000.0,2069.4683241577873,-69.46832415778726
2025,5,2,Arua,Terego,Rhino Camp (refugee settlement),3.17,31.31,milk and dairy,Milk (fresh),L,2000.0,2000.0,0.0,0.0,1753.3333333333333,1876.6666666666667,3000.0,1932.939776418574,1067.060223581426
2025,5,2,Yumbe,Aringa,Bidibidi (refugee settlement),3.36,31.35,miscellaneous food,Salt,KG,1769.0,1969.0,-200.0,-0.1015744032503809,1797.6666666666667,1838.6666666666667,1798.0,1830.0211663554478,-32.021166355447804
2025,5,2,Moyo,Obongi,Palorinya (refugee settlement),3.47,31.63,miscellaneous food,Salt,KG,1920.0,1928.0,-8.0,-0.0041493775933609,1914.6666666666667,1957.3333333333333,1825.0,2031.4316105822977,-206.4316105822977
2025,5,2,Jinja,Jinja Municipality,Jinja,0.42,33.2,cereals and tubers,Sorghum,KG,2000.0,2092.0,-92.0,-0.0439770554493307,1964.0,1968.6666666666667,2350.0,1979.0823069207386,370.9176930792614
2025,5,2,Moyo,Obongi,Palorinya (refugee settlement),3.47,31.63,milk and dairy,Milk (fresh),L,2000.0,2000.0,0.0,0.0,2000.0,1915.6666666666667,2000.0,1998.4953241192416,1.504675880758441
2025,5,2,Jinja,Jinja Municipality,Jinja,0.42,33.2,cereals and tubers,Millet,KG,3900.0,3137.0,763.0,0.2432260121134842,3360.0,3171.6666666666665,4375.0,3588.9182902165903,786.0817097834097
2025,5,2,Gulu,Gulu Municipality,Gulu,2.77,32.31,cereals and tubers,Millet,KG,6000.0,3125.0,2875.0,0.92,3873.6666666666665,3160.333333333333,6000.0,3430.8020497142857,2569.1979502857143
2025,5,2,Kween,Kween,Kapchorwa,1.38,34.52,cereals and tubers,Millet,KG,4467.0,3500.0,967.0,0.2762857142857143,3320.6666666666665,2588.1666666666665,3500.0,2969.631988903116,530.368011096884
2025,5,2,Abim,Labwor,Makaratin,2.71,33.64,oil and fats,Oil (vegetable),L,8000.0,7600.0,400.0,0.0526315789473684,7896.0,7789.666666666667,7800.0,7591.0579852272085,208.94201477279148
2025,5,2,Amudat,Upe,Karita,1.54,34.83,pulses and nuts,Beans,KG,4281.0,4167.0,114.0,0.0273578113750899,4232.666666666667,4380.166666666667,4400.0,4238.39772843659,161.6022715634099
2025,5,2,Hoima,Buhaguzi,Kyangwali (refugee settlement),1.16,30.75,miscellaneous food,Salt,KG,1886.0,1760.0,126.0,0.0715909090909091,1824.0,1812.6666666666667,2000.0,1839.3872835274299,160.61271647257013
2025,5,2,Kiryandongo,Kibanda,Kiryandongo (refugee settlement),1.94,32.21,cereals and tubers,Maize (white),KG,1675.0,1343.0,332.0,0.2472077438570364,1452.0,1385.6666666666667,1367.0,1745.6898453476,-378.6898453476001
2025,5,2,Arua,Terego,Imvepi (refugee settlement),3.23,31.28,cereals and tubers,Sorghum,KG,1252.0,1127.0,125.0,0.1109139307897071,1204.0,1104.5,1521.0,1239.3791315316323,281.6208684683677
2025,5,2,Kyegegwa,Kyaka,Kyaka II (refugee settlement),0.36,31.09,vegetables and fruits,Leafy vegetables,KG,1812.0,1695.0,117.0,0.0690265486725663,1706.6666666666667,1840.5,1471.0,1775.6311479764856,-304.63114797648564
2025,5,2,Lira,Lira Municipality,Lira,2.23,32.91,oil and fats,Oil (vegetable),L,7875.0,7667.0,208.0,0.0271292552497717,7625.0,7382.0,7500.0,7675.5510632663945,-175.55106326639452
2025,5,2,Isingiro,Bukanga,Nakivale (refugee settlement),-0.78,30.96,miscellaneous food,Salt,KG,1600.0,1622.0,-22.0,-0.0135635018495684,1600.3333333333333,1675.5,1600.0,1652.0054246253555,-52.005424625355545
2025,5,2,Abim,Labwor,Makaratin,2.71,33.64,cereals and tubers,Millet,KG,3675.0,3000.0,675.0,0.225,3125.0,2707.0,4010.0,3329.595435705695,680.4045642943051
2025,5,2,Adjumani,Adjumani,Adjumani (refugee settlement),3.34,31.78,"meat, fish and eggs",Fish (dry),KG,19341.0,20000.0,-659.0,-0.03295,21884.0,22555.33333333333,26173.0,22085.44106060606,4087.558939393941
2025,5,2,Kamwenge,Kibale,Rwamwanja (refugee settlement),0.31,30.68,cereals and tubers,Maize flour,KG,2900.0,2977.0,-77.0,-0.0258649647295935,2898.0,2888.0,2921.0,2562.7032894960403,358.29671050395973
2025,5,2,Koboko,Koboko,Lobule (refugee settlement),3.39,31.03,cereals and tubers,Maize flour,KG,3000.0,2950.0,50.0,0.0169491525423728,2972.333333333333,2862.5,2972.0,2980.5961029266136,-8.59610292661364
2025,5,2,Arua,Terego,Rhino Camp (refugee settlement),3.17,31.31,pulses and nuts,Beans,KG,5260.0,4520.0,740.0,0.163716814159292,4810.666666666667,4405.333333333333,4224.0,4986.94617797004,-762.9461779700396
2025,5,2,Adjumani,Adjumani,Adjumani (refugee settlement),3.34,31.78,pulses and nuts,Beans,KG,3967.0,4000.0,-33.0,-0.00825,3846.0,3731.3333333333335,3932.0,3974.344098882476,-42.34409888247592
2025,5,2,Lamwo,Lamwo,Palabek (refugee settlement),3.34,32.47,miscellaneous food,Salt,KG,2000.0,2000.0,0.0,0.0,1991.6666666666667,1925.0,2000.0,1961.1731090256194,38.8268909743806
2025,5,2,Kyegegwa,Kyaka,Kyaka II (refugee settlement),0.36,31.09,cereals and tubers,Sorghum,KG,2500.0,2289.0,211.0,0.09217999126256,2274.333333333333,2193.0,2514.0,2489.014847148741,24.985152851259045
2025,5,2,Kaabong,Dodoth,Karenga,3.57,33.7,cereals and tubers,Maize (white),KG,1309.0,1300.0,9.0,0.0069230769230769,1338.3333333333333,1161.3333333333333,1804.0,1321.5043242042407,482.4956757957593
2025,5,2,Mbarara,Mbarara Municipality,Mbarara,-0.61,30.65,cereals and tubers,Millet,KG,4500.0,3137.0,1363.0,0.4344915524386356,3560.0,3280.0,4750.0,4515.817360419085,234.18263958091484
2025,5,2,Iganga,Kigulu,Iganga,0.61,33.47,cereals and tubers,Sorghum,KG,2133.0,1600.0,533.0,0.333125,1920.6666666666667,1893.6666666666667,2463.0,2035.796552413538,427.20344758646206
2025,5,2,Kyegegwa,Kyaka,Kyaka II (refugee settlement),0.36,31.09,cereals and tubers,Maize (white),KG,1633.0,1464.0,169.0,0.1154371584699453,1432.0,1284.5,1586.0,1701.4651967854804,-115.46519678548043
2025,5,2,Kyegegwa,Kyaka,Kyaka II (refugee settlement),0.36,31.09,oil and fats,Oil (vegetable),L,8000.0,8000.0,0.0,0.0,7960.666666666667,8114.666666666667,8000.0,7802.862990549952,197.13700945004803
2025,5,2,Kiryandongo,Kibanda,Kiryandongo (refugee settlement),1.94,32.21,cereals and tubers,Maize flour,KG,2767.0,2467.0,300.0,0.1216051884880421,2549.0,2365.6666666666665,2758.0,2620.395115319918,137.6048846800818
2025,5,2,Lira,Lira Municipality,Lira,2.23,32.91,cereals and tubers,Millet,KG,4500.0,3300.0,1200.0,0.3636363636363636,3379.6666666666665,2785.5,4625.0,3112.2115057780647,1512.7884942219353
2025,5,2,Hoima,Buhaguzi,Kyangwali (refugee settlement),1.16,30.75,cereals and tubers,Maize flour,KG,3057.0,2100.0,957.0,0.4557142857142857,2422.0,2411.833333333333,3444.0,2939.15833604276,504.84166395724014
2025,5,2,Arua,Terego,Rhino Camp (refugee settlement),3.17,31.31,vegetables and fruits,Leafy vegetables,KG,1736.0,1484.0,252.0,0.1698113207547169,2406.6666666666665,2160.6666666666665,1707.0,2071.9563556355038,-364.95635563550377
2025,5,2,Adjumani,Adjumani,Adjumani (refugee settlement),3.34,31.78,cereals and tubers,Millet flour,KG,4000.0,4273.0,-273.0,-0.0638895389655979,4043.3333333333335,4144.0,4000.0,4105.56309779714,-105.56309779713956
2025,5,2,Koboko,Koboko,Lobule (refugee settlement),3.39,31.03,cereals and tubers,Maize (white),KG,2000.0,1527.0,473.0,0.3097576948264571,1665.6666666666667,1464.0,1666.0,2008.187055066577,-342.18705506657693
2025,5,2,Isingiro,Bukanga,Nakivale (refugee settlement),-0.78,30.96,cereals and tubers,Maize (white),KG,1522.0,1339.0,183.0,0.1366691560866318,1336.3333333333333,1216.6666666666667,1336.0,1499.1112565654319,-163.11125656543186
2025,5,2,Mbale,Mbale Municipality,Mbale,1.07,34.18,pulses and nuts,Beans,KG,3500.0,3660.0,-160.0,-0.0437158469945355,3570.0,3535.0,3129.0,3452.1122429072198,-323.11224290721975
2025,5,2,Arua,Terego,Imvepi (refugee settlement),3.23,31.28,cereals and tubers,Maize (white),KG,2227.0,1858.0,369.0,0.1986006458557588,2016.0,1702.6666666666667,2592.0,2306.9650201666645,285.03497983333546
2025,5,2,Isingiro,Bukanga,Nakivale (refugee settlement),-0.78,30.96,pulses and nuts,Beans,KG,3156.0,2983.0,173.0,0.057995306738183,2963.6666666666665,2756.5,2964.0,3146.3317775347864,-182.3317775347864
2025,5,2,Hoima,Buhaguzi,Kyangwali (refugee settlement),1.16,30.75,cereals and tubers,Maize (white),KG,1614.0,1100.0,514.0,0.4672727272727273,1284.3333333333333,1195.3333333333333,1778.0,1556.4065753363707,221.59342466362932
2025,5,2,Kiryandongo,Kibanda,Kiryandongo (refugee settlement),1.94,32.21,vegetables and fruits,Leafy vegetables,KG,2502.0,7421.0,-4919.0,-0.6628486726856219,4641.0,3374.833333333333,4111.0,2996.0269444444443,1114.9730555555557
2025,5,2,Busia,Samia-bugwe,Busia,0.47,34.09,oil and fats,Oil (vegetable),L,7750.0,7000.0,750.0,0.1071428571428571,7342.666666666667,7371.333333333333,7375.0,7614.845994821094,-239.84599482109388
2025,5,2,Kiryandongo,Kibanda,Kiryandongo (refugee settlement),1.94,32.21,miscellaneous food,Salt,KG,1467.0,1480.0,-13.0,-0.0087837837837837,1499.0,1519.1666666666667,1467.0,1497.7256822015054,-30.72568220150538
2025,5,2,Kaabong,Dodoth,Karenga,3.57,33.7,pulses and nuts,Beans,KG,4000.0,4000.0,0.0,0.0,3848.3333333333335,3475.778333333333,4071.0,3954.773589170395,116.2264108296049
2025,5,2,Hoima,Bugahya,Hoima,1.43,31.35,cereals and tubers,Millet,KG,4600.0,3500.0,1100.0,0.3142857142857143,3714.3333333333335,3357.1666666666665,4500.0,4307.811503115903,192.18849688409682
2025,5,2,Isingiro,Bukanga,Nakivale (refugee settlement),-0.78,30.96,"meat, fish and eggs",Fish (dry),KG,23054.0,17262.0,5792.0,0.3355347004982041,19757.0,19173.83333333333,19757.0,23978.8,-4221.799999999999
2025,5,2,Lamwo,Lamwo,Palabek (refugee settlement),3.34,32.47,vegetables and fruits,Leafy vegetables,KG,2000.0,2005.0,-5.0,-0.0024937655860349,2668.333333333333,2657.5,2500.0,2037.415303424302,462.584696575698
2025,5,2,Kamwenge,Kibale,Rwamwanja (refugee settlement),0.31,30.68,cereals and tubers,Millet flour,KG,4167.0,4223.0,-56.0,-0.0132607151314231,4095.3333333333335,4207.833333333333,4105.0,4153.794645939332,-48.79464593933244
2025,5,2,Nakapiripirit,Kadani,Namalu,1.79,34.6,oil and fats,Oil (vegetable),L,7188.0,7417.0,-229.0,-0.0308750168531751,7368.333333333333,7234.166666666667,7000.0,7296.428765636531,-296.42876563653135
2025,5,2,Amudat,Upe,Karita,1.54,34.83,oil and fats,Oil (vegetable),L,7638.0,7500.0,138.0,0.0184,7546.0,7542.833333333333,7800.0,7580.480975250727,219.51902474927283
2025,5,2,Hoima,Buhaguzi,Kyangwali (refugee settlement),1.16,30.75,"meat, fish and eggs",Fish (dry),KG,26981.0,17857.0,9124.0,0.5109480875847007,21612.666666666668,19577.0,16304.0,23531.25,-7227.25
2025,5,2,Kiryandongo,Kibanda,Kiryandongo (refugee settlement),1.94,32.21,oil and fats,Oil (vegetable),L,7833.0,7867.0,-34.0,-0.0043218507690352,7824.333333333333,7431.666666666667,7542.0,7334.71844656975,207.28155343024991
2025,5,2,Arua,Arua Municipality,Arua,3.02,30.91,cereals and tubers,Millet,KG,4250.0,2388.0,1862.0,0.7797319932998324,2984.6666666666665,2431.1666666666665,4750.0,2738.6517,2011.3483
2025,5,2,Kabarole,Fort Portal Municipality,Fort Portal,0.66,30.28,cereals and tubers,Maize (white),KG,2000.0,2000.0,0.0,0.0,1756.3333333333333,1512.0,2000.0,1973.0483144464733,26.95168555352666
2025,5,2,Kabarole,Fort Portal Municipality,Fort Portal,0.66,30.28,cereals and tubers,Millet,KG,5000.0,4975.0,25.0,0.0050251256281407,4339.333333333333,3669.6666666666665,4750.0,4209.0554998001,540.9445001999002
2025,5,2,Napak,Bokora,Napak,2.22,34.26,pulses and nuts,Beans,KG,4542.0,4125.0,417.0,0.101090909090909,4222.333333333333,4111.166666666667,4571.0,4481.84185799071,89.1581420092898
2025,5,2,Yumbe,Aringa,Bidibidi (refugee settlement),3.36,31.35,cereals and tubers,Sorghum,KG,1515.0,1251.0,264.0,0.211031175059952,1284.6666666666667,1302.0,1285.0,1468.7194255118118,-183.71942551181178
2025,5,2,Kotido,Jie,Kotido,3.0,34.11,pulses and nuts,Beans,KG,4000.0,3500.0,500.0,0.1428571428571428,3666.6666666666665,3541.6666666666665,4188.0,3982.9795342118805,205.0204657881195
2025,5,2,Iganga,Kigulu,Iganga,0.61,33.47,pulses and nuts,Beans,KG,4500.0,3500.0,1000.0,0.2857142857142857,4019.3333333333335,4051.3333333333335,4538.0,4500.612798952269,37.38720104773074
2025,5,2,Arua,Terego,Imvepi (refugee settlement),3.23,31.28,miscellaneous food,Salt,KG,1800.0,1675.0,125.0,0.0746268656716417,1758.3333333333333,1729.6666666666667,1708.0,1770.3105378085393,-62.310537808539266
2025,5,2,Nakapiripirit,Pian,Nabilatuk,2.05,34.57,pulses and nuts,Beans,KG,4511.0,3964.0,547.0,0.137991927346115,4025.0,3887.5,4476.0,4382.454892638143,93.54510736185694
2025,5,2,Arua,Arua Municipality,Arua,3.02,30.91,cereals and tubers,Sorghum,KG,2000.0,1812.0,188.0,0.1037527593818984,1856.6666666666667,1783.8333333333333,2250.0,1938.5602403689752,311.4397596310248
2025,5,2,Lamwo,Lamwo,Palabek (refugee settlement),3.34,32.47,oil and fats,Oil (vegetable),L,9778.0,8667.0,1111.0,0.1281873774085612,8836.0,8513.166666666666,8000.0,9450.479277510838,-1450.479277510838
2025,5,2,Gulu,Gulu Municipality,Gulu,2.77,32.31,oil and fats,Oil (vegetable),L,7000.0,7000.0,0.0,0.0,7252.333333333333,7390.666666666667,7000.0,7048.6940485472915,-48.69404854729146
2025,5,2,Isingiro,Bukanga,Oruchinga (refugee settlement),-0.94,30.76,miscellaneous food,Salt,KG,1400.0,1514.0,-114.0,-0.0752972258916776,1482.3333333333333,1525.5,1482.0,1437.3156973996986,44.68430260030141
2025,5,2,Kasese,Busongora,Kasese,0.17,30.07,cereals and tubers,Millet,KG,4750.0,4000.0,750.0,0.1875,3980.3333333333335,3587.0,4000.0,4234.631679314986,-234.6316793149863
2025,5,2,Kyegegwa,Kyaka,Kyaka II (refugee settlement),0.36,31.09,cereals and tubers,Maize flour,KG,3477.0,3109.0,368.0,0.1183660340945641,3188.333333333333,2790.1666666666665,3189.0,3594.0814611807687,-405.08146118076866
2025,5,2,Arua,Terego,Rhino Camp (refugee settlement),3.17,31.31,cereals and tubers,Maize (white),KG,2117.0,1930.0,187.0,0.0968911917098445,1919.0,1818.0,2288.0,2109.680909125193,178.319090874807
2025,5,2,Yumbe,Aringa,Bidibidi (refugee settlement),3.36,31.35,cereals and tubers,Maize (white),KG,2338.0,1495.0,843.0,0.5638795986622074,1688.6666666666667,1522.0,1689.0,2299.915076181508,-610.9150761815081
2025,5,2,Adjumani,Adjumani,Adjumani (refugee settlement),3.34,31.78,cereals and tubers,Maize (white),KG,1976.0,1845.0,131.0,0.0710027100271002,1816.6666666666667,1706.1666666666667,2171.0,1995.2614282320158,175.73857176798424
2025,5,2,Isingiro,Bukanga,Nakivale (refugee settlement),-0.78,30.96,cereals and tubers,Maize flour,KG,2256.0,2161.0,95.0,0.0439611291068949,2147.0,2217.5,2147.0,2251.194606458703,-104.19460645870322
2025,5,2,Moyo,Obongi,Palorinya (refugee settlement),3.47,31.63,cereals and tubers,Sorghum,KG,2383.0,1580.0,803.0,0.5082278481012659,1845.6666666666667,1649.1666666666667,2663.0,2336.8166797939393,326.18332020606067
2025,5,2,Isingiro,Bukanga,Oruchinga (refugee settlement),-0.94,30.76,pulses and nuts,Beans,KG,2533.0,2757.0,-224.0,-0.0812477330431628,2555.0,2430.6666666666665,2555.0,2556.171202248941,-1.171202248940972
2025,5,2,Kamwenge,Kibale,Rwamwanja (refugee settlement),0.31,30.68,miscellaneous food,Salt,KG,1587.0,1638.0,-51.0,-0.0311355311355311,1622.3333333333333,1685.1666666666667,1642.0,1672.1230145925902,-30.123014592590152
2025,6,2,Iganga,Kigulu,Iganga,0.61,33.47,cereals and tubers,Maize (white),KG,1913.0,1817.0,96.0,0.0528343423225096,1910.0,1435.1666666666667,1930.0,1852.8556521414985,77.14434785850153
2025,6,2,Kyegegwa,Kyaka,Kyaka II (refugee settlement),0.36,31.09,milk and dairy,Milk (fresh),L,1760.0,2000.0,-240.0,-0.12,1840.0,1625.8333333333333,1886.0,1769.748146963312,116.25185303668809
2025,6,2,Kaabong,Dodoth,Kaabong,3.54,34.12,cereals and tubers,Maize (white),KG,1925.0,2031.0,-106.0,-0.052191038897095,1920.6666666666667,1657.9166666666667,1765.0,1980.4500183754703,-215.45001837547034
2025,6,2,Nakapiripirit,Kadani,Namalu,1.79,34.6,cereals and tubers,Maize flour,KG,2850.0,2550.0,300.0,0.1176470588235294,2614.0,2318.1666666666665,2933.0,2834.3572211104947,98.64277888950528
2025,6,2,Arua,Terego,Rhino Camp (refugee settlement),3.17,31.31,cereals and tubers,Maize (white),KG,2288.0,2117.0,171.0,0.0807746811525744,2111.6666666666665,1985.3333333333333,2864.0,2441.8470360778956,422.1529639221044
2025,6,2,Lamwo,Lamwo,Palabek (refugee settlement),3.34,32.47,miscellaneous food,Salt,KG,2000.0,2000.0,0.0,0.0,2000.0,1925.0,2000.0,1964.343501047617,35.65649895238289
2025,6,2,Isingiro,Bukanga,Nakivale (refugee settlement),-0.78,30.96,cereals and tubers,Maize flour,KG,2147.0,2256.0,-109.0,-0.0483156028368794,2188.0,2251.833333333333,2188.0,2095.6471295353963,92.35287046460371
2025,6,2,Lamwo,Lamwo,Palabek (refugee settlement),3.34,32.47,cereals and tubers,Sorghum,KG,1750.0,1478.0,272.0,0.1840324763193504,1459.3333333333333,1176.6666666666667,1567.0,1730.7703760073105,-163.77037600731046
2025,6,2,Iganga,Kigulu,Iganga,0.61,33.47,cereals and tubers,Maize flour,KG,2588.0,2383.0,205.0,0.0860260176248426,2390.333333333333,2267.1666666666665,2225.0,2569.701330461884,-344.701330461884
2025,6,2,Adjumani,Adjumani,Adjumani (refugee settlement),3.34,31.78,pulses and nuts,Beans,KG,3932.0,3967.0,-35.0,-0.0088227880010083,3966.3333333333335,3795.0,3083.0,4016.5599203769707,-933.5599203769707
2025,6,2,Lamwo,Lamwo,Palabek (refugee settlement),3.34,32.47,milk and dairy,Milk (fresh),L,2000.0,2000.0,0.0,0.0,2000.0,1836.8333333333333,2000.0,1953.3463188319156,46.653681168084404
2025,6,2,Kaabong,Dodoth,Karenga,3.57,33.7,cereals and tubers,Maize (white),KG,1804.0,1309.0,495.0,0.3781512605042016,1471.0,1331.0,2100.0,1738.8038156571188,361.1961843428812
2025,6,2,Arua,Terego,Imvepi (refugee settlement),3.23,31.28,oil and fats,Oil (vegetable),L,7708.0,8133.0,-425.0,-0.0522562400098364,7934.666666666667,7626.166666666667,7763.0,7711.404597338935,51.595402661065236
2025,6,2,Kaabong,Dodoth,Karenga,3.57,33.7,oil and fats,Oil (vegetable),L,8000.0,8000.0,0.0,0.0,8000.0,7613.666666666667,8000.0,7944.917810300476,55.08218969952395
2025,6,2,Napak,Bokora,Napak,2.22,34.26,pulses and nuts,Beans,KG,4571.0,4542.0,29.0,0.0063848524878907,4412.666666666667,4206.333333333333,4413.0,4364.164917105324,48.83508289467591
2025,6,2,Iganga,Kigulu,Iganga,0.61,33.47,cereals and tubers,Sorghum,KG,2463.0,2133.0,330.0,0.1547116736990154,2065.333333333333,2004.1666666666667,2060.0,2419.3725400745698,-359.37254007456977
2025,6,2,Kween,Kween,Kapchorwa,1.38,34.52,cereals and tubers,Maize flour,KG,2800.0,2800.0,0.0,0.0,2633.333333333333,2475.0,2800.0,2818.78945085607,-18.789450856069834
2025,6,2,Kiryandongo,Kibanda,Kiryandongo (refugee settlement),1.94,32.21,vegetables and fruits,Leafy vegetables,KG,4111.0,2502.0,1609.0,0.6430855315747402,4678.0,3797.0,3700.0,4236.098175557644,-536.098175557644
2025,6,2,Moroto,Moroto Municipality,Moroto,2.53,34.65,pulses and nuts,Beans,KG,4875.0,4773.0,102.0,0.021370207416719,4563.333333333333,4281.666666666667,4358.0,4448.6086042367215,-90.60860423672148
2025,6,2,Kotido,Jie,Kotido,3.0,34.11,pulses and nuts,Beans,KG,4188.0,4000.0,188.0,0.047,3896.0,3656.3333333333335,3525.0,4097.938751411432,-572.9387514114323
2025,6,2,Amudat,Upe,Karita,1.54,34.83,oil and fats,Oil (vegetable),L,7800.0,7638.0,162.0,0.021209740769835,7646.0,7628.5,7875.0,7773.205896036708,101.7941039632924
2025,6,2,Jinja,Jinja Municipality,Jinja,0.42,33.2,cereals and tubers,Sorghum,KG,2350.0,2000.0,350.0,0.175,2147.333333333333,2040.3333333333333,2000.0,2329.8351901589144,-329.83519015891443
2025,6,2,Yumbe,Aringa,Bidibidi (refugee settlement),3.36,31.35,vegetables and fruits,Leafy vegetables,KG,1704.0,1595.0,109.0,0.0683385579937304,1496.0,1844.3333333333333,1496.0,1743.6884597239955,-247.6884597239955
2025,6,2,Arua,Terego,Rhino Camp (refugee settlement),3.17,31.31,cereals and tubers,Sorghum,KG,1765.0,1500.0,265.0,0.1766666666666666,1644.3333333333333,1640.8333333333333,2618.0,1744.3744389550009,873.6255610449991
2025,6,2,Hoima,Buhaguzi,Kyangwali (refugee settlement),1.16,30.75,cereals and tubers,Maize flour,KG,3444.0,3057.0,387.0,0.1265947006869479,2867.0,2606.1666666666665,4000.0,3516.705551921198,483.2944480788019
2025,6,2,Kabarole,Fort Portal Municipality,Fort Portal,0.66,30.28,cereals and tubers,Cassava flour,KG,1875.0,2000.0,-125.0,-0.0625,1876.6666666666667,1708.6666666666667,1500.0,1842.0393931509388,-342.03939315093885
2025,6,2,Kasese,Busongora,Kasese,0.17,30.07,oil and fats,Oil (vegetable),L,7000.0,7000.0,0.0,0.0,7083.333333333333,7387.666666666667,7800.0,7016.065421595691,783.9345784043089
2025,6,2,Jinja,Jinja Municipality,Jinja,0.42,33.2,cereals and tubers,Millet,KG,4375.0,3900.0,475.0,0.1217948717948717,3804.0,3409.1666666666665,3900.0,4087.1747222160698,-187.17472221606977
2025,6,2,Koboko,Koboko,Lobule (refugee settlement),3.39,31.03,cereals and tubers,Cassava (fresh),KG,477.0,436.0,41.0,0.0940366972477064,453.0,529.1666666666666,453.0,602.9551497650358,-149.9551497650358
2025,6,2,Abim,Labwor,Makaratin,2.71,33.64,oil and fats,Oil (vegetable),L,7800.0,8000.0,-200.0,-0.025,7800.0,7756.333333333333,7563.0,7513.368792147923,49.63120785207684
2025,6,2,Kamwenge,Kibale,Rwamwanja (refugee settlement),0.31,30.68,miscellaneous food,Salt,KG,1642.0,1587.0,55.0,0.0346565847511027,1622.3333333333333,1665.5,1662.0,1730.6286713885354,-68.6286713885354
2025,6,2,Hoima,Bugahya,Hoima,1.43,31.35,cereals and tubers,Cassava flour,KG,2000.0,2000.0,0.0,0.0,1666.6666666666667,1838.1666666666667,2000.0,2148.4425300531807,-148.4425300531807
2025,6,2,Kween,Kween,Kapchorwa,1.38,34.52,cereals and tubers,Maize (white),KG,1800.0,1700.0,100.0,0.0588235294117647,1603.3333333333333,1447.5,1680.0,1760.1786810294052,-80.1786810294052
2025,6,2,Isingiro,Bukanga,Nakivale (refugee settlement),-0.78,30.96,cereals and tubers,Sorghum,KG,1689.0,2000.0,-311.0,-0.1555,1763.0,1663.8333333333333,1763.0,1606.2039620543912,156.79603794560876
2025,6,2,Kyegegwa,Kyaka,Kyaka II (refugee settlement),0.36,31.09,oil and fats,Oil (vegetable),L,8000.0,8000.0,0.0,0.0,8000.0,7952.166666666667,8000.0,7933.381245672825,66.61875432717534
2025,6,2,Isingiro,Bukanga,Nakivale (refugee settlement),-0.78,30.96,oil and fats,Oil (vegetable),L,7656.0,7667.0,-11.0,-0.0014347202295552,7652.0,7801.166666666667,7652.0,7465.022789967509,186.9772100324908
2025,6,2,Masaka,Masaka Municipality,Masaka,-0.35,31.74,cereals and tubers,Cassava flour,KG,1400.0,1350.0,50.0,0.037037037037037,1482.0,1542.1666666666667,1400.0,1386.9782093848685,13.021790615131522
2025,6,2,Kaabong,Dodoth,Karenga,3.57,33.7,cereals and tubers,Cassava flour,KG,1536.0,1500.0,36.0,0.024,1406.0,1773.6666666666667,1600.0,1618.4966100364009,-18.496610036400853
2025,6,2,Kotido,Jie,Kotido,3.0,34.11,oil and fats,Oil (vegetable),L,7600.0,7600.0,0.0,0.0,7566.666666666667,7657.0,7563.0,7489.124937812537,73.8750621874633
2025,6,2,Kiryandongo,Kibanda,Kiryandongo (refugee settlement),1.94,32.21,cereals and tubers,Maize (white),KG,1367.0,1675.0,-308.0,-0.1838805970149253,1461.6666666666667,1423.8333333333333,1577.0,1560.0331724732525,16.966827526747466
2025,6,2,Kabarole,Fort Portal Municipality,Fort Portal,0.66,30.28,oil and fats,Oil (vegetable),L,8000.0,7375.0,625.0,0.0847457627118644,7666.666666666667,7774.0,8000.0,7886.995680719132,113.004319280868
2025,6,2,Kiryandongo,Kibanda,Kiryandongo (refugee settlement),1.94,32.21,cereals and tubers,Cassava (fresh),KG,1067.0,562.0,505.0,0.8985765124555161,756.6666666666666,825.0,661.0,859.9567376779195,-198.95673767791948
2025,6,2,Gulu,Gulu Municipality,Gulu,2.77,32.31,cereals and tubers,Maize (white),KG,2000.0,2000.0,0.0,0.0,1850.0,1548.0,1800.0,1874.4772979394113,-74.4772979394113
2025,6,2,Moyo,Obongi,Palorinya (refugee settlement),3.47,31.63,miscellaneous food,Salt,KG,1825.0,1920.0,-95.0,-0.0494791666666666,1891.0,1928.1666666666667,1969.0,1834.5091305019719,134.49086949802813
2025,6,2,Napak,Bokora,Napak,2.22,34.26,cereals and tubers,Cassava flour,KG,971.0,1342.0,-371.0,-0.2764530551415797,1562.6666666666667,1839.6666666666667,1563.0,1259.855265574762,303.1447344252381
2025,6,2,Arua,Terego,Imvepi (refugee settlement),3.23,31.28,cereals and tubers,Sorghum,KG,1521.0,1252.0,269.0,0.2148562300319488,1300.0,1191.3333333333333,1696.0,1363.4625193026106,332.53748069738936
2025,6,2,Moyo,Obongi,Palorinya (refugee settlement),3.47,31.63,pulses and nuts,Beans,KG,4725.0,4317.0,408.0,0.0945100764419736,4327.333333333333,4054.5,3962.0,4523.080944044838,-561.0809440448384
2025,6,2,Hoima,Buhaguzi,Kyangwali (refugee settlement),1.16,30.75,cereals and tubers,Maize (white),KG,1778.0,1614.0,164.0,0.1016109045848822,1497.3333333333333,1299.1666666666667,1800.0,1704.7644425124774,95.23555748752256
2025,6,2,Amudat,Upe,Karita,1.54,34.83,cereals and tubers,Maize (white),KG,1920.0,1769.0,151.0,0.0853589598643301,1732.3333333333333,1512.5,2000.0,1833.7022952023053,166.29770479769468
2025,6,2,Hoima,Bugahya,Hoima,1.43,31.35,cereals and tubers,Sorghum,KG,3500.0,3400.0,100.0,0.0294117647058823,3300.0,3157.1666666666665,3100.0,3894.565390539718,-794.565390539718
2025,6,2,Masindi,Buruli M,Masindi,1.69,31.71,pulses and nuts,Beans,KG,3775.0,3788.0,-13.0,-0.0034318901795142,3854.3333333333335,3809.6666666666665,3550.0,3840.921408559705,-290.921408559705
2025,6,2,Iganga,Kigulu,Iganga,0.61,33.47,cereals and tubers,Millet,KG,2875.0,3517.0,-642.0,-0.1825419391526869,3002.333333333333,2757.1666666666665,3530.0,2935.2625961341278,594.7374038658722
2025,6,2,Arua,Arua Municipality,Arua,3.02,30.91,cereals and tubers,Maize flour,KG,3100.0,3000.0,100.0,0.0333333333333333,2910.6666666666665,2967.0,3600.0,3062.136916374627,537.8630836253728
2025,6,2,Lamwo,Lamwo,Palabek (refugee settlement),3.34,32.47,oil and fats,Oil (vegetable),L,8000.0,9778.0,-1778.0,-0.1818367764368991,8815.0,8418.0,8000.0,7992.878827580759,7.121172419240793
2025,6,2,Kamwenge,Kibale,Rwamwanja (refugee settlement),0.31,30.68,vegetables and fruits,Leafy vegetables,KG,1570.0,640.0,930.0,1.453125,1570.0,2011.1666666666667,1992.0,1659.2726199310493,332.72738006895065
2025,6,2,Lira,Lira Municipality,Lira,2.23,32.91,cereals and tubers,Maize (white),KG,1388.0,1475.0,-87.0,-0.0589830508474576,1387.6666666666667,1153.3333333333333,1280.0,1401.2285547908928,-121.22855479089276
2025,6,2,Nakapiripirit,Pian,Nabilatuk,2.05,34.57,pulses and nuts,Beans,KG,4476.0,4511.0,-35.0,-0.0077588117933939,4317.0,3975.1666666666665,3833.0,4237.880055589012,-404.88005558901204
2025,6,2,Isingiro,Bukanga,Oruchinga (refugee settlement),-0.94,30.76,cereals and tubers,Sorghum,KG,2526.0,4250.0,-1724.0,-0.4056470588235294,2901.6666666666665,2143.5,2902.0,2630.7471529984264,271.2528470015736
2025,6,2,Arua,Arua Municipality,Arua,3.02,30.91,cereals and tubers,Sorghum,KG,2250.0,2000.0,250.0,0.125,2020.6666666666667,1842.1666666666667,2000.0,2291.7718179093213,-291.77181790932127
2025,6,2,Kaabong,Dodoth,Kaabong,3.54,34.12,pulses and nuts,Beans,KG,4875.0,4625.0,250.0,0.054054054054054,4687.666666666667,4564.666666666667,4400.0,4583.947137016197,-183.9471370161973
2025,6,2,Kamwenge,Kibale,Rwamwanja (refugee settlement),0.31,30.68,cereals and tubers,Cassava (fresh),KG,345.0,415.0,-70.0,-0.1686746987951807,455.3333333333333,550.6666666666666,800.0,417.14175000000023,382.85824999999977
2025,6,2,Hoima,Buhaguzi,Kyangwali (refugee settlement),1.16,30.75,oil and fats,Oil (vegetable),L,8000.0,8000.0,0.0,0.0,8000.0,7925.0,8000.0,8087.747683978873,-87.74768397887328
2025,6,2,Nakapiripirit,Kadani,Namalu,1.79,34.6,oil and fats,Oil (vegetable),L,7000.0,7188.0,-188.0,-0.0261547022815804,7201.666666666667,7234.166666666667,7000.0,7052.513234922035,-52.513234922034826
2025,6,2,Isingiro,Bukanga,Nakivale (refugee settlement),-0.78,30.96,cereals and tubers,Cassava (fresh),KG,572.0,506.0,66.0,0.1304347826086956,557.6666666666666,561.0,558.0,621.7955037487143,-63.79550374871428
2025,6,2,Koboko,Koboko,Lobule (refugee settlement),3.39,31.03,miscellaneous food,Salt,KG,1687.0,1700.0,-13.0,-0.0076470588235294,1709.0,1687.0,1709.0,1569.3307671116472,139.66923288835278
2025,6,2,Masaka,Masaka Municipality,Masaka,-0.35,31.74,oil and fats,Oil (vegetable),L,7500.0,7250.0,250.0,0.0344827586206896,7763.666666666667,7957.0,7375.0,7485.601633352618,-110.60163335261768
2025,6,2,Adjumani,Adjumani,Adjumani (refugee settlement),3.34,31.78,oil and fats,Oil (vegetable),L,7932.0,7881.0,51.0,0.0064712599923867,7937.666666666667,7873.666666666667,7944.0,7809.741311702262,134.25868829773844
2025,6,2,Kaabong,Dodoth,Karenga,3.57,33.7,pulses and nuts,Beans,KG,4071.0,4000.0,71.0,0.01775,4023.6666666666665,3630.445,4000.0,3935.7359110376724,64.2640889623276
2025,6,2,Masaka,Masaka Municipality,Masaka,-0.35,31.74,cereals and tubers,Maize (white),KG,1600.0,1600.0,0.0,0.0,1469.3333333333333,1295.8333333333333,1400.0,1705.4301474230897,-305.4301474230897
2025,6,2,Isingiro,Bukanga,Oruchinga (refugee settlement),-0.94,30.76,cereals and tubers,Maize (white),KG,1436.0,1433.0,3.0,0.0020935101186322,1470.6666666666667,1339.3333333333333,1471.0,1408.59114614386,62.40885385614001
2025,6,2,Adjumani,Adjumani,Adjumani (refugee settlement),3.34,31.78,cereals and tubers,Millet flour,KG,4000.0,4000.0,0.0,0.0,4091.0,3977.3333333333335,4625.0,3965.450127627736,659.549872372264
2025,6,2,Kabarole,Fort Portal Municipality,Fort Portal,0.66,30.28,pulses and nuts,Beans,KG,4875.0,6000.0,-1125.0,-0.1875,5500.0,4998.0,4000.0,4685.54561474359,-685.5456147435898
2025,6,2,Masaka,Masaka Municipality,Masaka,-0.35,31.74,cereals and tubers,Maize flour,KG,3000.0,2700.0,300.0,0.1111111111111111,2702.6666666666665,2484.5,2900.0,2997.152183472189,-97.15218347218888
2025,6,2,Isingiro,Bukanga,Oruchinga (refugee settlement),-0.94,30.76,miscellaneous food,Salt,KG,1482.0,1400.0,82.0,0.0585714285714285,1465.3333333333333,1521.3333333333333,1465.0,1486.8452181802174,-21.845218180217444
2025,6,2,Arua,Terego,Rhino Camp (refugee settlement),3.17,31.31,cereals and tubers,Millet flour,KG,4706.0,4083.0,623.0,0.1525838843987264,4152.0,4192.333333333333,4682.0,4406.848312382632,275.1516876173682
2025,6,2,Kotido,Jie,Kotido,3.0,34.11,cereals and tubers,Maize flour,KG,2600.0,2575.0,25.0,0.0097087378640776,2505.0,2387.5,2588.0,2655.2591403535794,-67.25914035357937
2025,6,2,Mbarara,Mbarara Municipality,Mbarara,-0.61,30.65,cereals and tubers,Maize (white),KG,2500.0,2625.0,-125.0,-0.0476190476190476,2231.333333333333,1869.3333333333333,2500.0,2420.186910186776,79.813089813224
2025,6,2,Kamwenge,Kibale,Rwamwanja (refugee settlement),0.31,30.68,milk and dairy,Milk (fresh),L,1450.0,2000.0,-550.0,-0.275,1705.6666666666667,1470.3333333333333,1500.0,1561.1018735709495,-61.101873570949465
2025,6,2,Busia,Samia-bugwe,Busia,0.47,34.09,cereals and tubers,Sorghum,KG,1500.0,1500.0,0.0,0.0,1500.0,1347.3333333333333,1260.0,1494.8292738631758,-234.82927386317579
2025,6,2,Koboko,Koboko,Lobule (refugee settlement),3.39,31.03,cereals and tubers,Millet flour,KG,4233.0,4500.0,-267.0,-0.0593333333333333,4338.666666666667,4268.5,4339.0,4435.95311181008,-96.95311181008037
2025,6,2,Abim,Labwor,Makaratin,2.71,33.64,cereals and tubers,Maize flour,KG,2730.0,2425.0,305.0,0.1257731958762886,2506.0,2324.333333333333,2750.0,2585.3836677756467,164.6163322243533
2025,6,2,Yumbe,Aringa,Bidibidi (refugee settlement),3.36,31.35,milk and dairy,Milk (fresh),L,1642.0,2000.0,-358.0,-0.179,1847.3333333333333,1764.0,1847.0,1762.0044377904214,84.99556220957857
2025,6,2,Adjumani,Adjumani,Adjumani (refugee settlement),3.34,31.78,cereals and tubers,Maize (white),KG,2171.0,1976.0,195.0,0.0986842105263157,1997.3333333333333,1818.0,2050.0,2020.794007885906,29.205992114093988
2025,6,2,Kyegegwa,Kyaka,Kyaka II (refugee settlement),0.36,31.09,cereals and tubers,Millet flour,KG,4068.0,4209.0,-141.0,-0.0334996436208125,4123.333333333333,4103.333333333333,4142.0,4044.6510413699098,97.34895863009024
2025,6,2,Adjumani,Adjumani,Adjumani (refugee settlement),3.34,31.78,cereals and tubers,Maize flour,KG,2745.0,2614.0,131.0,0.0501147666411629,2650.0,2573.5,2833.0,2364.987481062849,468.01251893715107
2025,6,2,Masaka,Masaka Municipality,Masaka,-0.35,31.74,pulses and nuts,Beans,KG,3100.0,3250.0,-150.0,-0.0461538461538461,3686.6666666666665,4085.5,2850.0,3217.5195335728417,-367.51953357284174
2025,6,2,Mbarara,Mbarara Municipality,Mbarara,-0.61,30.65,cereals and tubers,Maize flour,KG,3375.0,2875.0,500.0,0.1739130434782608,2955.0,2733.5,3260.0,3458.612881893701,-198.6128818937009
2025,6,2,Moyo,Obongi,Palorinya (refugee settlement),3.47,31.63,oil and fats,Oil (vegetable),L,7583.0,7800.0,-217.0,-0.0278205128205128,7870.0,7885.5,7462.0,7406.472540432879,55.527459567120786
2025,6,2,Lira,Lira Municipality,Lira,2.23,32.91,cereals and tubers,Maize flour,KG,2600.0,3000.0,-400.0,-0.1333333333333333,2677.6666666666665,2289.833333333333,2400.0,2633.2938955430077,-233.2938955430077
2025,6,2,Isingiro,Bukanga,Nakivale (refugee settlement),-0.78,30.96,miscellaneous food,Salt,KG,1600.0,1600.0,0.0,0.0,1607.3333333333333,1675.5,1607.0,1670.7149731542981,-63.71497315429815
2025,6,2,Koboko,Koboko,Lobule (refugee settlement),3.39,31.03,cereals and tubers,Maize (white),KG,1666.0,2000.0,-334.0,-0.167,1731.0,1518.8333333333333,1731.0,1553.1216905666495,177.87830943335052
2025,6,2,Kaabong,Dodoth,Kaabong,3.54,34.12,cereals and tubers,Maize flour,KG,2800.0,2725.0,75.0,0.0275229357798165,2675.0,2547.5,2900.0,2795.025858047048,104.97414195295187
2025,6,2,Nakapiripirit,Pian,Nabilatuk,2.05,34.57,cereals and tubers,Maize (white),KG,1655.0,1563.0,92.0,0.0588611644273832,1547.6666666666667,1357.6666666666667,1706.0,1672.2580972551552,33.741902744844765
2025,6,2,Lira,Lira Municipality,Lira,2.23,32.91,pulses and nuts,Beans,KG,4200.0,4825.0,-625.0,-0.1295336787564766,4341.666666666667,3753.0,3760.0,3981.7053109788662,-221.70531097886624
2025,6,2,Adjumani,Adjumani,Adjumani (refugee settlement),3.34,31.78,milk and dairy,Milk (fresh),L,2000.0,2000.0,0.0,0.0,2000.0,1873.0,2000.0,1953.0036703971768,46.99632960282315
2025,6,2,Isingiro,Bukanga,Nakivale (refugee settlement),-0.78,30.96,cereals and tubers,Maize (white),KG,1336.0,1522.0,-186.0,-0.1222076215505913,1399.0,1201.3333333333333,1399.0,1356.99182209533,42.00817790466999
2025,6,2,Hoima,Bugahya,Hoima,1.43,31.35,pulses and nuts,Beans,KG,5000.0,5000.0,0.0,0.0,5000.0,4258.333333333333,4000.0,4286.565263461689,-286.565263461689
2025,6,2,Napak,Bokora,Napak,2.22,34.26,oil and fats,Oil (vegetable),L,7000.0,7042.0,-42.0,-0.0059642147117296,7180.666666666667,7173.666666666667,7181.0,7058.653954456523,122.34604554347698
2025,6,2,Kiryandongo,Kibanda,Kiryandongo (refugee settlement),1.94,32.21,miscellaneous food,Salt,KG,1467.0,1467.0,0.0,0.0,1471.3333333333333,1530.3333333333333,1431.0,1469.8196745212983,-38.81967452129834
2025,6,2,Napak,Bokora,Napak,2.22,34.26,cereals and tubers,Maize (white),KG,2000.0,1971.0,29.0,0.0147133434804667,1809.6666666666667,1519.3333333333333,1810.0,1856.7723514326706,-46.772351432670575
2025,6,2,Amudat,Upe,Karita,1.54,34.83,cereals and tubers,Maize flour,KG,2540.0,2506.0,34.0,0.0135674381484437,2515.333333333333,2291.0,2625.0,2676.317883760618,-51.31788376061786
2025,6,2,Busia,Samia-bugwe,Busia,0.47,34.09,cereals and tubers,Maize flour,KG,2700.0,2550.0,150.0,0.0588235294117647,2683.333333333333,2561.5,2460.0,2607.9027074579863,-147.90270745798625
2025,6,2,Napak,Bokora,Napak,2.22,34.26,cereals and tubers,Maize flour,KG,2414.0,2467.0,-53.0,-0.0214835832995541,2377.0,2188.5,2377.0,2251.0596898470535,125.9403101529465
2025,6,2,Kamwenge,Kibale,Rwamwanja (refugee settlement),0.31,30.68,cereals and tubers,Maize flour,KG,2921.0,2900.0,21.0,0.0072413793103448,2932.6666666666665,2883.333333333333,3038.0,2866.766430412427,171.23356958757313
2025,6,2,Abim,Labwor,Makaratin,2.71,33.64,pulses and nuts,Beans,KG,4260.0,3400.0,860.0,0.2529411764705882,3636.6666666666665,3568.333333333333,3020.0,4156.785004267038,-1136.785004267038
2025,6,2,Nakapiripirit,Kadani,Namalu,1.79,34.6,cereals and tubers,Sorghum,KG,1525.0,1506.0,19.0,0.0126162018592297,1457.6666666666667,1292.6666666666667,1450.0,1482.014689372439,-32.01468937243908
2025,6,2,Moyo,Obongi,Palorinya (refugee settlement),3.47,31.63,cereals and tubers,Sorghum,KG,2663.0,2383.0,280.0,0.117498950902224,2208.6666666666665,1819.6666666666667,2692.0,2345.8115123423827,346.1884876576173
2025,6,2,Isingiro,Bukanga,Oruchinga (refugee settlement),-0.94,30.76,cereals and tubers,Cassava (fresh),KG,563.0,511.0,52.0,0.1017612524461839,560.0,591.8333333333334,560.0,831.9839608765654,-271.98396087656545
2025,6,2,Kyegegwa,Kyaka,Kyaka II (refugee settlement),0.36,31.09,miscellaneous food,Salt,KG,1557.0,1540.0,17.0,0.011038961038961,1529.3333333333333,1514.6666666666667,1566.0,1549.0963427604675,16.90365723953255
2025,6,2,Kotido,Jie,Kotido,3.0,34.11,cereals and tubers,Maize (white),KG,1663.0,1513.0,150.0,0.0991407799074686,1425.3333333333333,1223.8333333333333,1713.0,1805.0521442937086,-92.05214429370858
2025,6,2,Arua,Terego,Imvepi (refugee settlement),3.23,31.28,cereals and tubers,Maize (white),KG,2592.0,2227.0,365.0,0.163897620116749,2225.6666666666665,1943.0,2446.0,2347.282350530369,98.71764946963094
2025,6,2,Abim,Labwor,Makaratin,2.71,33.64,cereals and tubers,Maize (white),KG,1620.0,1275.0,345.0,0.2705882352941176,1431.6666666666667,1224.1666666666667,2338.0,1692.8953165197977,645.1046834802023
2025,6,2,Isingiro,Bukanga,Oruchinga (refugee settlement),-0.94,30.76,vegetables and fruits,Leafy vegetables,KG,1803.0,1743.0,60.0,0.0344234079173838,1737.6666666666667,1832.5,1738.0,1988.006852713207,-250.00685271320708
2025,6,2,Kamwenge,Kibale,Rwamwanja (refugee settlement),0.31,30.68,cereals and tubers,Maize (white),KG,1505.0,1507.0,-2.0,-0.0013271400132714,1437.3333333333333,1188.8333333333333,1231.0,1333.7635899661038,-102.76358996610384
2025,6,2,Nakapiripirit,Pian,Nabilatuk,2.05,34.57,oil and fats,Oil (vegetable),L,8333.0,7722.0,611.0,0.0791245791245791,7851.666666666667,7592.5,8500.0,7783.628404239766,716.3715957602344
2025,6,2,Nakapiripirit,Pian,Nabilatuk,2.05,34.57,cereals and tubers,Maize flour,KG,3029.0,2867.0,162.0,0.0565050575514475,2782.0,2474.333333333333,2950.0,3054.215350300913,-104.21535030091309
2025,6,2,Yumbe,Aringa,Bidibidi (refugee settlement),3.36,31.35,pulses and nuts,Beans,KG,4434.0,4654.0,-220.0,-0.0472711645896003,4450.666666666667,4578.333333333333,4451.0,4410.433041059341,40.56695894065888
2025,6,2,Jinja,Jinja Municipality,Jinja,0.42,33.2,cereals and tubers,Maize (white),KG,2000.0,2000.0,0.0,0.0,2030.6666666666667,2020.1666666666667,2000.0,1883.1188201607583,116.88117983924167
2025,6,2,Isingiro,Bukanga,Oruchinga (refugee settlement),-0.94,30.76,cereals and tubers,Maize flour,KG,2058.0,2000.0,58.0,0.029,2038.3333333333333,2032.3333333333333,2038.0,2045.2877563702473,-7.28775637024728
2025,6,2,Moroto,Moroto Municipality,Moroto,2.53,34.65,cereals and tubers,Maize flour,KG,2458.0,2245.0,213.0,0.0948775055679287,2256.6666666666665,2128.333333333333,2625.0,2340.455485756693,284.5445142433068
2025,6,2,Gulu,Gulu Municipality,Gulu,2.77,32.31,pulses and nuts,Beans,KG,4860.0,5667.0,-807.0,-0.1424033880359979,5384.0,4525.833333333333,4325.0,4441.9784500000005,-116.97845000000052
2025,6,2,Gulu,Gulu Municipality,Gulu,2.77,32.31,cereals and tubers,Maize flour,KG,3200.0,3000.0,200.0,0.0666666666666666,2816.6666666666665,2640.833333333333,3000.0,3106.419028578471,-106.41902857847117
2025,6,2,Kaabong,Dodoth,Kaabong,3.54,34.12,oil and fats,Oil (vegetable),L,8000.0,8000.0,0.0,0.0,8000.0,7983.333333333333,8000.0,8084.526134917751,-84.52613491775082
2025,6,2,Hoima,Bugahya,Hoima,1.43,31.35,oil and fats,Oil (vegetable),L,10000.0,9600.0,400.0,0.0416666666666666,9866.666666666666,8450.166666666666,10000.0,9306.208377880093,693.7916221199066
2025,6,2,Masindi,Buruli M,Masindi,1.69,31.71,cereals and tubers,Maize flour,KG,2500.0,2500.0,0.0,0.0,2500.0,2516.833333333333,2580.0,2591.266614944346,-11.266614944346202
2025,6,2,Koboko,Koboko,Lobule (refugee settlement),3.39,31.03,vegetables and fruits,Leafy vegetables,KG,1715.0,1715.0,0.0,0.0,1619.6666666666667,1864.3333333333333,1620.0,1742.506365143212,-122.50636514321195
2025,6,2,Lamwo,Lamwo,Palabek (refugee settlement),3.34,32.47,cereals and tubers,Millet flour,KG,3929.0,5056.0,-1127.0,-0.2229034810126582,4606.0,4236.0,4500.0,4026.487348308392,473.51265169160797
2025,6,2,Isingiro,Bukanga,Oruchinga (refugee settlement),-0.94,30.76,"meat, fish and eggs",Fish (dry),KG,10760.0,18709.0,-7949.0,-0.4248757282591266,12680.0,15282.833333333334,12680.0,14632.67,-1952.67
2025,6,2,Kasese,Busongora,Kasese,0.17,30.07,cereals and tubers,Maize flour,KG,2400.0,2450.0,-50.0,-0.0204081632653061,2329.333333333333,2169.5,2600.0,2393.842219168927,206.15778083107307
2025,6,2,Moroto,Moroto Municipality,Moroto,2.53,34.65,cereals and tubers,Maize (white),KG,1758.0,1673.0,85.0,0.0508069336521219,1634.0,1447.5,1792.0,1668.9696270788406,123.03037292115937
2025,6,2,Nakapiripirit,Kadani,Namalu,1.79,34.6,pulses and nuts,Beans,KG,3875.0,4550.0,-675.0,-0.1483516483516483,4183.333333333333,4033.3333333333335,2067.0,3658.0832257779107,-1591.0832257779107
2025,6,2,Koboko,Koboko,Lobule (refugee settlement),3.39,31.03,milk and dairy,Milk (fresh),L,1667.0,2000.0,-333.0,-0.1665,1889.0,1576.1666666666667,1889.0,1620.052447694957,268.947552305043
2025,6,2,Arua,Terego,Rhino Camp (refugee settlement),3.17,31.31,"meat, fish and eggs",Fish (dry),KG,28000.0,23278.0,4722.0,0.2028524787352865,30426.0,27284.0,16000.0,27593.21,-11593.21
2025,6,2,Kween,Kween,Kapchorwa,1.38,34.52,cereals and tubers,Cassava flour,KG,1500.0,1500.0,0.0,0.0,1666.6666666666667,1436.1666666666667,1500.0,1555.9699292335126,-55.96992923351263
2025,6,2,Busia,Samia-bugwe,Busia,0.47,34.09,cereals and tubers,Millet,KG,4688.0,4325.0,363.0,0.0839306358381502,3943.6666666666665,3346.333333333333,2738.0,4011.2120702611073,-1273.2120702611073
2025,6,2,Kiryandongo,Kibanda,Kiryandongo (refugee settlement),1.94,32.21,milk and dairy,Milk (fresh),L,1867.0,2458.0,-591.0,-0.2404393816110659,2041.6666666666667,1862.5,1800.0,1949.065232153694,-149.06523215369407
2025,6,2,Koboko,Koboko,Lobule (refugee settlement),3.39,31.03,"meat, fish and eggs",Fish (dry),KG,17327.0,20870.0,-3543.0,-0.1697652132247245,19399.0,21831.166666666668,19399.0,19971.4,-572.4000000000015
2025,6,2,Masindi,Buruli M,Masindi,1.69,31.71,cereals and tubers,Millet,KG,4250.0,4688.0,-438.0,-0.0934300341296928,4396.0,3829.5,3800.0,4323.026516834161,-523.0265168341612
2025,6,2,Arua,Arua Municipality,Arua,3.02,30.91,cereals and tubers,Maize (white),KG,1100.0,1600.0,-500.0,-0.3125,1423.0,1381.8333333333333,1200.0,1129.1155151222247,70.88448487777532
2025,6,2,Kiryandongo,Kibanda,Kiryandongo (refugee settlement),1.94,32.21,cereals and tubers,Millet flour,KG,4983.0,4900.0,83.0,0.016938775510204,4727.666666666667,4471.5,5231.0,4756.0279242744655,474.9720757255345
2025,6,2,Moyo,Obongi,Palorinya (refugee settlement),3.47,31.63,vegetables and fruits,Leafy vegetables,KG,1917.0,1731.0,186.0,0.1074523396880415,1692.3333333333333,1673.1666666666667,1222.0,1936.9963738452434,-714.9963738452434
2025,6,2,Arua,Terego,Rhino Camp (refugee settlement),3.17,31.31,vegetables and fruits,Leafy vegetables,KG,1707.0,1736.0,-29.0,-0.0167050691244239,1642.3333333333333,2237.6666666666665,2188.0,1911.450206436253,276.549793563747
2025,6,2,Jinja,Jinja Municipality,Jinja,0.42,33.2,oil and fats,Oil (vegetable),L,7500.0,7600.0,-100.0,-0.0131578947368421,7648.0,7592.0,7200.0,7570.066246983069,-370.0662469830686
2025,6,2,Mbarara,Mbarara Municipality,Mbarara,-0.61,30.65,pulses and nuts,Beans,KG,4000.0,5125.0,-1125.0,-0.2195121951219512,4784.666666666667,4904.333333333333,3500.0,4092.5316802732636,-592.5316802732636
2025,6,2,Busia,Samia-bugwe,Busia,0.47,34.09,pulses and nuts,Beans,KG,3050.0,3800.0,-750.0,-0.1973684210526315,3372.333333333333,3363.333333333333,2615.0,3002.066562843933,-387.06656284393284
2025,6,2,Adjumani,Adjumani,Adjumani (refugee settlement),3.34,31.78,vegetables and fruits,Leafy vegetables,KG,1840.0,1901.0,-61.0,-0.0320883745397159,1723.3333333333333,1737.1666666666667,1563.0,1683.2498770976072,-120.24987709760717
2025,6,2,Moyo,Obongi,Palorinya (refugee settlement),3.47,31.63,cereals and tubers,Maize (white),KG,2825.0,2633.0,192.0,0.0729206228636536,2426.0,1958.0,2062.0,2799.360647826506,-737.360647826506
2025,6,2,Kiryandongo,Kibanda,Kiryandongo (refugee settlement),1.94,32.21,pulses and nuts,Beans,KG,3800.0,3950.0,-150.0,-0.0379746835443038,3896.6666666666665,3765.8333333333335,3777.0,4254.89726383046,-477.89726383046036
2025,6,2,Yumbe,Aringa,Bidibidi (refugee settlement),3.36,31.35,cereals and tubers,Maize flour,KG,2770.0,3023.0,-253.0,-0.0836916969897452,2772.0,2732.333333333333,2772.0,2758.5660155777523,13.433984422247704
2025,6,2,Kyegegwa,Kyaka,Kyaka II (refugee settlement),0.36,31.09,"meat, fish and eggs",Fish (dry),KG,35398.0,28980.0,6418.0,0.2214630779848171,33311.333333333336,31791.166666666668,33333.0,29838.25,3494.75
2025,6,2,Kaabong,Dodoth,Karenga,3.57,33.7,cereals and tubers,Sorghum,KG,1525.0,1250.0,275.0,0.22,1291.6666666666667,1145.8333333333333,1690.0,1362.0404510123753,327.95954898762466
2025,6,2,Moroto,Moroto Municipality,Moroto,2.53,34.65,oil and fats,Oil (vegetable),L,7292.0,7364.0,-72.0,-0.0097772949483976,7385.333333333333,7302.666666666667,7250.0,7251.78612227363,-1.7861222736300988
2025,6,2,Hoima,Buhaguzi,Kyangwali (refugee settlement),1.16,30.75,milk and dairy,Milk (fresh),L,2000.0,2000.0,0.0,0.0,2000.0,1840.5,3200.0,1941.795910153145,1258.204089846855
2025,6,2,Isingiro,Bukanga,Oruchinga (refugee settlement),-0.94,30.76,milk and dairy,Milk (fresh),L,1694.0,2000.0,-306.0,-0.153,1898.0,1722.3333333333333,1898.0,1641.7131668403986,256.28683315960143
2025,6,2,Koboko,Koboko,Lobule (refugee settlement),3.39,31.03,oil and fats,Oil (vegetable),L,7700.0,8000.0,-300.0,-0.0375,7750.0,8097.666666666667,7750.0,7802.5471153846165,-52.54711538461652
2025,6,2,Lamwo,Lamwo,Palabek (refugee settlement),3.34,32.47,cereals and tubers,Maize (white),KG,2030.0,1978.0,52.0,0.0262891809908999,1897.0,1667.0,2000.0,1996.9512481722018,3.0487518277982417
2025,6,2,Koboko,Koboko,Lobule (refugee settlement),3.39,31.03,pulses and nuts,Beans,KG,4273.0,4250.0,23.0,0.0054117647058823,4330.0,3922.0,4330.0,4161.960717134987,168.03928286501286
2025,6,2,Kabarole,Fort Portal Municipality,Fort Portal,0.66,30.28,cereals and tubers,Maize flour,KG,3000.0,3000.0,0.0,0.0,2896.0,2958.6666666666665,3000.0,2924.414893038735,75.58510696126496
2025,6,2,Arua,Terego,Imvepi (refugee settlement),3.23,31.28,miscellaneous food,Salt,KG,1708.0,1800.0,-92.0,-0.0511111111111111,1727.6666666666667,1781.0,1733.0,1664.7305556409,68.26944435909991
2025,6,2,Kotido,Jie,Kotido,3.0,34.11,cereals and tubers,Sorghum,KG,1725.0,1120.0,605.0,0.5401785714285714,1281.6666666666667,1115.8333333333333,1738.0,1708.0429525192264,29.957047480773554
2025,6,2,Arua,Terego,Imvepi (refugee settlement),3.23,31.28,"meat, fish and eggs",Fish (dry),KG,27444.0,22128.0,5316.0,0.2402386117136659,25899.0,26735.5,26152.0,25277.2,874.7999999999993
2025,6,2,Kaabong,Dodoth,Kaabong,3.54,34.12,cereals and tubers,Millet,KG,4775.0,5000.0,-225.0,-0.045,4258.333333333333,3351.333333333333,3990.0,4098.398893837535,-108.39889383753507
2025,6,2,Isingiro,Bukanga,Nakivale (refugee settlement),-0.78,30.96,vegetables and fruits,Leafy vegetables,KG,1656.0,1635.0,21.0,0.0128440366972477,1581.0,1673.3333333333333,1581.0,1782.0235823831752,-201.02358238317515
2025,6,2,Moyo,Obongi,Palorinya (refugee settlement),3.47,31.63,cereals and tubers,Cassava (fresh),KG,683.0,523.0,160.0,0.3059273422562141,550.6666666666666,516.3333333333334,631.0,594.4130660966243,36.586933903375666
2025,6,2,Lira,Lira Municipality,Lira,2.23,32.91,cereals and tubers,Cassava flour,KG,2875.0,2750.0,125.0,0.0454545454545454,2175.0,2262.1666666666665,3100.0,2742.320914033167,357.6790859668331
2025,6,2,Moroto,Moroto Municipality,Moroto,2.53,34.65,cereals and tubers,Sorghum,KG,1700.0,1614.0,86.0,0.0532837670384138,1584.0,1406.5,1742.0,1655.1448801552144,86.85511984478558
2025,6,2,Yumbe,Aringa,Bidibidi (refugee settlement),3.36,31.35,cereals and tubers,Sorghum,KG,1285.0,1515.0,-230.0,-0.1518151815181518,1350.3333333333333,1287.5,1350.0,1432.286119320513,-82.28611932051308
2025,6,2,Hoima,Buhaguzi,Kyangwali (refugee settlement),1.16,30.75,pulses and nuts,Beans,KG,3278.0,4000.0,-722.0,-0.1805,3272.6666666666665,3292.6666666666665,4000.0,3457.0705248419995,542.9294751580005
2025,6,2,Mbarara,Mbarara Municipality,Mbarara,-0.61,30.65,cereals and tubers,Cassava flour,KG,2000.0,2000.0,0.0,0.0,2103.0,2209.5,2000.0,1985.4995354751636,14.500464524836389
2025,6,2,Masindi,Buruli M,Masindi,1.69,31.71,oil and fats,Oil (vegetable),L,8000.0,7625.0,375.0,0.0491803278688524,7791.666666666667,7693.333333333333,8000.0,7704.262304759116,295.737695240884
2025,6,2,Arua,Terego,Rhino Camp (refugee settlement),3.17,31.31,cereals and tubers,Maize flour,KG,2929.0,3350.0,-421.0,-0.1256716417910447,3046.333333333333,2837.5,3000.0,2942.4077464165402,57.59225358345975
2025,6,2,Kabarole,Fort Portal Municipality,Fort Portal,0.66,30.28,cereals and tubers,Sorghum,KG,4000.0,4000.0,0.0,0.0,4000.0,3507.1666666666665,4000.0,3954.4299948823364,45.57000511766364
2025,6,2,Moyo,Obongi,Palorinya (refugee settlement),3.47,31.63,cereals and tubers,Maize flour,KG,4000.0,3083.0,917.0,0.2974375608173856,3010.0,2548.833333333333,3143.0,3650.923648912199,-507.92364891219904
2025,6,2,Arua,Terego,Imvepi (refugee settlement),3.23,31.28,vegetables and fruits,Leafy vegetables,KG,1372.0,1943.0,-571.0,-0.2938754503345342,1382.3333333333333,1963.5,2085.0,1490.270885619066,594.7291143809341
2025,6,2,Isingiro,Bukanga,Nakivale (refugee settlement),-0.78,30.96,pulses and nuts,Beans,KG,2964.0,3156.0,-192.0,-0.0608365019011406,3034.333333333333,2815.5,3034.0,3033.672064289261,0.3279357107389842
2025,6,2,Masaka,Masaka Municipality,Masaka,-0.35,31.74,cereals and tubers,Millet,KG,4500.0,4500.0,0.0,0.0,4459.0,4314.5,4875.0,4238.038780130222,636.9612198697778
2025,6,2,Kamwenge,Kibale,Rwamwanja (refugee settlement),0.31,30.68,"meat, fish and eggs",Fish (dry),KG,24390.0,28318.0,-3928.0,-0.1387103609011936,24236.0,27435.5,10886.0,25985.98,-15099.98
2025,6,2,Kabarole,Fort Portal Municipality,Fort Portal,0.66,30.28,cereals and tubers,Maize (white),KG,2000.0,2000.0,0.0,0.0,2000.0,1662.0,2000.0,1855.1780762621056,144.8219237378944
2025,6,2,Koboko,Koboko,Lobule (refugee settlement),3.39,31.03,cereals and tubers,Sorghum,KG,1377.0,1750.0,-373.0,-0.2131428571428571,1436.6666666666667,1433.6666666666667,1437.0,1483.9409364775875,-46.94093647758746
2025,6,2,Busia,Samia-bugwe,Busia,0.47,34.09,oil and fats,Oil (vegetable),L,7375.0,7750.0,-375.0,-0.0483870967741935,7375.0,7413.0,7400.0,7301.8896959738395,98.11030402616052
2025,6,2,Kasese,Busongora,Kasese,0.17,30.07,cereals and tubers,Millet,KG,4000.0,4750.0,-750.0,-0.1578947368421052,4250.0,3700.3333333333335,3520.0,3879.6834204434404,-359.68342044344035
2025,6,2,Hoima,Bugahya,Hoima,1.43,31.35,cereals and tubers,Maize (white),KG,2500.0,2100.0,400.0,0.1904761904761904,1966.6666666666667,1485.6666666666667,2300.0,2612.9549010594715,-312.95490105947147
2025,6,2,Hoima,Bugahya,Hoima,1.43,31.35,cereals and tubers,Millet,KG,4500.0,4600.0,-100.0,-0.0217391304347826,4200.0,3607.1666666666665,4000.0,4112.238567741126,-112.23856774112573
2025,6,2,Mbarara,Mbarara Municipality,Mbarara,-0.61,30.65,cereals and tubers,Sorghum,KG,3000.0,3050.0,-50.0,-0.0163934426229508,2888.333333333333,2700.1666666666665,3200.0,2984.3141304965047,215.68586950349527
2025,6,2,Kiryandongo,Kibanda,Kiryandongo (refugee settlement),1.94,32.21,oil and fats,Oil (vegetable),L,7542.0,7833.0,-291.0,-0.0371505170432784,7747.333333333333,7559.0,7500.0,7444.310526888268,55.689473111731786
2025,6,2,Hoima,Buhaguzi,Kyangwali (refugee settlement),1.16,30.75,cereals and tubers,Sorghum,KG,4111.0,4367.0,-256.0,-0.0586214792763911,3659.3333333333335,2947.333333333333,3000.0,3552.861568285763,-552.861568285763
2025,6,2,Kabarole,Fort Portal Municipality,Fort Portal,0.66,30.28,cereals and tubers,Millet,KG,4750.0,5000.0,-250.0,-0.05,4908.333333333333,3961.3333333333335,5000.0,4535.074227106227,464.9257728937728
2025,6,2,Kween,Kween,Kapchorwa,1.38,34.52,oil and fats,Oil (vegetable),L,7500.0,7500.0,0.0,0.0,7500.0,7280.833333333333,7500.0,7243.39753709616,256.6024629038402
2025,6,2,Isingiro,Bukanga,Oruchinga (refugee settlement),-0.94,30.76,pulses and nuts,Beans,KG,2555.0,2533.0,22.0,0.0086853533359652,2615.0,2480.333333333333,2615.0,2580.746700153382,34.25329984661812
2025,6,2,Adjumani,Adjumani,Adjumani (refugee settlement),3.34,31.78,miscellaneous food,Salt,KG,2000.0,1943.0,57.0,0.0293360782295419,1981.0,1983.8333333333333,2000.0,1961.5229209836857,38.47707901631429
2025,6,2,Isingiro,Bukanga,Nakivale (refugee settlement),-0.78,30.96,"meat, fish and eggs",Fish (dry),KG,19757.0,23054.0,-3297.0,-0.1430120586449206,20024.33333333333,18300.0,20024.0,24956.969375,-4932.969375000001
2025,6,2,Lamwo,Lamwo,Palabek (refugee settlement),3.34,32.47,"meat, fish and eggs",Fish (dry),KG,13889.0,21739.0,-7850.0,-0.3611021666129996,34078.666666666664,31941.5,17857.0,25844.86,-7987.860000000001
2025,6,2,Arua,Terego,Imvepi (refugee settlement),3.23,31.28,cereals and tubers,Millet flour,KG,4500.0,3700.0,800.0,0.2162162162162162,3921.0,3836.0,4646.0,4443.840907869444,202.15909213055602
2025,6,2,Kyegegwa,Kyaka,Kyaka II (refugee settlement),0.36,31.09,cereals and tubers,Maize flour,KG,3189.0,3477.0,-288.0,-0.082830025884383,3258.333333333333,2962.333333333333,3113.0,3060.7540614132968,52.24593858670323
2025,6,2,Iganga,Kigulu,Iganga,0.61,33.47,pulses and nuts,Beans,KG,4538.0,4500.0,38.0,0.0084444444444444,4179.333333333333,4099.333333333333,3970.0,4380.73375710929,-410.7337571092903
2025,6,2,Abim,Labwor,Makaratin,2.71,33.64,cereals and tubers,Sorghum,KG,1560.0,1600.0,-40.0,-0.025,1453.3333333333333,1186.1666666666667,2325.0,1608.702687223261,716.2973127767391
2025,6,2,Jinja,Jinja Municipality,Jinja,0.42,33.2,cereals and tubers,Cassava flour,KG,1500.0,1600.0,-100.0,-0.0625,1556.3333333333333,1520.6666666666667,1530.0,1538.5605297704064,-8.560529770406447
2025,6,2,Kamwenge,Kibale,Rwamwanja (refugee settlement),0.31,30.68,cereals and tubers,Millet flour,KG,4105.0,4167.0,-62.0,-0.0148788096952243,4165.0,4069.8333333333335,4385.0,3981.80532365685,403.19467634315015
2025,6,2,Lamwo,Lamwo,Palabek (refugee settlement),3.34,32.47,vegetables and fruits,Leafy vegetables,KG,2500.0,2000.0,500.0,0.25,2168.333333333333,2637.1666666666665,1563.0,2054.4266192841383,-491.42661928413827
2025,6,2,Arua,Terego,Rhino Camp (refugee settlement),3.17,31.31,cereals and tubers,Cassava (fresh),KG,502.0,451.0,51.0,0.1130820399113082,430.0,445.5,323.0,642.8969749254287,-319.8969749254287
2025,6,2,Yumbe,Aringa,Bidibidi (refugee settlement),3.36,31.35,cereals and tubers,Cassava (fresh),KG,730.0,686.0,44.0,0.0641399416909621,787.3333333333334,736.5,787.0,727.3120983837139,59.687901616286126
2025,6,2,Hoima,Buhaguzi,Kyangwali (refugee settlement),1.16,30.75,"meat, fish and eggs",Fish (dry),KG,16304.0,26981.0,-10677.0,-0.3957229161261628,20380.666666666668,19516.5,18750.0,19636.96,-886.9599999999991
2025,6,2,Gulu,Gulu Municipality,Gulu,2.77,32.31,oil and fats,Oil (vegetable),L,7000.0,7000.0,0.0,0.0,7000.0,7224.0,7125.0,7045.60910268157,79.39089731842978
2025,6,2,Iganga,Kigulu,Iganga,0.61,33.47,cereals and tubers,Cassava flour,KG,1213.0,1260.0,-47.0,-0.0373015873015873,1157.6666666666667,1081.1666666666667,1200.0,1139.4464138166175,60.55358618338255
2025,6,2,Arua,Arua Municipality,Arua,3.02,30.91,cereals and tubers,Millet,KG,4750.0,4250.0,500.0,0.1176470588235294,3796.0,2797.833333333333,3800.0,3140.465965010147,659.5340349898529
2025,6,2,Kiryandongo,Kibanda,Kiryandongo (refugee settlement),1.94,32.21,"meat, fish and eggs",Fish (dry),KG,34444.0,21179.0,13265.0,0.6263279663817933,23503.0,27995.33333333333,26667.0,31177.39,-4510.389999999999
2025,6,2,Arua,Terego,Imvepi (refugee settlement),3.23,31.28,cereals and tubers,Cassava (fresh),KG,576.0,410.0,166.0,0.4048780487804878,519.0,764.5,681.0,527.6617088881595,153.33829111184048
2025,6,2,Hoima,Buhaguzi,Kyangwali (refugee settlement),1.16,30.75,cereals and tubers,Millet flour,KG,5111.0,4557.0,554.0,0.1215712091288128,4556.0,4290.833333333333,5500.0,4845.632961183977,654.3670388160226
2025,6,2,Kamwenge,Kibale,Rwamwanja (refugee settlement),0.31,30.68,pulses and nuts,Beans,KG,2868.0,3167.0,-299.0,-0.0944111146195137,3304.0,3045.333333333333,2615.0,2340.8527022254916,274.1472977745084
2025,6,2,Kasese,Busongora,Kasese,0.17,30.07,cereals and tubers,Maize (white),KG,1725.0,1900.0,-175.0,-0.0921052631578947,1721.0,1614.1666666666667,1560.0,1721.7057755630576,-161.7057755630576
2025,6,2,Kamwenge,Kibale,Rwamwanja (refugee settlement),0.31,30.68,oil and fats,Oil (vegetable),L,10789.0,11133.0,-344.0,-0.0308991287164286,10704.666666666666,9497.666666666666,11231.0,10397.998116666668,833.0018833333324
2025,6,2,Yumbe,Aringa,Bidibidi (refugee settlement),3.36,31.35,cereals and tubers,Maize (white),KG,1689.0,2338.0,-649.0,-0.2775876817792985,1840.6666666666667,1577.5,1841.0,1728.2149604350645,112.78503956493546
2025,6,2,Arua,Terego,Rhino Camp (refugee settlement),3.17,31.31,oil and fats,Oil (vegetable),L,7412.0,7917.0,-505.0,-0.0637867879247189,7556.333333333333,7454.5,8909.0,7305.504989945644,1603.4950100543556
2025,6,2,Yumbe,Aringa,Bidibidi (refugee settlement),3.36,31.35,oil and fats,Oil (vegetable),L,7331.0,7385.0,-54.0,-0.0073121191604603,7337.0,7563.833333333333,7337.0,7173.483721971317,163.5162780286828
2025,6,2,Iganga,Kigulu,Iganga,0.61,33.47,oil and fats,Oil (vegetable),L,7513.0,7517.0,-4.0,-0.0005321271783956,7510.0,8025.333333333333,7420.0,7542.85747854145,-122.85747854145029
2025,6,2,Arua,Terego,Rhino Camp (refugee settlement),3.17,31.31,pulses and nuts,Beans,KG,4224.0,5260.0,-1036.0,-0.1969581749049429,4668.0,4434.666666666667,3273.0,4200.027042751058,-927.0270427510577
2025,6,2,Hoima,Buhaguzi,Kyangwali (refugee settlement),1.16,30.75,miscellaneous food,Salt,KG,2000.0,1886.0,114.0,0.0604453870625662,1882.0,1829.3333333333333,2000.0,1897.4564845782495,102.5435154217505
2025,6,2,Kasese,Busongora,Kasese,0.17,30.07,cereals and tubers,Sorghum,KG,3725.0,4000.0,-275.0,-0.06875,3783.3333333333335,2996.833333333333,3820.0,3632.366724192072,187.63327580792793
2025,6,2,Moyo,Obongi,Palorinya (refugee settlement),3.47,31.63,"meat, fish and eggs",Fish (dry),KG,19167.0,19323.0,-156.0,-0.0080732805464989,19496.666666666668,17506.833333333332,17262.0,18031.53,-769.5299999999988
2025,6,2,Yumbe,Aringa,Bidibidi (refugee settlement),3.36,31.35,miscellaneous food,Salt,KG,1798.0,1769.0,29.0,0.0163934426229508,1845.3333333333333,1837.1666666666667,1845.0,1807.3930345546469,37.606965445353126
2025,6,2,Moroto,Moroto Municipality,Moroto,2.53,34.65,cereals and tubers,Cassava flour,KG,2091.0,2036.0,55.0,0.0270137524557956,2060.6666666666665,2050.333333333333,2327.0,1987.3763621533626,339.6236378466374
2025,6,2,Moyo,Obongi,Palorinya (refugee settlement),3.47,31.63,milk and dairy,Milk (fresh),L,2000.0,2000.0,0.0,0.0,2000.0,1954.5,2000.0,2005.2892999646294,-5.289299964629436
2025,6,2,Koboko,Koboko,Lobule (refugee settlement),3.39,31.03,cereals and tubers,Maize flour,KG,2972.0,3000.0,-28.0,-0.0093333333333333,2974.0,2857.833333333333,2974.0,2958.2146295541975,15.785370445802528
2025,6,2,Nakapiripirit,Kadani,Namalu,1.79,34.6,cereals and tubers,Cassava flour,KG,2100.0,1900.0,200.0,0.1052631578947368,1833.3333333333333,1833.3333333333333,2133.0,2050.421741388852,82.57825861114816
2025,6,2,Kyegegwa,Kyaka,Kyaka II (refugee settlement),0.36,31.09,cereals and tubers,Sorghum,KG,2514.0,2500.0,14.0,0.0056,2434.333333333333,2254.1666666666665,2268.0,2489.570134112724,-221.5701341127242
2025,6,2,Hoima,Bugahya,Hoima,1.43,31.35,cereals and tubers,Maize flour,KG,2500.0,2600.0,-100.0,-0.0384615384615384,2366.6666666666665,2690.5,2500.0,2491.970171553762,8.029828446237843
2025,6,2,Arua,Terego,Imvepi (refugee settlement),3.23,31.28,cereals and tubers,Maize flour,KG,3208.0,2587.0,621.0,0.240046385775029,2757.0,2634.0,3304.0,3060.003835117956,243.996164882044
2025,6,2,Masindi,Buruli M,Masindi,1.69,31.71,cereals and tubers,Cassava flour,KG,2250.0,2375.0,-125.0,-0.0526315789473684,2225.0,2043.0,2250.0,2542.155452325572,-292.1554523255718
2025,6,2,Mbarara,Mbarara Municipality,Mbarara,-0.61,30.65,cereals and tubers,Millet,KG,4750.0,4500.0,250.0,0.0555555555555555,4129.0,3571.6666666666665,3900.0,4192.632935687001,-292.632935687001
2025,6,2,Jinja,Jinja Municipality,Jinja,0.42,33.2,pulses and nuts,Beans,KG,4563.0,4100.0,463.0,0.1129268292682926,4630.666666666667,4799.5,4200.0,4553.838950391022,-353.8389503910221
2025,6,2,Lamwo,Lamwo,Palabek (refugee settlement),3.34,32.47,cereals and tubers,Maize flour,KG,3850.0,3000.0,850.0,0.2833333333333333,3189.6666666666665,2636.833333333333,3167.0,3438.9022587577874,-271.9022587577874
2025,6,2,Lira,Lira Municipality,Lira,2.23,32.91,oil and fats,Oil (vegetable),L,7500.0,7875.0,-375.0,-0.0476190476190476,7680.666666666667,7382.0,7500.0,7522.278264563455,-22.278264563455195
2025,6,2,Kyegegwa,Kyaka,Kyaka II (refugee settlement),0.36,31.09,cereals and tubers,Maize (white),KG,1586.0,1633.0,-47.0,-0.0287813839559093,1561.0,1319.1666666666667,1483.0,1664.8598643387286,-181.85986433872858
2025,6,2,Masindi,Buruli M,Masindi,1.69,31.71,cereals and tubers,Maize (white),KG,1650.0,1600.0,50.0,0.03125,1591.6666666666667,1413.3333333333333,1600.0,1779.6018775368354,-179.60187753683545
2025,6,2,Lira,Lira Municipality,Lira,2.23,32.91,cereals and tubers,Millet,KG,4625.0,4500.0,125.0,0.0277777777777777,4141.666666666667,3129.6666666666665,3400.0,3974.6962849719894,-574.6962849719894
2025,6,2,Kyegegwa,Kyaka,Kyaka II (refugee settlement),0.36,31.09,cereals and tubers,Cassava (fresh),KG,289.0,418.0,-129.0,-0.3086124401913875,338.6666666666667,397.1666666666667,296.0,415.6260000000002,-119.6260000000002
2025,6,2,Kaabong,Dodoth,Kaabong,3.54,34.12,cereals and tubers,Sorghum,KG,1688.0,1713.0,-25.0,-0.0145942790426152,1646.3333333333333,1375.25,2495.0,1687.05173966046,807.94826033954
2025,6,2,Arua,Terego,Imvepi (refugee settlement),3.23,31.28,pulses and nuts,Beans,KG,4704.0,4793.0,-89.0,-0.018568746088045,4674.0,4533.5,4674.0,4535.032840670291,138.96715932970892
2025,6,2,Kaabong,Dodoth,Karenga,3.57,33.7,cereals and tubers,Maize flour,KG,3243.0,2917.0,326.0,0.1117586561535824,2914.0,2517.6666666666665,3340.0,3220.6896814433007,119.31031855669926
2025,6,2,Kween,Kween,Kapchorwa,1.38,34.52,cereals and tubers,Sorghum,KG,2000.0,1667.0,333.0,0.1997600479904019,1889.0,2451.6666666666665,2000.0,2264.2982280842148,-264.29822808421477
2025,6,2,Kyegegwa,Kyaka,Kyaka II (refugee settlement),0.36,31.09,vegetables and fruits,Leafy vegetables,KG,1471.0,1812.0,-341.0,-0.1881898454746136,1659.3333333333333,1752.3333333333333,1563.0,1577.8188207880216,-14.81882078802164
2025,6,2,Masindi,Buruli M,Masindi,1.69,31.71,cereals and tubers,Sorghum,KG,2000.0,2000.0,0.0,0.0,1916.6666666666667,1995.5,2000.0,1965.4358503323756,34.564149667624406
2025,6,2,Yumbe,Aringa,Bidibidi (refugee settlement),3.36,31.35,"meat, fish and eggs",Fish (dry),KG,24088.0,21078.0,3010.0,0.1428029224784135,21861.0,22155.83333333333,21861.0,22196.069671717174,-335.06967171717406
2025,6,2,Kiryandongo,Kibanda,Kiryandongo (refugee settlement),1.94,32.21,cereals and tubers,Maize flour,KG,2758.0,2767.0,-9.0,-0.003252620166245,2664.0,2446.1666666666665,2962.0,2464.4393490112575,497.5606509887425
2025,6,2,Busia,Samia-bugwe,Busia,0.47,34.09,cereals and tubers,Cassava flour,KG,950.0,875.0,75.0,0.0857142857142857,941.6666666666666,878.3333333333334,1000.0,993.6941807217423,6.3058192782576725
2025,6,2,Isingiro,Bukanga,Oruchinga (refugee settlement),-0.94,30.76,cereals and tubers,Millet flour,KG,4083.0,4000.0,83.0,0.02075,4055.3333333333335,3875.8333333333335,4083.0,3981.6296210773608,101.37037892263925
2025,6,2,Lamwo,Lamwo,Palabek (refugee settlement),3.34,32.47,pulses and nuts,Beans,KG,4050.0,4278.0,-228.0,-0.0532959326788218,4040.0,3662.6666666666665,3500.0,3827.1713336759376,-327.1713336759376
2025,6,2,Kiryandongo,Kibanda,Kiryandongo (refugee settlement),1.94,32.21,cereals and tubers,Sorghum,KG,2263.0,2318.0,-55.0,-0.0237273511647972,2205.6666666666665,2232.0,2208.0,2216.977920545463,-8.977920545462894
2025,6,2,Mbarara,Mbarara Municipality,Mbarara,-0.61,30.65,oil and fats,Oil (vegetable),L,8000.0,8500.0,-500.0,-0.0588235294117647,8289.0,8163.666666666667,8000.0,8017.3019136194,-17.301913619399784
2025,6,2,Adjumani,Adjumani,Adjumani (refugee settlement),3.34,31.78,"meat, fish and eggs",Fish (dry),KG,26173.0,19341.0,6832.0,0.35323923271806,21838.0,22375.0,17857.0,22209.732727272723,-4352.732727272723
2025,6,2,Gulu,Gulu Municipality,Gulu,2.77,32.31,cereals and tubers,Sorghum,KG,2000.0,2000.0,0.0,0.0,1800.0,1502.0,2000.0,1951.6148696033936,48.38513039660643
2025,6,2,Adjumani,Adjumani,Adjumani (refugee settlement),3.34,31.78,cereals and tubers,Sorghum,KG,1932.0,1905.0,27.0,0.0141732283464566,1794.0,1547.0,2000.0,1987.4030597198514,12.596940280148601
2025,6,2,Kasese,Busongora,Kasese,0.17,30.07,cereals and tubers,Cassava flour,KG,1750.0,1000.0,750.0,0.75,1266.6666666666667,985.0,1080.0,1458.0493058431787,-378.0493058431787
2025,6,2,Abim,Labwor,Makaratin,2.71,33.64,cereals and tubers,Cassava flour,KG,920.0,1000.0,-80.0,-0.08,1306.6666666666667,903.3333333333334,900.0,1167.6569680861558,-267.65696808615576
2025,6,2,Arua,Terego,Imvepi (refugee settlement),3.23,31.28,milk and dairy,Milk (fresh),L,2000.0,2000.0,0.0,0.0,2000.0,1805.5,2000.0,1955.3226600352375,44.677339964762496
2025,6,2,Lamwo,Lamwo,Palabek (refugee settlement),3.34,32.47,cereals and tubers,Cassava (fresh),KG,607.0,427.0,180.0,0.4215456674473068,520.0,611.3333333333334,645.0,618.0684141177134,26.93158588228664
2025,6,2,Amudat,Upe,Karita,1.54,34.83,pulses and nuts,Beans,KG,4400.0,4281.0,119.0,0.0277972436346648,4282.666666666667,4321.833333333333,4500.0,4304.328054644487,195.67194535551334
2025,6,2,Hoima,Buhaguzi,Kyangwali (refugee settlement),1.16,30.75,vegetables and fruits,Leafy vegetables,KG,4167.0,2180.0,1987.0,0.9114678899082568,2680.6666666666665,2128.6666666666665,3700.0,2559.4425,1140.5575
2025,6,2,Kotido,Jie,Kotido,3.0,34.11,cereals and tubers,Cassava flour,KG,2000.0,2000.0,0.0,0.0,1933.3333333333333,1766.6666666666667,2000.0,1932.8204984067759,67.17950159322413
2025,6,2,Arua,Terego,Rhino Camp (refugee settlement),3.17,31.31,miscellaneous food,Salt,KG,1894.0,2000.0,-106.0,-0.053,1924.6666666666667,1882.1666666666667,1836.0,1827.918352133955,8.081647866044932
2025,6,2,Yumbe,Aringa,Bidibidi (refugee settlement),3.36,31.35,cereals and tubers,Millet flour,KG,4381.0,5115.0,-734.0,-0.1434995112414467,4588.333333333333,4103.0,4588.0,4497.040519382138,90.95948061786203
2025,6,2,Moyo,Obongi,Palorinya (refugee settlement),3.47,31.63,cereals and tubers,Millet flour,KG,6000.0,6250.0,-250.0,-0.04,6013.0,5350.5,6000.0,5823.67,176.32999999999993
2025,6,2,Arua,Arua Municipality,Arua,3.02,30.91,cereals and tubers,Cassava flour,KG,1000.0,1000.0,0.0,0.0,1102.3333333333333,1137.5,1000.0,1151.5485015778381,-151.54850157783812
2025,6,2,Arua,Arua Municipality,Arua,3.02,30.91,oil and fats,Oil (vegetable),L,6750.0,7000.0,-250.0,-0.0357142857142857,7023.666666666667,7028.666666666667,7000.0,7061.725852947313,-61.72585294731289
2025,6,2,Isingiro,Bukanga,Oruchinga (refugee settlement),-0.94,30.76,oil and fats,Oil (vegetable),L,7970.0,8000.0,-30.0,-0.00375,7990.0,7879.166666666667,7990.0,7832.064720322984,157.9352796770163
2025,6,2,Kotido,Jie,Kotido,3.0,34.11,cereals and tubers,Millet,KG,4125.0,4000.0,125.0,0.03125,3641.6666666666665,2887.5,3275.0,3347.15388577155,-72.15388577155
2025,6,2,Hoima,Buhaguzi,Kyangwali (refugee settlement),1.16,30.75,cereals and tubers,Cassava (fresh),KG,1064.0,506.0,558.0,1.1027667984189724,724.0,696.1666666666666,724.0,786.070416478449,-62.07041647844903
2025,6,2,Kyegegwa,Kyaka,Kyaka II (refugee settlement),0.36,31.09,pulses and nuts,Beans,KG,2905.0,3849.0,-944.0,-0.2452585087035593,3399.6666666666665,2994.5,2411.0,2636.1017636375923,-225.10176363759228
2025,6,2,Nakapiripirit,Kadani,Namalu,1.79,34.6,cereals and tubers,Maize (white),KG,1638.0,1619.0,19.0,0.0117356392835083,1566.3333333333333,1391.5,1567.0,1636.608548553807,-69.60854855380694
2025,6,2,Abim,Labwor,Makaratin,2.71,33.64,cereals and tubers,Millet,KG,4010.0,3675.0,335.0,0.091156462585034,3561.6666666666665,3042.0,3450.0,3809.2974053183834,-359.2974053183834
2025,6,2,Busia,Samia-bugwe,Busia,0.47,34.09,cereals and tubers,Maize (white),KG,1531.0,1480.0,51.0,0.0344594594594594,1503.6666666666667,1304.5,1270.0,1499.4542962934738,-229.45429629347382
2025,6,2,Gulu,Gulu Municipality,Gulu,2.77,32.31,cereals and tubers,Millet,KG,6000.0,6000.0,0.0,0.0,5041.666666666667,3743.6666666666665,5000.0,5122.822948717949,-122.82294871794875
2025,6,2,Isingiro,Bukanga,Nakivale (refugee settlement),-0.78,30.96,milk and dairy,Milk (fresh),L,1630.0,2000.0,-370.0,-0.185,1810.0,1736.6666666666667,1810.0,1675.910279259909,134.08972074009102
2025,7,3,Kabarole,Fort Portal Municipality,Fort Portal,0.66,30.28,oil and fats,Oil (vegetable),L,8000.0,8000.0,0.0,0.0,7791.666666666667,7687.0,8000.0,7813.809789851849,186.19021014815098
2025,7,3,Arua,Terego,Imvepi (refugee settlement),3.23,31.28,cereals and tubers,Maize flour,KG,3304.0,3208.0,96.0,0.0299251870324189,3033.0,2723.5,2833.0,3066.5725845943234,-233.57258459432342
2025,7,3,Arua,Terego,Rhino Camp (refugee settlement),3.17,31.31,milk and dairy,Milk (fresh),L,3000.0,2000.0,1000.0,0.5,2333.333333333333,2043.3333333333333,3000.0,2911.713623254533,88.2863767454669
2025,7,3,Hoima,Buhaguzi,Kyangwali (refugee settlement),1.16,30.75,cereals and tubers,Cassava (fresh),KG,724.0,1064.0,-340.0,-0.3195488721804511,764.6666666666666,702.0,556.0,797.0037457852762,-241.00374578527624
2025,7,3,Isingiro,Bukanga,Nakivale (refugee settlement),-0.78,30.96,cereals and tubers,Maize flour,KG,2188.0,2147.0,41.0,0.0190964136003726,2197.0,2169.833333333333,1865.0,2029.0352260775076,-164.03522607750756
2025,7,3,Lamwo,Lamwo,Palabek (refugee settlement),3.34,32.47,cereals and tubers,Maize flour,KG,3167.0,3850.0,-683.0,-0.1774025974025974,3339.0,2831.333333333333,2494.0,3030.0923984985166,-536.0923984985166
2025,7,3,Kween,Kween,Kapchorwa,1.38,34.52,cereals and tubers,Maize (white),KG,1680.0,1800.0,-120.0,-0.0666666666666666,1726.6666666666667,1515.0,1200.0,1559.5780331409887,-359.57803314098874
2025,7,3,Isingiro,Bukanga,Oruchinga (refugee settlement),-0.94,30.76,cereals and tubers,Millet flour,KG,4083.0,4083.0,0.0,0.0,4055.3333333333335,3876.8333333333335,3733.0,3960.217583378948,-227.2175833789479
2025,7,3,Kyegegwa,Kyaka,Kyaka II (refugee settlement),0.36,31.09,cereals and tubers,Maize flour,KG,3113.0,3189.0,-76.0,-0.0238319222326748,3259.6666666666665,3121.833333333333,3050.0,3014.539081166739,35.460918833261076
2025,7,3,Kamwenge,Kibale,Rwamwanja (refugee settlement),0.31,30.68,oil and fats,Oil (vegetable),L,11231.0,10789.0,442.0,0.0409676522383909,11051.0,10039.0,9769.0,10895.6034,-1126.6034
2025,7,3,Busia,Samia-bugwe,Busia,0.47,34.09,cereals and tubers,Maize flour,KG,2460.0,2700.0,-240.0,-0.0888888888888888,2570.0,2571.5,2175.0,2400.569143273855,-225.56914327385493
2025,7,3,Arua,Terego,Imvepi (refugee settlement),3.23,31.28,cereals and tubers,Sorghum,KG,1696.0,1521.0,175.0,0.1150558842866535,1489.6666666666667,1282.8333333333333,1463.0,1727.2642301756705,-264.2642301756705
2025,7,3,Kasese,Busongora,Kasese,0.17,30.07,cereals and tubers,Maize flour,KG,2600.0,2400.0,200.0,0.0833333333333333,2483.333333333333,2269.5,2475.0,2672.5593820622344,-197.55938206223436
2025,7,3,Hoima,Buhaguzi,Kyangwali (refugee settlement),1.16,30.75,cereals and tubers,Sorghum,KG,3000.0,4111.0,-1111.0,-0.2702505473120895,3826.0,3247.333333333333,2500.0,2911.676904070859,-411.6769040708591
2025,7,3,Arua,Terego,Rhino Camp (refugee settlement),3.17,31.31,cereals and tubers,Sorghum,KG,2618.0,1765.0,853.0,0.48328611898017,1961.0,1827.1666666666667,2500.0,2189.504386861472,310.4956131385279
2025,7,3,Hoima,Buhaguzi,Kyangwali (refugee settlement),1.16,30.75,cereals and tubers,Maize flour,KG,4000.0,3444.0,556.0,0.1614401858304297,3500.333333333333,2786.6666666666665,2000.0,3658.5580779270636,-1658.5580779270636
2025,7,3,Hoima,Buhaguzi,Kyangwali (refugee settlement),1.16,30.75,cereals and tubers,Millet flour,KG,5500.0,5111.0,389.0,0.0761103502250049,5056.0,4499.166666666667,4000.0,4763.024971422722,-763.024971422722
2025,7,3,Lira,Lira Municipality,Lira,2.23,32.91,pulses and nuts,Beans,KG,3760.0,4200.0,-440.0,-0.1047619047619047,4261.666666666667,4026.3333333333335,3100.0,3855.0812463628267,-755.0812463628267
2025,7,3,Moyo,Obongi,Palorinya (refugee settlement),3.47,31.63,cereals and tubers,Maize flour,KG,3143.0,4000.0,-857.0,-0.21425,3408.6666666666665,2656.0,2000.0,2843.263179973105,-843.2631799731048
2025,7,3,Masindi,Buruli M,Masindi,1.69,31.71,pulses and nuts,Beans,KG,3550.0,3775.0,-225.0,-0.0596026490066225,3704.3333333333335,3852.1666666666665,3500.0,3779.0214039628295,-279.0214039628295
2025,7,3,Kiryandongo,Kibanda,Kiryandongo (refugee settlement),1.94,32.21,oil and fats,Oil (vegetable),L,7500.0,7542.0,-42.0,-0.005568814638027,7625.0,7642.333333333333,7583.0,7410.320438153531,172.67956184646937
2025,7,3,Amudat,Upe,Karita,1.54,34.83,pulses and nuts,Beans,KG,4500.0,4400.0,100.0,0.0227272727272727,4393.666666666667,4266.333333333333,4500.0,4334.759553554034,165.24044644596597
2025,7,3,Isingiro,Bukanga,Nakivale (refugee settlement),-0.78,30.96,oil and fats,Oil (vegetable),L,7652.0,7656.0,-4.0,-0.0005224660397074,7658.333333333333,7683.0,7902.0,7299.366331378929,602.6336686210707
2025,7,3,Soroti,Soroti Municipality,Soroti,1.71,33.62,pulses and nuts,Beans,KG,3973.0,4533.0,-560.0,-0.1235384954776086,4304.666666666667,4172.333333333333,3817.0,4078.8264586349774,-261.82645863497737
2025,7,3,Moroto,Moroto Municipality,Moroto,2.53,34.65,cereals and tubers,Maize flour,KG,2625.0,2458.0,167.0,0.0679414157851912,2442.6666666666665,2232.5,2587.0,2651.2157631091313,-64.21576310913133
2025,7,3,Hoima,Buhaguzi,Kyangwali (refugee settlement),1.16,30.75,milk and dairy,Milk (fresh),L,3200.0,2000.0,1200.0,0.6,2400.0,2040.5,2000.0,2999.583601005369,-999.583601005369
2025,7,3,Arua,Arua Municipality,Arua,3.02,30.91,cereals and tubers,Sorghum,KG,2000.0,2250.0,-250.0,-0.1111111111111111,2083.333333333333,1925.5,2000.0,2010.1560191670605,-10.156019167060549
2025,7,3,Arua,Arua Municipality,Arua,3.02,30.91,cereals and tubers,Maize flour,KG,3600.0,3100.0,500.0,0.1612903225806451,3233.333333333333,2900.333333333333,3400.0,3498.877841586549,-98.87784158654904
2025,7,3,Hoima,Buhaguzi,Kyangwali (refugee settlement),1.16,30.75,oil and fats,Oil (vegetable),L,8000.0,8000.0,0.0,0.0,8000.0,8000.0,10000.0,8088.841711756651,1911.1582882433486
2025,7,3,Busia,Samia-bugwe,Busia,0.47,34.09,pulses and nuts,Beans,KG,2615.0,3050.0,-435.0,-0.1426229508196721,3155.0,3202.5,2675.0,2833.2920347308063,-158.29203473080634
2025,7,3,Moroto,Moroto Municipality,Moroto,2.53,34.65,pulses and nuts,Beans,KG,4358.0,4875.0,-517.0,-0.106051282051282,4668.666666666667,4341.333333333333,3927.0,4058.965744291405,-131.96574429140492
2025,7,3,Isingiro,Bukanga,Oruchinga (refugee settlement),-0.94,30.76,oil and fats,Oil (vegetable),L,7990.0,7970.0,20.0,0.0025094102885821,7986.666666666667,7878.166666666667,8251.0,7800.449999411034,450.5500005889662
2025,7,3,Moroto,Moroto Municipality,Moroto,2.53,34.65,cereals and tubers,Sorghum,KG,1742.0,1700.0,42.0,0.0247058823529411,1685.3333333333333,1485.6666666666667,1710.0,1704.2773457224146,5.722654277585434
2025,7,3,Kamwenge,Kibale,Rwamwanja (refugee settlement),0.31,30.68,cereals and tubers,Maize flour,KG,3038.0,2921.0,117.0,0.0400547757617254,2953.0,2895.833333333333,2846.0,3016.224809497571,-170.2248094975712
2025,7,3,Yumbe,Aringa,Bidibidi (refugee settlement),3.36,31.35,oil and fats,Oil (vegetable),L,7337.0,7331.0,6.0,0.0008184422316191,7351.0,7404.0,6875.0,7192.959636332319,-317.95963633231895
2025,7,3,Yumbe,Aringa,Bidibidi (refugee settlement),3.36,31.35,cereals and tubers,Maize flour,KG,2772.0,2770.0,2.0,0.0007220216606498,2855.0,2743.5,2183.0,2809.21709919186,-626.2170991918601
2025,7,3,Kabarole,Fort Portal Municipality,Fort Portal,0.66,30.28,cereals and tubers,Maize flour,KG,3000.0,3000.0,0.0,0.0,3000.0,2893.0,2750.0,2944.7280111477735,-194.7280111477735
2025,7,3,Lamwo,Lamwo,Palabek (refugee settlement),3.34,32.47,milk and dairy,Milk (fresh),L,2000.0,2000.0,0.0,0.0,2000.0,1836.8333333333333,2000.0,1961.8880956975872,38.11190430241277
2025,7,3,Koboko,Koboko,Lobule (refugee settlement),3.39,31.03,oil and fats,Oil (vegetable),L,7750.0,7700.0,50.0,0.0064935064935064,7816.666666666667,7706.666666666667,7262.0,7663.772271578515,-401.77227157851485
2025,7,3,Isingiro,Bukanga,Nakivale (refugee settlement),-0.78,30.96,cereals and tubers,Millet flour,KG,4079.0,3759.0,320.0,0.0851290236765097,4001.6666666666665,3895.3333333333335,4523.0,3940.6657778240415,582.3342221759585
2025,7,3,Isingiro,Bukanga,Oruchinga (refugee settlement),-0.94,30.76,cereals and tubers,Maize flour,KG,2038.0,2058.0,-20.0,-0.0097181729834791,2032.0,2045.0,1737.0,2019.6648538968711,-282.66485389687114
2025,7,3,Arua,Terego,Imvepi (refugee settlement),3.23,31.28,milk and dairy,Milk (fresh),L,2000.0,2000.0,0.0,0.0,2000.0,1875.0,2000.0,1958.6126608648296,41.38733913517035
2025,7,3,Jinja,Jinja Municipality,Jinja,0.42,33.2,cereals and tubers,Maize (white),KG,2000.0,2000.0,0.0,0.0,2000.0,2020.1666666666667,1788.0,1827.6712592906943,-39.67125929069425
2025,7,3,Adjumani,Adjumani,Adjumani (refugee settlement),3.34,31.78,cereals and tubers,Sorghum,KG,2000.0,1932.0,68.0,0.0351966873706004,1945.6666666666667,1648.1666666666667,1335.0,1949.0227524518396,-614.0227524518396
2025,7,3,Kaabong,Dodoth,Karenga,3.57,33.7,cereals and tubers,Sorghum,KG,1690.0,1525.0,165.0,0.1081967213114754,1488.3333333333333,1260.8333333333333,1763.0,1792.693609311599,-29.693609311598948
2025,7,3,Kaabong,Dodoth,Kaabong,3.54,34.12,pulses and nuts,Beans,KG,4400.0,4875.0,-475.0,-0.0974358974358974,4633.333333333333,4598.0,4275.0,4354.666033267122,-79.66603326712175
2025,7,3,Napak,Bokora,Napak,2.22,34.26,cereals and tubers,Sorghum,KG,1566.0,1579.0,-13.0,-0.0082330588980367,1448.3333333333333,1345.0,800.0,1537.082868609901,-737.082868609901
2025,7,3,Nakapiripirit,Kadani,Namalu,1.79,34.6,pulses and nuts,Beans,KG,2067.0,3875.0,-1808.0,-0.4665806451612903,3497.333333333333,3700.0,2067.0,2408.4230339633914,-341.4230339633914
2025,7,3,Koboko,Koboko,Lobule (refugee settlement),3.39,31.03,cereals and tubers,Millet flour,KG,4339.0,4233.0,106.0,0.0250413418379399,4357.333333333333,4208.0,4487.0,4429.171228836676,57.828771163323836
2025,7,3,Kiryandongo,Kibanda,Kiryandongo (refugee settlement),1.94,32.21,cereals and tubers,Maize flour,KG,2962.0,2758.0,204.0,0.0739666424945612,2829.0,2571.833333333333,2942.0,2972.4360866190896,-30.436086619089565
2025,7,3,Masindi,Buruli M,Masindi,1.69,31.71,cereals and tubers,Sorghum,KG,2000.0,2000.0,0.0,0.0,2000.0,2000.0,2000.0,1994.0866672964291,5.913332703570859
2025,7,3,Kamwenge,Kibale,Rwamwanja (refugee settlement),0.31,30.68,cereals and tubers,Millet flour,KG,4385.0,4105.0,280.0,0.0682095006090134,4219.0,4134.0,4038.0,4298.720131188337,-260.7201311883373
2025,7,3,Arua,Terego,Rhino Camp (refugee settlement),3.17,31.31,cereals and tubers,Maize flour,KG,3000.0,2929.0,71.0,0.0242403550699897,3093.0,2861.333333333333,2233.0,3121.661769847647,-888.6617698476471
2025,7,3,Kyegegwa,Kyaka,Kyaka II (refugee settlement),0.36,31.09,oil and fats,Oil (vegetable),L,8000.0,8000.0,0.0,0.0,8000.0,7965.166666666667,8000.0,7991.7254317193365,8.274568280663516
2025,7,3,Isingiro,Bukanga,Nakivale (refugee settlement),-0.78,30.96,cereals and tubers,Cassava (fresh),KG,558.0,572.0,-14.0,-0.0244755244755244,545.3333333333334,566.3333333333334,481.0,624.3366583282424,-143.33665832824238
2025,7,3,Mbarara,Mbarara Municipality,Mbarara,-0.61,30.65,pulses and nuts,Beans,KG,3500.0,4000.0,-500.0,-0.125,4208.333333333333,4654.333333333333,3833.0,3831.1150162559074,1.8849837440925512
2025,7,3,Masindi,Buruli M,Masindi,1.69,31.71,cereals and tubers,Maize flour,KG,2580.0,2500.0,80.0,0.032,2526.6666666666665,2513.333333333333,2500.0,2589.1976174120928,-89.19761741209277
2025,7,3,Iganga,Kigulu,Iganga,0.61,33.47,cereals and tubers,Maize (white),KG,1930.0,1913.0,17.0,0.0088865656037637,1886.6666666666667,1612.3333333333333,1650.0,1855.25957568664,-205.2595756866399
2025,7,3,Adjumani,Adjumani,Adjumani (refugee settlement),3.34,31.78,cereals and tubers,Cassava (fresh),KG,645.0,446.0,199.0,0.4461883408071749,591.6666666666666,547.3333333333334,590.0,745.3320216345422,-155.33202163454223
2025,7,3,Kiryandongo,Kibanda,Kiryandongo (refugee settlement),1.94,32.21,cereals and tubers,Millet flour,KG,5231.0,4983.0,248.0,0.0497692153321292,5038.0,4843.333333333333,5333.0,4752.6489275623035,580.3510724376965
2025,7,3,Moyo,Obongi,Palorinya (refugee settlement),3.47,31.63,oil and fats,Oil (vegetable),L,7462.0,7583.0,-121.0,-0.015956745351444,7615.0,7664.833333333333,7122.0,7419.465886385105,-297.46588638510457
2025,7,3,Busia,Samia-bugwe,Busia,0.47,34.09,cereals and tubers,Sorghum,KG,1260.0,1500.0,-240.0,-0.16,1420.0,1362.3333333333333,956.0,1221.52924316393,-265.52924316393
2025,7,3,Adjumani,Adjumani,Adjumani (refugee settlement),3.34,31.78,cereals and tubers,Maize flour,KG,2833.0,2745.0,88.0,0.0320582877959927,2730.6666666666665,2653.0,2585.0,2741.1851657988846,-156.18516579888455
2025,7,3,Yumbe,Aringa,Bidibidi (refugee settlement),3.36,31.35,milk and dairy,Milk (fresh),L,1847.0,1642.0,205.0,0.1248477466504263,1829.6666666666667,1680.1666666666667,1847.0,1867.3233148054705,-20.323314805470545
2025,7,3,Hoima,Bugahya,Hoima,1.43,31.35,cereals and tubers,Maize flour,KG,2500.0,2500.0,0.0,0.0,2533.333333333333,2607.1666666666665,2500.0,2497.4943508648653,2.5056491351347177
2025,7,3,Koboko,Koboko,Lobule (refugee settlement),3.39,31.03,cereals and tubers,Maize flour,KG,2974.0,2972.0,2.0,0.0006729475100942,2982.0,2991.5,2342.0,2954.306567001333,-612.306567001333
2025,7,3,Kasese,Busongora,Kasese,0.17,30.07,cereals and tubers,Sorghum,KG,3820.0,3725.0,95.0,0.0255033557046979,3848.3333333333335,3260.1666666666665,3650.0,3855.9248669398157,-205.92486693981573
2025,7,3,Lamwo,Lamwo,Palabek (refugee settlement),3.34,32.47,oil and fats,Oil (vegetable),L,8000.0,8000.0,0.0,0.0,8592.666666666666,8501.333333333334,7496.0,8008.272481866829,-512.2724818668294
2025,7,3,Arua,Terego,Rhino Camp (refugee settlement),3.17,31.31,cereals and tubers,Cassava (fresh),KG,323.0,502.0,-179.0,-0.3565737051792829,425.3333333333333,402.6666666666667,284.0,431.23770000000013,-147.23770000000013
2025,7,3,Kamwenge,Kibale,Rwamwanja (refugee settlement),0.31,30.68,miscellaneous food,Salt,KG,1662.0,1642.0,20.0,0.0121802679658952,1630.3333333333333,1673.0,1685.0,1689.1337444075025,-4.1337444075024905
2025,7,3,Soroti,Soroti Municipality,Soroti,1.71,33.62,cereals and tubers,Maize (white),KG,1433.0,1408.0,25.0,0.0177556818181818,1406.6666666666667,1302.1666666666667,1117.0,1391.8765432849984,-274.87654328499843
2025,7,3,Arua,Terego,Rhino Camp (refugee settlement),3.17,31.31,oil and fats,Oil (vegetable),L,8909.0,7412.0,1497.0,0.2019697787371829,8079.333333333333,7701.166666666667,7125.0,8527.816599999998,-1402.8165999999983
2025,7,3,Isingiro,Bukanga,Nakivale (refugee settlement),-0.78,30.96,pulses and nuts,Beans,KG,3034.0,2964.0,70.0,0.0236167341430499,3051.333333333333,2914.833333333333,2738.0,3030.284799146699,-292.2847991466988
2025,7,3,Kasese,Busongora,Kasese,0.17,30.07,cereals and tubers,Millet,KG,3520.0,4000.0,-480.0,-0.12,4090.0,3767.6666666666665,3775.0,3535.9060673855547,239.0939326144453
2025,7,3,Arua,Terego,Rhino Camp (refugee settlement),3.17,31.31,vegetables and fruits,Leafy vegetables,KG,2188.0,1707.0,481.0,0.2817809021675454,1877.0,2394.833333333333,1964.0,2010.827651609018,-46.82765160901795
2025,7,3,Yumbe,Aringa,Bidibidi (refugee settlement),3.36,31.35,cereals and tubers,Maize (white),KG,1841.0,1689.0,152.0,0.0899940793368857,1956.0,1628.3333333333333,1159.0,1800.0890309929725,-641.0890309929725
2025,7,3,Gulu,Gulu Municipality,Gulu,2.77,32.31,oil and fats,Oil (vegetable),L,7125.0,7000.0,125.0,0.0178571428571428,7041.666666666667,7254.833333333333,8000.0,7088.482801091203,911.5171989087967
2025,7,3,Arua,Arua Municipality,Arua,3.02,30.91,cereals and tubers,Millet,KG,3800.0,4750.0,-950.0,-0.2,4266.666666666667,3297.833333333333,3800.0,3606.238961526333,193.7610384736672
2025,7,3,Hoima,Buhaguzi,Kyangwali (refugee settlement),1.16,30.75,"meat, fish and eggs",Fish (dry),KG,18750.0,16304.0,2446.0,0.1500245338567222,20678.33333333333,19655.166666666668,26667.0,19350.392708333333,7316.607291666667
2025,7,3,Lamwo,Lamwo,Palabek (refugee settlement),3.34,32.47,vegetables and fruits,Leafy vegetables,KG,1563.0,2500.0,-937.0,-0.3748,2021.0,2481.0,1403.0,1952.8441347005812,-549.8441347005812
2025,7,3,Iganga,Kigulu,Iganga,0.61,33.47,pulses and nuts,Beans,KG,3970.0,4538.0,-568.0,-0.125165271044513,4336.0,4094.3333333333335,3600.0,4052.956038111571,-452.95603811157116
2025,7,3,Arua,Terego,Imvepi (refugee settlement),3.23,31.28,miscellaneous food,Salt,KG,1733.0,1708.0,25.0,0.0146370023419203,1747.0,1752.0,1780.0,1724.8745608860308,55.12543911396915
2025,7,3,Masindi,Buruli M,Masindi,1.69,31.71,cereals and tubers,Millet,KG,3800.0,4250.0,-450.0,-0.1058823529411764,4246.0,3958.0,3650.0,3792.6051599528287,-142.60515995282867
2025,7,3,Arua,Terego,Rhino Camp (refugee settlement),3.17,31.31,"meat, fish and eggs",Fish (dry),KG,16000.0,28000.0,-12000.0,-0.4285714285714285,22426.0,26351.83333333333,11273.0,19862.63,-8589.630000000001
2025,7,3,Kiryandongo,Kibanda,Kiryandongo (refugee settlement),1.94,32.21,milk and dairy,Milk (fresh),L,1800.0,1867.0,-67.0,-0.0358864488484199,2041.6666666666667,1829.1666666666667,2000.0,1786.6422947743586,213.35770522564144
2025,7,3,Moyo,Obongi,Palorinya (refugee settlement),3.47,31.63,cereals and tubers,Maize (white),KG,2062.0,2825.0,-763.0,-0.2700884955752212,2506.6666666666665,2106.5,1350.0,1962.5519510283636,-612.5519510283636
2025,7,3,Hoima,Buhaguzi,Kyangwali (refugee settlement),1.16,30.75,pulses and nuts,Beans,KG,4000.0,3278.0,722.0,0.2202562538133008,3759.3333333333335,3223.1666666666665,3000.0,3904.9741369089456,-904.9741369089456
2025,7,3,Yumbe,Aringa,Bidibidi (refugee settlement),3.36,31.35,cereals and tubers,Sorghum,KG,1350.0,1285.0,65.0,0.0505836575875486,1383.3333333333333,1261.1666666666667,1194.0,1393.957077675464,-199.957077675464
2025,7,3,Kaabong,Dodoth,Kaabong,3.54,34.12,cereals and tubers,Millet,KG,3990.0,4775.0,-785.0,-0.1643979057591623,4588.333333333333,3629.6666666666665,3763.0,3954.0236816210336,-191.02368162103357
2025,7,3,Arua,Terego,Imvepi (refugee settlement),3.23,31.28,"meat, fish and eggs",Fish (dry),KG,26152.0,27444.0,-1292.0,-0.0470776854685905,25241.33333333333,25538.666666666668,19894.0,24725.666346153845,-4831.666346153845
2025,7,3,Isingiro,Bukanga,Oruchinga (refugee settlement),-0.94,30.76,milk and dairy,Milk (fresh),L,1898.0,1694.0,204.0,0.1204250295159386,1864.0,1745.8333333333333,1898.0,1893.681627668003,4.318372331996898
2025,7,3,Lamwo,Lamwo,Palabek (refugee settlement),3.34,32.47,cereals and tubers,Maize (white),KG,2000.0,2030.0,-30.0,-0.0147783251231527,2002.6666666666667,1761.1666666666667,1259.0,1871.0206840757514,-612.0206840757514
2025,7,3,Gulu,Gulu Municipality,Gulu,2.77,32.31,cereals and tubers,Sorghum,KG,2000.0,2000.0,0.0,0.0,2000.0,1635.8333333333333,1267.0,1924.062007387651,-657.062007387651
2025,7,3,Soroti,Soroti Municipality,Soroti,1.71,33.62,oil and fats,Oil (vegetable),L,8533.0,8000.0,533.0,0.066625,8247.0,8106.833333333333,8500.0,8213.918958333332,286.08104166666817
2025,7,3,Hoima,Buhaguzi,Kyangwali (refugee settlement),1.16,30.75,vegetables and fruits,Leafy vegetables,KG,3700.0,4167.0,-467.0,-0.1120710343172546,3349.0,2525.5,2000.0,3419.1477620623323,-1419.1477620623323
2025,7,3,Arua,Terego,Rhino Camp (refugee settlement),3.17,31.31,miscellaneous food,Salt,KG,1836.0,1894.0,-58.0,-0.0306230200633579,1910.0,1854.8333333333333,1750.0,1851.6691411171787,-101.6691411171787
2025,7,3,Kotido,Jie,Kotido,3.0,34.11,cereals and tubers,Millet,KG,3275.0,4125.0,-850.0,-0.206060606060606,3800.0,3100.0,2820.0,3291.594649564172,-471.59464956417196
2025,7,3,Kabarole,Fort Portal Municipality,Fort Portal,0.66,30.28,cereals and tubers,Maize (white),KG,2000.0,2000.0,0.0,0.0,2000.0,1753.3333333333333,2000.0,1864.4338471172948,135.56615288270518
2025,7,3,Abim,Labwor,Makaratin,2.71,33.64,cereals and tubers,Millet,KG,3450.0,4010.0,-560.0,-0.1396508728179551,3711.6666666666665,3175.333333333333,2300.0,3281.11127435992,-981.1112743599201
2025,7,3,Isingiro,Bukanga,Nakivale (refugee settlement),-0.78,30.96,"meat, fish and eggs",Fish (dry),KG,20024.0,19757.0,267.0,0.0135141974996203,20945.0,18949.166666666668,21993.0,24901.428660714286,-2908.428660714286
2025,7,3,Busia,Samia-bugwe,Busia,0.47,34.09,oil and fats,Oil (vegetable),L,7400.0,7375.0,25.0,0.0033898305084745,7508.333333333333,7329.666666666667,7375.0,7347.969270307774,27.030729692225577
2025,7,3,Arua,Arua Municipality,Arua,3.02,30.91,cereals and tubers,Maize (white),KG,1200.0,1100.0,100.0,0.0909090909090909,1300.0,1415.1666666666667,1200.0,1224.417052549068,-24.417052549068103
2025,7,3,Koboko,Koboko,Lobule (refugee settlement),3.39,31.03,"meat, fish and eggs",Fish (dry),KG,19399.0,17327.0,2072.0,0.1195821550181797,19198.666666666668,20340.0,13668.0,19125.3125,-5457.3125
2025,7,3,Moyo,Obongi,Palorinya (refugee settlement),3.47,31.63,vegetables and fruits,Leafy vegetables,KG,1222.0,1917.0,-695.0,-0.362545644235785,1623.3333333333333,1651.6666666666667,1741.0,1431.4577483197074,309.54225168029257
2025,7,3,Jinja,Jinja Municipality,Jinja,0.42,33.2,oil and fats,Oil (vegetable),L,7200.0,7500.0,-300.0,-0.04,7433.333333333333,7542.0,7500.0,7264.794062485923,235.20593751407705
2025,7,3,Masindi,Buruli M,Masindi,1.69,31.71,oil and fats,Oil (vegetable),L,8000.0,8000.0,0.0,0.0,7875.0,7862.5,8000.0,7784.812257637227,215.18774236277295
2025,7,3,Kabarole,Fort Portal Municipality,Fort Portal,0.66,30.28,cereals and tubers,Sorghum,KG,4000.0,4000.0,0.0,0.0,4000.0,3673.8333333333335,4000.0,3949.41213846671,50.587861533289924
2025,7,3,Abim,Labwor,Makaratin,2.71,33.64,cereals and tubers,Sorghum,KG,2325.0,1560.0,765.0,0.4903846153846153,1828.3333333333333,1427.8333333333333,2088.0,2324.6681022906805,-236.6681022906805
2025,7,3,Jinja,Jinja Municipality,Jinja,0.42,33.2,cereals and tubers,Cassava flour,KG,1530.0,1500.0,30.0,0.02,1543.3333333333333,1536.8333333333333,1500.0,1567.7437652691415,-67.74376526914148
2025,7,3,Yumbe,Aringa,Bidibidi (refugee settlement),3.36,31.35,cereals and tubers,Cassava (fresh),KG,787.0,730.0,57.0,0.0780821917808219,734.3333333333334,702.0,691.0,789.41369144664,-98.41369144663997
2025,7,3,Iganga,Kigulu,Iganga,0.61,33.47,cereals and tubers,Cassava flour,KG,1200.0,1213.0,-13.0,-0.010717230008244,1224.3333333333333,1114.5,1200.0,1169.9165967609692,30.08340323903076
2025,7,3,Kiryandongo,Kibanda,Kiryandongo (refugee settlement),1.94,32.21,"meat, fish and eggs",Fish (dry),KG,26667.0,34444.0,-7777.0,-0.2257867843456044,27430.0,26788.166666666668,26667.0,26785.13,-118.13000000000102
2025,7,3,Kamwenge,Kibale,Rwamwanja (refugee settlement),0.31,30.68,pulses and nuts,Beans,KG,2615.0,2868.0,-253.0,-0.0882147838214783,2883.333333333333,3050.833333333333,2385.0,2602.330609732847,-217.33060973284682
2025,7,3,Arua,Terego,Imvepi (refugee settlement),3.23,31.28,cereals and tubers,Millet flour,KG,4646.0,4500.0,146.0,0.0324444444444444,4282.0,3927.0,4650.0,4367.425313957492,282.5746860425079
2025,7,3,Kaabong,Dodoth,Karenga,3.57,33.7,cereals and tubers,Millet,KG,2580.0,3200.0,-620.0,-0.19375,2760.0,2630.0,2375.0,2570.806166228774,-195.80616622877415
2025,7,3,Arua,Terego,Imvepi (refugee settlement),3.23,31.28,vegetables and fruits,Leafy vegetables,KG,2085.0,1372.0,713.0,0.5196793002915452,1800.0,1834.8333333333333,1678.0,1683.4948047300497,-5.4948047300497365
2025,7,3,Koboko,Koboko,Lobule (refugee settlement),3.39,31.03,cereals and tubers,Sorghum,KG,1437.0,1377.0,60.0,0.0435729847494553,1521.3333333333333,1333.5,1271.0,1442.4187386862,-171.41873868619996
2025,7,3,Masaka,Masaka Municipality,Masaka,-0.35,31.74,cereals and tubers,Millet,KG,4875.0,4500.0,375.0,0.0833333333333333,4625.0,4447.0,4000.0,4106.989863342872,-106.98986334287201
2025,7,3,Kamwenge,Kibale,Rwamwanja (refugee settlement),0.31,30.68,"meat, fish and eggs",Fish (dry),KG,10886.0,24390.0,-13504.0,-0.553669536695367,21198.0,23694.33333333333,11956.0,20516.29,-8560.29
2025,7,3,Hoima,Bugahya,Hoima,1.43,31.35,cereals and tubers,Maize (white),KG,2300.0,2500.0,-200.0,-0.08,2300.0,1702.3333333333333,1500.0,2150.5082235578784,-650.5082235578784
2025,7,3,Mbarara,Mbarara Municipality,Mbarara,-0.61,30.65,cereals and tubers,Sorghum,KG,3200.0,3000.0,200.0,0.0666666666666666,3083.333333333333,2816.833333333333,4000.0,3120.7401094525203,879.2598905474797
2025,7,3,Kabarole,Fort Portal Municipality,Fort Portal,0.66,30.28,cereals and tubers,Millet,KG,5000.0,4750.0,250.0,0.0526315789473684,4916.666666666667,4294.666666666667,5000.0,4468.270590871118,531.7294091288823
2025,7,3,Adjumani,Adjumani,Adjumani (refugee settlement),3.34,31.78,miscellaneous food,Salt,KG,2000.0,2000.0,0.0,0.0,1981.0,1990.5,2000.0,1961.4537092177115,38.54629078228845
2025,7,3,Isingiro,Bukanga,Oruchinga (refugee settlement),-0.94,30.76,"meat, fish and eggs",Fish (dry),KG,12680.0,10760.0,1920.0,0.1784386617100371,14049.666666666666,13522.666666666666,13927.0,15699.79,-1772.7900000000009
2025,7,3,Kween,Kween,Kapchorwa,1.38,34.52,oil and fats,Oil (vegetable),L,7500.0,7500.0,0.0,0.0,7500.0,7364.166666666667,7500.0,7256.32753709616,243.67246290383991
2025,7,3,Isingiro,Bukanga,Oruchinga (refugee settlement),-0.94,30.76,pulses and nuts,Beans,KG,2615.0,2555.0,60.0,0.0234833659491193,2567.6666666666665,2505.833333333333,2360.0,2608.922412060715,-248.92241206071503
2025,7,3,Hoima,Bugahya,Hoima,1.43,31.35,cereals and tubers,Millet,KG,4000.0,4500.0,-500.0,-0.1111111111111111,4366.666666666667,3773.8333333333335,4000.0,3905.1872133005677,94.81278669943231
2025,7,3,Adjumani,Adjumani,Adjumani (refugee settlement),3.34,31.78,vegetables and fruits,Leafy vegetables,KG,1563.0,1840.0,-277.0,-0.1505434782608695,1768.0,1689.0,2128.0,1652.1250156466483,475.8749843533517
2025,7,3,Adjumani,Adjumani,Adjumani (refugee settlement),3.34,31.78,"meat, fish and eggs",Fish (dry),KG,17857.0,26173.0,-8316.0,-0.3177320139074618,21123.666666666668,21567.666666666668,23810.0,18664.02,5145.98
2025,7,3,Kyegegwa,Kyaka,Kyaka II (refugee settlement),0.36,31.09,cereals and tubers,Sorghum,KG,2268.0,2514.0,-246.0,-0.0978520286396181,2427.333333333333,2267.5,2116.0,2220.9055382909587,-104.9055382909587
2025,7,3,Kaabong,Dodoth,Kaabong,3.54,34.12,oil and fats,Oil (vegetable),L,8000.0,8000.0,0.0,0.0,8000.0,8000.0,8000.0,8040.356545876654,-40.35654587665431
2025,7,3,Kamwenge,Kibale,Rwamwanja (refugee settlement),0.31,30.68,cereals and tubers,Maize (white),KG,1231.0,1505.0,-274.0,-0.1820598006644518,1414.3333333333333,1252.0,1373.0,1221.3361164102428,151.66388358975723
2025,7,3,Isingiro,Bukanga,Oruchinga (refugee settlement),-0.94,30.76,vegetables and fruits,Leafy vegetables,KG,1738.0,1803.0,-65.0,-0.036051026067665,1761.3333333333333,1665.5,1738.0,1897.6862456567728,-159.68624565677283
2025,7,3,Koboko,Koboko,Lobule (refugee settlement),3.39,31.03,vegetables and fruits,Leafy vegetables,KG,1620.0,1715.0,-95.0,-0.0553935860058309,1683.3333333333333,1783.5,1454.0,1776.0420219567532,-322.04202195675316
2025,7,3,Masaka,Masaka Municipality,Masaka,-0.35,31.74,cereals and tubers,Maize (white),KG,1400.0,1600.0,-200.0,-0.125,1533.3333333333333,1355.8333333333333,1400.0,1426.8354415678261,-26.835441567826138
2025,7,3,Isingiro,Bukanga,Oruchinga (refugee settlement),-0.94,30.76,cereals and tubers,Maize (white),KG,1471.0,1436.0,35.0,0.0243732590529247,1446.6666666666667,1369.3333333333333,1212.0,1440.4992368578085,-228.49923685780846
2025,7,3,Adjumani,Adjumani,Adjumani (refugee settlement),3.34,31.78,cereals and tubers,Millet flour,KG,4625.0,4000.0,625.0,0.15625,4208.333333333333,4133.833333333333,4938.0,4467.728069709733,470.27193029026694
2025,7,3,Koboko,Koboko,Lobule (refugee settlement),3.39,31.03,miscellaneous food,Salt,KG,1709.0,1687.0,22.0,0.0130409010077059,1698.6666666666667,1711.0,1707.0,1671.4932152718372,35.506784728162756
2025,7,3,Masaka,Masaka Municipality,Masaka,-0.35,31.74,pulses and nuts,Beans,KG,2850.0,3100.0,-250.0,-0.0806451612903225,3066.6666666666665,3810.5,3000.0,3034.1378254037486,-34.13782540374859
2025,7,3,Nakapiripirit,Kadani,Namalu,1.79,34.6,oil and fats,Oil (vegetable),L,7000.0,7000.0,0.0,0.0,7062.666666666667,7234.166666666667,7000.0,7018.848429193794,-18.84842919379389
2025,7,3,Kamwenge,Kibale,Rwamwanja (refugee settlement),0.31,30.68,milk and dairy,Milk (fresh),L,1500.0,1450.0,50.0,0.0344827586206896,1650.0,1501.5,1500.0,1563.803600478205,-63.803600478205
2025,7,3,Kaabong,Dodoth,Karenga,3.57,33.7,pulses and nuts,Beans,KG,4000.0,4071.0,-71.0,-0.0174404323262097,4023.6666666666665,3797.111666666666,4000.0,3991.2163361845364,8.78366381546357
2025,7,3,Isingiro,Bukanga,Oruchinga (refugee settlement),-0.94,30.76,miscellaneous food,Salt,KG,1465.0,1482.0,-17.0,-0.0114709851551956,1449.0,1499.0,1467.0,1472.4415600361133,-5.441560036113287
2025,7,3,Adjumani,Adjumani,Adjumani (refugee settlement),3.34,31.78,cereals and tubers,Maize (white),KG,2050.0,2171.0,-121.0,-0.0557346844771994,2065.6666666666665,1883.5,1415.0,1936.7020397294557,-521.7020397294557
2025,7,3,Nakapiripirit,Pian,Nabilatuk,2.05,34.57,pulses and nuts,Beans,KG,3833.0,4476.0,-643.0,-0.1436550491510277,4273.333333333333,3980.6666666666665,3267.0,3582.1018903634035,-315.1018903634035
2025,7,3,Arua,Terego,Imvepi (refugee settlement),3.23,31.28,cereals and tubers,Maize (white),KG,2446.0,2592.0,-146.0,-0.0563271604938271,2421.6666666666665,2141.1666666666665,1425.0,2373.814955627879,-948.814955627879
2025,7,3,Kiryandongo,Kibanda,Kiryandongo (refugee settlement),1.94,32.21,miscellaneous food,Salt,KG,1431.0,1467.0,-36.0,-0.0245398773006134,1455.0,1475.0,1400.0,1400.877738252781,-0.8777382527810005
2025,7,3,Isingiro,Bukanga,Nakivale (refugee settlement),-0.78,30.96,cereals and tubers,Maize (white),KG,1399.0,1336.0,63.0,0.0471556886227544,1419.0,1291.5,1153.0,1386.6120693726148,-233.61206937261477
2025,7,3,Kamwenge,Kibale,Rwamwanja (refugee settlement),0.31,30.68,vegetables and fruits,Leafy vegetables,KG,1992.0,1570.0,422.0,0.2687898089171974,1400.6666666666667,1968.1666666666667,1992.0,1879.4352765633987,112.5647234366013
2025,7,3,Moyo,Obongi,Palorinya (refugee settlement),3.47,31.63,cereals and tubers,Sorghum,KG,2692.0,2663.0,29.0,0.0108899737138565,2579.333333333333,2016.5,2833.0,2451.4792097292634,381.5207902707366
2025,7,3,Arua,Terego,Rhino Camp (refugee settlement),3.17,31.31,cereals and tubers,Maize (white),KG,2864.0,2288.0,576.0,0.2517482517482518,2423.0,2129.333333333333,1692.0,2644.2746695568258,-952.2746695568258
2025,7,3,Napak,Bokora,Napak,2.22,34.26,pulses and nuts,Beans,KG,4413.0,4571.0,-158.0,-0.0345657405381754,4508.666666666667,4275.166666666667,4000.0,4319.9997679665075,-319.99976796650753
2025,7,3,Kiryandongo,Kibanda,Kiryandongo (refugee settlement),1.94,32.21,vegetables and fruits,Leafy vegetables,KG,3700.0,4111.0,-411.0,-0.0999756750182437,3437.6666666666665,4011.1666666666665,4000.0,3593.5733213252784,406.42667867472164
2025,7,3,Hoima,Buhaguzi,Kyangwali (refugee settlement),1.16,30.75,cereals and tubers,Maize (white),KG,1800.0,1778.0,22.0,0.0123734533183352,1730.6666666666667,1377.0,900.0,1783.5417210641065,-883.5417210641065
2025,7,3,Amudat,Upe,Karita,1.54,34.83,oil and fats,Oil (vegetable),L,7875.0,7800.0,75.0,0.0096153846153846,7771.0,7635.5,7636.0,7785.692212140735,-149.69221214073514
2025,7,3,Kyegegwa,Kyaka,Kyaka II (refugee settlement),0.36,31.09,miscellaneous food,Salt,KG,1566.0,1557.0,9.0,0.0057803468208092,1554.3333333333333,1531.1666666666667,1600.0,1615.9213597903563,-15.921359790356291
2025,7,3,Arua,Terego,Rhino Camp (refugee settlement),3.17,31.31,pulses and nuts,Beans,KG,3273.0,4224.0,-951.0,-0.2251420454545454,4252.333333333333,4444.5,4483.0,3471.9004531464157,1011.0995468535843
2025,7,3,Nakapiripirit,Pian,Nabilatuk,2.05,34.57,cereals and tubers,Maize (white),KG,1706.0,1655.0,51.0,0.0308157099697885,1641.3333333333333,1444.8333333333333,1261.0,1710.0119865739066,-449.0119865739066
2025,7,3,Kotido,Jie,Kotido,3.0,34.11,oil and fats,Oil (vegetable),L,7563.0,7600.0,-37.0,-0.0048684210526315,7587.666666666667,7584.166666666667,7510.0,7586.781085718685,-76.78108571868506
2025,7,3,Mbarara,Mbarara Municipality,Mbarara,-0.61,30.65,cereals and tubers,Millet,KG,3900.0,4750.0,-850.0,-0.1789473684210526,4383.333333333333,3721.6666666666665,4500.0,3789.5193933302803,710.4806066697197
2025,7,3,Kyegegwa,Kyaka,Kyaka II (refugee settlement),0.36,31.09,cereals and tubers,Maize (white),KG,1483.0,1586.0,-103.0,-0.0649432534678436,1567.3333333333333,1407.0,1168.0,1520.2397476324197,-352.2397476324197
2025,7,3,Lira,Lira Municipality,Lira,2.23,32.91,oil and fats,Oil (vegetable),L,7500.0,7500.0,0.0,0.0,7625.0,7517.333333333333,7500.0,7518.397213295605,-18.39721329560507
2025,7,3,Lira,Lira Municipality,Lira,2.23,32.91,cereals and tubers,Millet,KG,3400.0,4625.0,-1225.0,-0.2648648648648649,4175.0,3411.6666666666665,2500.0,3264.1434963679367,-764.1434963679367
2025,7,3,Kyegegwa,Kyaka,Kyaka II (refugee settlement),0.36,31.09,vegetables and fruits,Leafy vegetables,KG,1563.0,1471.0,92.0,0.062542488103331,1615.3333333333333,1679.5,1493.0,1625.0905027444937,-132.09050274449373
2025,7,3,Yumbe,Aringa,Bidibidi (refugee settlement),3.36,31.35,miscellaneous food,Salt,KG,1845.0,1798.0,47.0,0.0261401557285873,1804.0,1808.6666666666667,1843.0,1885.2905701588336,-42.29057015883359
2025,7,3,Mbarara,Mbarara Municipality,Mbarara,-0.61,30.65,oil and fats,Oil (vegetable),L,8000.0,8000.0,0.0,0.0,8166.666666666667,8163.666666666667,8333.0,7993.163286814374,339.83671318562574
2025,7,3,Kween,Kween,Kapchorwa,1.38,34.52,cereals and tubers,Sorghum,KG,2000.0,2000.0,0.0,0.0,1889.0,2285.0,2000.0,2041.397601194025,-41.3976011940249
2025,7,3,Arua,Terego,Imvepi (refugee settlement),3.23,31.28,pulses and nuts,Beans,KG,4674.0,4704.0,-30.0,-0.0063775510204081,4723.666666666667,4573.666666666667,3977.0,4500.86112708749,-523.8611270874899
2025,7,3,Hoima,Buhaguzi,Kyangwali (refugee settlement),1.16,30.75,miscellaneous food,Salt,KG,2000.0,2000.0,0.0,0.0,1962.0,1879.3333333333333,2000.0,1893.2363961320586,106.76360386794136
2025,7,3,Gulu,Gulu Municipality,Gulu,2.77,32.31,cereals and tubers,Millet,KG,5000.0,6000.0,-1000.0,-0.1666666666666666,5666.666666666667,4180.166666666667,4667.0,4484.84525,182.1547499999997
2025,7,3,Kween,Kween,Kapchorwa,1.38,34.52,cereals and tubers,Millet,KG,3500.0,4467.0,-967.0,-0.2164763823595254,3822.3333333333335,2871.5,3500.0,3405.9987546577304,94.00124534226961
2025,7,3,Isingiro,Bukanga,Nakivale (refugee settlement),-0.78,30.96,vegetables and fruits,Leafy vegetables,KG,1581.0,1656.0,-75.0,-0.0452898550724637,1624.0,1729.5,1581.0,1717.3038699412991,-136.30386994129913
2025,7,3,Koboko,Koboko,Lobule (refugee settlement),3.39,31.03,cereals and tubers,Maize (white),KG,1731.0,1666.0,65.0,0.0390156062424969,1799.0,1602.3333333333333,1090.0,1721.2903916601406,-631.2903916601406
2025,7,3,Abim,Labwor,Makaratin,2.71,33.64,oil and fats,Oil (vegetable),L,7563.0,7800.0,-237.0,-0.0303846153846153,7787.666666666667,7783.5,7500.0,7444.58179859049,55.4182014095104
2025,7,3,Jinja,Jinja Municipality,Jinja,0.42,33.2,cereals and tubers,Millet,KG,3900.0,4375.0,-475.0,-0.1085714285714285,4058.3333333333335,3559.1666666666665,3513.0,3828.4257697339945,-315.42576973399446
2025,7,3,Moyo,Obongi,Palorinya (refugee settlement),3.47,31.63,miscellaneous food,Salt,KG,1969.0,1825.0,144.0,0.0789041095890411,1904.6666666666667,1923.0,2000.0,1974.1283042505625,25.87169574943755
2025,7,3,Iganga,Kigulu,Iganga,0.61,33.47,cereals and tubers,Millet,KG,3530.0,2875.0,655.0,0.2278260869565217,3307.333333333333,2928.833333333333,2850.0,3251.5976882237283,-401.59768822372826
2025,7,3,Kiryandongo,Kibanda,Kiryandongo (refugee settlement),1.94,32.21,cereals and tubers,Maize (white),KG,1577.0,1367.0,210.0,0.1536210680321872,1539.6666666666667,1416.6666666666667,1408.0,1705.981495759924,-297.981495759924
2025,7,3,Kaabong,Dodoth,Karenga,3.57,33.7,cereals and tubers,Maize (white),KG,2100.0,1804.0,296.0,0.164079822616408,1737.6666666666667,1528.1666666666667,1708.0,2025.1507546207524,-317.1507546207524
2025,7,3,Iganga,Kigulu,Iganga,0.61,33.47,cereals and tubers,Sorghum,KG,2060.0,2463.0,-403.0,-0.1636215996751928,2218.6666666666665,2047.5,1913.0,1925.1298605060003,-12.129860506000341
2025,7,3,Lamwo,Lamwo,Palabek (refugee settlement),3.34,32.47,miscellaneous food,Salt,KG,2000.0,2000.0,0.0,0.0,2000.0,1995.8333333333333,2002.0,1972.5384032988982,29.461596701101826
2025,7,3,Lamwo,Lamwo,Palabek (refugee settlement),3.34,32.47,cereals and tubers,Sorghum,KG,1567.0,1750.0,-183.0,-0.1045714285714285,1598.3333333333333,1260.6666666666667,1386.0,1666.4232752572418,-280.4232752572418
2025,7,3,Isingiro,Bukanga,Nakivale (refugee settlement),-0.78,30.96,miscellaneous food,Salt,KG,1607.0,1600.0,7.0,0.004375,1602.3333333333333,1610.8333333333333,1613.0,1676.2264126206219,-63.226412620621886
2025,7,3,Adjumani,Adjumani,Adjumani (refugee settlement),3.34,31.78,pulses and nuts,Beans,KG,3083.0,3932.0,-849.0,-0.2159206510681587,3660.6666666666665,3692.1666666666665,2925.0,3026.7059507710574,-101.70595077105736
2025,7,3,Napak,Bokora,Napak,2.22,34.26,cereals and tubers,Maize (white),KG,1810.0,2000.0,-190.0,-0.095,1927.0,1609.8333333333333,1200.0,1778.1180507294498,-578.1180507294498
2025,7,3,Kween,Kween,Kapchorwa,1.38,34.52,cereals and tubers,Cassava flour,KG,1500.0,1500.0,0.0,0.0,1500.0,1486.1666666666667,1500.0,1550.9119275772991,-50.91192757729914
2025,7,3,Kasese,Busongora,Kasese,0.17,30.07,cereals and tubers,Maize (white),KG,1560.0,1725.0,-165.0,-0.0956521739130434,1728.3333333333333,1624.1666666666667,1600.0,1603.1165297807759,-3.1165297807758634
2025,7,3,Amudat,Upe,Karita,1.54,34.83,cereals and tubers,Maize (white),KG,2000.0,1920.0,80.0,0.0416666666666666,1896.3333333333333,1627.8333333333333,1818.0,1874.351453618255,-56.351453618254936
2025,7,3,Nakapiripirit,Pian,Nabilatuk,2.05,34.57,cereals and tubers,Maize flour,KG,2950.0,3029.0,-79.0,-0.0260812149224166,2948.6666666666665,2632.6666666666665,2875.0,2880.412716721619,-5.412716721618835
2025,7,3,Gulu,Gulu Municipality,Gulu,2.77,32.31,pulses and nuts,Beans,KG,4325.0,4860.0,-535.0,-0.1100823045267489,4950.666666666667,4685.166666666667,4033.0,4291.686464083596,-258.68646408359564
2025,7,3,Gulu,Gulu Municipality,Gulu,2.77,32.31,cereals and tubers,Maize flour,KG,3000.0,3200.0,-200.0,-0.0625,3066.6666666666665,2805.1666666666665,3000.0,2855.86743194819,144.1325680518098
2025,7,3,Kotido,Jie,Kotido,3.0,34.11,cereals and tubers,Maize (white),KG,1713.0,1663.0,50.0,0.0300661455201443,1629.6666666666667,1342.6666666666667,1460.0,1770.6936857500311,-310.69368575003114
2025,7,3,Lamwo,Lamwo,Palabek (refugee settlement),3.34,32.47,cereals and tubers,Millet flour,KG,4500.0,3929.0,571.0,0.1453296004072283,4495.0,4276.0,4654.0,4384.903181641628,269.0968183583718
2025,7,3,Napak,Bokora,Napak,2.22,34.26,oil and fats,Oil (vegetable),L,7181.0,7000.0,181.0,0.0258571428571428,7074.333333333333,7203.833333333333,7000.0,7135.16370105358,-135.16370105357964
2025,7,3,Kween,Kween,Kapchorwa,1.38,34.52,cereals and tubers,Maize flour,KG,2800.0,2800.0,0.0,0.0,2800.0,2575.0,2275.0,2921.74198701986,-646.7419870198601
2025,7,3,Napak,Bokora,Napak,2.22,34.26,cereals and tubers,Maize flour,KG,2377.0,2414.0,-37.0,-0.0153272576636288,2419.333333333333,2251.333333333333,2000.0,2166.5057846062073,-166.50578460620727
2025,7,3,Nakapiripirit,Kadani,Namalu,1.79,34.6,cereals and tubers,Sorghum,KG,1450.0,1525.0,-75.0,-0.0491803278688524,1493.6666666666667,1351.0,950.0,1439.9158255039174,-489.9158255039174
2025,7,3,Kiryandongo,Kibanda,Kiryandongo (refugee settlement),1.94,32.21,cereals and tubers,Cassava (fresh),KG,661.0,1067.0,-406.0,-0.380506091846298,763.3333333333334,788.8333333333334,556.0,700.5301378750769,-144.5301378750769
2025,7,3,Jinja,Jinja Municipality,Jinja,0.42,33.2,cereals and tubers,Maize flour,KG,2410.0,2280.0,130.0,0.0570175438596491,2396.6666666666665,2251.1666666666665,2350.0,2376.9697601478942,-26.96976014789425
2025,7,3,Kaabong,Dodoth,Karenga,3.57,33.7,oil and fats,Oil (vegetable),L,8000.0,8000.0,0.0,0.0,8000.0,7780.333333333333,8000.0,7983.278687493459,16.721312506540926
2025,7,3,Kaabong,Dodoth,Kaabong,3.54,34.12,cereals and tubers,Maize (white),KG,1765.0,1925.0,-160.0,-0.0831168831168831,1907.0,1733.75,1706.0,1727.4250347990946,-21.425034799094647
2025,7,3,Kyegegwa,Kyaka,Kyaka II (refugee settlement),0.36,31.09,milk and dairy,Milk (fresh),L,1886.0,1760.0,126.0,0.0715909090909091,1882.0,1651.3333333333333,1655.0,1813.4252538529179,-158.42525385291788
2025,7,3,Kaabong,Dodoth,Karenga,3.57,33.7,cereals and tubers,Cassava flour,KG,1600.0,1536.0,64.0,0.0416666666666666,1545.3333333333333,1651.5,1500.0,1701.9641216295654,-201.9641216295654
2025,7,3,Napak,Bokora,Napak,2.22,34.26,cereals and tubers,Cassava flour,KG,1563.0,971.0,592.0,0.6096807415036045,1292.0,1766.8333333333333,800.0,1556.9270524995823,-756.9270524995823
2025,7,3,Koboko,Koboko,Lobule (refugee settlement),3.39,31.03,milk and dairy,Milk (fresh),L,1889.0,1667.0,222.0,0.1331733653269346,1852.0,1648.1666666666667,1889.0,1776.2329745526379,112.76702544736213
2025,7,3,Moyo,Obongi,Palorinya (refugee settlement),3.47,31.63,pulses and nuts,Beans,KG,3962.0,4725.0,-763.0,-0.1614814814814814,4334.666666666667,4060.0,3694.0,4189.189975527061,-495.1899755270606
2025,7,3,Hoima,Bugahya,Hoima,1.43,31.35,cereals and tubers,Sorghum,KG,3100.0,3500.0,-400.0,-0.1142857142857142,3333.333333333333,3173.833333333333,3250.0,3003.970393755358,246.02960624464185
2025,7,3,Masaka,Masaka Municipality,Masaka,-0.35,31.74,cereals and tubers,Cassava flour,KG,1400.0,1400.0,0.0,0.0,1383.3333333333333,1518.8333333333333,1400.0,1407.9998724578782,-7.999872457878155
2025,7,3,Kasese,Busongora,Kasese,0.17,30.07,oil and fats,Oil (vegetable),L,7800.0,7000.0,800.0,0.1142857142857142,7266.666666666667,7404.333333333333,7750.0,7685.352273199024,64.64772680097576
2025,7,3,Yumbe,Aringa,Bidibidi (refugee settlement),3.36,31.35,vegetables and fruits,Leafy vegetables,KG,1496.0,1704.0,-208.0,-0.1220657276995305,1598.3333333333333,1760.3333333333333,1343.0,1644.4348819169072,-301.4348819169072
2025,7,3,Koboko,Koboko,Lobule (refugee settlement),3.39,31.03,cereals and tubers,Cassava (fresh),KG,453.0,477.0,-24.0,-0.050314465408805,455.3333333333333,477.6666666666667,398.0,630.9454576947247,-232.94545769472472
2025,7,3,Kasese,Busongora,Kasese,0.17,30.07,cereals and tubers,Cassava flour,KG,1080.0,1750.0,-670.0,-0.3828571428571428,1276.6666666666667,1048.3333333333333,1025.0,1246.1989738604832,-221.1989738604832
2025,7,3,Isingiro,Bukanga,Nakivale (refugee settlement),-0.78,30.96,milk and dairy,Milk (fresh),L,1810.0,1630.0,180.0,0.1104294478527607,1813.3333333333333,1705.0,1810.0,1738.7293340444478,71.2706659555522
2025,7,3,Yumbe,Aringa,Bidibidi (refugee settlement),3.36,31.35,pulses and nuts,Beans,KG,4451.0,4434.0,17.0,0.0038340099233198,4513.0,4480.5,4564.0,4411.445380430533,152.55461956946692
2025,7,3,Moyo,Obongi,Palorinya (refugee settlement),3.47,31.63,cereals and tubers,Millet flour,KG,6000.0,6000.0,0.0,0.0,6083.333333333333,5867.166666666667,6000.0,6018.98705882353,-18.98705882352988
2025,7,3,Nakapiripirit,Pian,Nabilatuk,2.05,34.57,oil and fats,Oil (vegetable),L,8500.0,8333.0,167.0,0.0200408016320652,8185.0,7842.5,7500.0,8152.359416005289,-652.359416005289
2025,7,3,Masaka,Masaka Municipality,Masaka,-0.35,31.74,oil and fats,Oil (vegetable),L,7375.0,7500.0,-125.0,-0.0166666666666666,7375.0,7852.833333333333,7167.0,7219.022634503747,-52.02263450374721
2025,7,3,Isingiro,Bukanga,Nakivale (refugee settlement),-0.78,30.96,cereals and tubers,Sorghum,KG,1763.0,1689.0,74.0,0.0438129070455891,1817.3333333333333,1665.1666666666667,1577.0,1726.1253581310434,-149.1253581310434
2025,7,3,Soroti,Soroti Municipality,Soroti,1.71,33.62,cereals and tubers,Maize flour,KG,2440.0,2200.0,240.0,0.109090909090909,2263.333333333333,2111.6666666666665,2225.0,2618.268653937511,-393.26865393751086
2025,7,3,Gulu,Gulu Municipality,Gulu,2.77,32.31,cereals and tubers,Maize (white),KG,1800.0,2000.0,-200.0,-0.1,1933.3333333333333,1636.0,1333.0,1790.428254390916,-457.428254390916
2025,7,3,Nakapiripirit,Kadani,Namalu,1.79,34.6,cereals and tubers,Maize flour,KG,2933.0,2850.0,83.0,0.0291228070175438,2777.6666666666665,2473.6666666666665,2467.0,2955.408124267665,-488.4081242676648
2025,7,3,Arua,Terego,Imvepi (refugee settlement),3.23,31.28,oil and fats,Oil (vegetable),L,7763.0,7708.0,55.0,0.0071354436948624,7868.0,7818.833333333333,7733.0,7699.5363588605915,33.46364113940854
2025,7,3,Amudat,Upe,Karita,1.54,34.83,cereals and tubers,Maize flour,KG,2625.0,2540.0,85.0,0.0334645669291338,2557.0,2395.1666666666665,2800.0,2623.6313149860534,176.36868501394656
2025,7,3,Hoima,Bugahya,Hoima,1.43,31.35,pulses and nuts,Beans,KG,4000.0,5000.0,-1000.0,-0.2,4666.666666666667,4341.666666666667,4000.0,3945.5038583370333,54.49614166296669
2025,7,3,Adjumani,Adjumani,Adjumani (refugee settlement),3.34,31.78,milk and dairy,Milk (fresh),L,2000.0,2000.0,0.0,0.0,2000.0,1873.0,2000.0,1960.0754472628482,39.92455273715177
2025,7,3,Isingiro,Bukanga,Oruchinga (refugee settlement),-0.94,30.76,cereals and tubers,Cassava (fresh),KG,560.0,563.0,-3.0,-0.0053285968028419,544.6666666666666,563.6666666666666,483.0,819.6282678703599,-336.6282678703599
2025,7,3,Hoima,Bugahya,Hoima,1.43,31.35,oil and fats,Oil (vegetable),L,10000.0,10000.0,0.0,0.0,9866.666666666666,8950.166666666666,10000.0,9110.20202892976,889.7979710702402
2025,7,3,Kaabong,Dodoth,Kaabong,3.54,34.12,cereals and tubers,Maize flour,KG,2900.0,2800.0,100.0,0.0357142857142857,2808.333333333333,2654.1666666666665,2713.0,2892.5320528393977,-179.5320528393977
2025,7,3,Adjumani,Adjumani,Adjumani (refugee settlement),3.34,31.78,oil and fats,Oil (vegetable),L,7944.0,7932.0,12.0,0.0015128593040847,7919.0,7922.333333333333,7925.0,7832.706306572301,92.2936934276986
2025,7,3,Lira,Lira Municipality,Lira,2.23,32.91,cereals and tubers,Maize (white),KG,1280.0,1388.0,-108.0,-0.0778097982708933,1381.0,1218.3333333333333,933.0,1320.1150570885884,-387.1150570885884
2025,7,3,Masaka,Masaka Municipality,Masaka,-0.35,31.74,cereals and tubers,Maize flour,KG,2900.0,3000.0,-100.0,-0.0333333333333333,2866.6666666666665,2607.833333333333,3000.0,2820.8380138322436,179.16198616775637
2025,7,3,Kyegegwa,Kyaka,Kyaka II (refugee settlement),0.36,31.09,cereals and tubers,Millet flour,KG,4142.0,4068.0,74.0,0.0181907571288102,4139.666666666667,4089.5,4100.0,4146.622898524328,-46.622898524327866
2025,7,3,Kotido,Jie,Kotido,3.0,34.11,cereals and tubers,Maize flour,KG,2588.0,2600.0,-12.0,-0.0046153846153846,2587.6666666666665,2425.5,2500.0,2587.5550373705205,-87.5550373705205
2025,7,3,Mbarara,Mbarara Municipality,Mbarara,-0.61,30.65,cereals and tubers,Maize (white),KG,2500.0,2500.0,0.0,0.0,2541.6666666666665,2036.0,2500.0,2480.1622158005803,19.83778419941973
2025,7,3,Arua,Terego,Rhino Camp (refugee settlement),3.17,31.31,cereals and tubers,Millet flour,KG,4682.0,4706.0,-24.0,-0.0050998725031874,4490.333333333333,4234.5,5000.0,4473.255846748665,526.7441532513349
2025,7,3,Soroti,Soroti Municipality,Soroti,1.71,33.62,cereals and tubers,Sorghum,KG,1443.0,1400.0,43.0,0.0307142857142857,1403.3333333333333,1296.1666666666667,1017.0,1396.5124879721657,-379.5124879721657
2025,7,3,Abim,Labwor,Makaratin,2.71,33.64,cereals and tubers,Maize flour,KG,2750.0,2730.0,20.0,0.0073260073260073,2635.0,2424.333333333333,2200.0,2512.2364656014106,-312.2364656014106
2025,7,3,Mbarara,Mbarara Municipality,Mbarara,-0.61,30.65,cereals and tubers,Maize flour,KG,3260.0,3375.0,-115.0,-0.034074074074074,3170.0,2860.1666666666665,3000.0,3148.4973196165415,-148.49731961654152
2025,7,3,Kabarole,Fort Portal Municipality,Fort Portal,0.66,30.28,pulses and nuts,Beans,KG,4000.0,4875.0,-875.0,-0.1794871794871795,4958.333333333333,4922.333333333333,4250.0,4353.8916403508765,-103.89164035087651
2025,7,3,Isingiro,Bukanga,Oruchinga (refugee settlement),-0.94,30.76,cereals and tubers,Sorghum,KG,2902.0,2526.0,376.0,0.1488519398258115,3226.0,2334.5,2595.0,2725.484230367309,-130.484230367309
2025,7,3,Lira,Lira Municipality,Lira,2.23,32.91,cereals and tubers,Maize flour,KG,2400.0,2600.0,-200.0,-0.0769230769230769,2666.6666666666665,2367.333333333333,2033.0,2302.002051236408,-269.0020512364081
2025,7,3,Kamwenge,Kibale,Rwamwanja (refugee settlement),0.31,30.68,cereals and tubers,Cassava (fresh),KG,800.0,345.0,455.0,1.318840579710145,520.0,555.1666666666666,571.0,647.5668660971091,-76.56686609710914
2025,7,3,Abim,Labwor,Makaratin,2.71,33.64,cereals and tubers,Maize (white),KG,2338.0,1620.0,718.0,0.4432098765432098,1744.3333333333333,1447.1666666666667,1950.0,2268.665321552906,-318.6653215529059
2025,7,3,Nakapiripirit,Kadani,Namalu,1.79,34.6,cereals and tubers,Maize (white),KG,1567.0,1638.0,-71.0,-0.0433455433455433,1608.0,1452.6666666666667,1083.0,1573.3842789001158,-490.38427890011576
2025,7,3,Kotido,Jie,Kotido,3.0,34.11,pulses and nuts,Beans,KG,3525.0,4188.0,-663.0,-0.1583094555873925,3904.3333333333335,3702.1666666666665,3000.0,3487.1012540188653,-487.10125401886535
2025,7,3,Masindi,Buruli M,Masindi,1.69,31.71,cereals and tubers,Maize (white),KG,1600.0,1650.0,-50.0,-0.0303030303030303,1616.6666666666667,1481.5,1150.0,1930.1484320374439,-780.1484320374439
2025,7,3,Kyegegwa,Kyaka,Kyaka II (refugee settlement),0.36,31.09,cereals and tubers,Cassava (fresh),KG,296.0,289.0,7.0,0.0242214532871972,334.3333333333333,348.8333333333333,334.0,405.4562000000001,-71.45620000000008
2025,7,3,Yumbe,Aringa,Bidibidi (refugee settlement),3.36,31.35,"meat, fish and eggs",Fish (dry),KG,21861.0,24088.0,-2227.0,-0.0924526735303885,22342.33333333333,23868.83333333333,15402.0,21500.47,-6098.470000000001
2025,7,3,Kotido,Jie,Kotido,3.0,34.11,cereals and tubers,Sorghum,KG,1738.0,1725.0,13.0,0.0075362318840579,1527.6666666666667,1263.8333333333333,1620.0,1755.249075774149,-135.2490757741491
2025,7,3,Mbarara,Mbarara Municipality,Mbarara,-0.61,30.65,cereals and tubers,Cassava flour,KG,2000.0,2000.0,0.0,0.0,2000.0,2126.1666666666665,2000.0,1976.7095082384892,23.290491761510793
2025,7,3,Koboko,Koboko,Lobule (refugee settlement),3.39,31.03,pulses and nuts,Beans,KG,4330.0,4273.0,57.0,0.0133395740697402,4284.333333333333,4297.5,4440.0,4300.017810849104,139.98218915089637
2025,7,3,Lamwo,Lamwo,Palabek (refugee settlement),3.34,32.47,pulses and nuts,Beans,KG,3500.0,4050.0,-550.0,-0.1358024691358024,3942.6666666666665,3848.1666666666665,3589.0,3412.872548686125,176.1274513138751
2025,7,3,Lira,Lira Municipality,Lira,2.23,32.91,cereals and tubers,Cassava flour,KG,3100.0,2875.0,225.0,0.0782608695652174,2908.333333333333,2524.6666666666665,2667.0,2776.120569607509,-109.12056960750897
2025,7,3,Jinja,Jinja Municipality,Jinja,0.42,33.2,pulses and nuts,Beans,KG,4200.0,4563.0,-363.0,-0.0795529257067718,4287.666666666667,4694.0,4000.0,4332.870357846687,-332.8703578466866
2025,7,3,Nakapiripirit,Kadani,Namalu,1.79,34.6,cereals and tubers,Cassava flour,KG,2133.0,2100.0,33.0,0.0157142857142857,2044.3333333333333,1855.5,2000.0,2067.8920684964337,-67.8920684964337
2025,7,3,Kyegegwa,Kyaka,Kyaka II (refugee settlement),0.36,31.09,pulses and nuts,Beans,KG,2411.0,2905.0,-494.0,-0.170051635111876,3055.0,3038.5,2490.0,2531.357746689187,-41.357746689187024
2025,7,3,Lamwo,Lamwo,Palabek (refugee settlement),3.34,32.47,"meat, fish and eggs",Fish (dry),KG,17857.0,13889.0,3968.0,0.2856937144502844,17828.333333333332,30527.666666666668,12581.0,22600.64,-10019.64
2025,7,3,Moroto,Moroto Municipality,Moroto,2.53,34.65,oil and fats,Oil (vegetable),L,7250.0,7292.0,-42.0,-0.0057597366977509,7302.0,7344.333333333333,7167.0,7158.751167324398,8.248832675601989
2025,7,3,Busia,Samia-bugwe,Busia,0.47,34.09,cereals and tubers,Maize (white),KG,1270.0,1531.0,-261.0,-0.170476812540823,1427.0,1337.8333333333333,1038.0,1293.9401501537122,-255.94015015371224
2025,7,3,Moyo,Obongi,Palorinya (refugee settlement),3.47,31.63,"meat, fish and eggs",Fish (dry),KG,17262.0,19167.0,-1905.0,-0.0993895758334637,18584.0,17050.5,12500.0,17639.112105263157,-5139.112105263157
2025,7,3,Arua,Arua Municipality,Arua,3.02,30.91,cereals and tubers,Cassava flour,KG,1000.0,1000.0,0.0,0.0,1000.0,1137.5,1000.0,1110.5512065682933,-110.55120656829331
2025,7,3,Kiryandongo,Kibanda,Kiryandongo (refugee settlement),1.94,32.21,cereals and tubers,Sorghum,KG,2208.0,2263.0,-55.0,-0.0243040212107821,2263.0,2267.333333333333,2125.0,2220.8440194288546,-95.84401942885461
2025,7,3,Arua,Arua Municipality,Arua,3.02,30.91,oil and fats,Oil (vegetable),L,7000.0,6750.0,250.0,0.037037037037037,6916.666666666667,7028.666666666667,6500.0,7052.142255760197,-552.1422557601973
2025,7,3,Yumbe,Aringa,Bidibidi (refugee settlement),3.36,31.35,cereals and tubers,Millet flour,KG,4588.0,4381.0,207.0,0.0472494864186258,4694.666666666667,4385.666666666667,4745.0,4529.641791919941,215.35820808005883
2025,7,3,Iganga,Kigulu,Iganga,0.61,33.47,oil and fats,Oil (vegetable),L,7420.0,7513.0,-93.0,-0.0123785438573139,7483.333333333333,7845.333333333333,7438.0,7317.019510686025,120.98048931397534
2025,7,3,Moyo,Obongi,Palorinya (refugee settlement),3.47,31.63,cereals and tubers,Cassava (fresh),KG,631.0,683.0,-52.0,-0.0761346998535871,612.3333333333334,529.0,694.0,673.3920506840263,20.607949315973656
2025,7,3,Soroti,Soroti Municipality,Soroti,1.71,33.62,cereals and tubers,Cassava flour,KG,953.0,983.0,-30.0,-0.0305188199389623,978.6666666666666,989.3333333333334,1167.0,995.2505949417906,171.7494050582094
2025,7,3,Moroto,Moroto Municipality,Moroto,2.53,34.65,cereals and tubers,Cassava flour,KG,2327.0,2091.0,236.0,0.1128646580583453,2151.333333333333,2104.833333333333,2140.0,2308.88464877121,-168.88464877120987
2025,7,3,Kyegegwa,Kyaka,Kyaka II (refugee settlement),0.36,31.09,"meat, fish and eggs",Fish (dry),KG,33333.0,35398.0,-2065.0,-0.0583366291880897,32570.33333333333,32030.666666666668,29091.0,29467.53,-376.52999999999884
2025,7,3,Kotido,Jie,Kotido,3.0,34.11,cereals and tubers,Cassava flour,KG,2000.0,2000.0,0.0,0.0,2000.0,1800.0,1850.0,1904.5849114184925,-54.58491141849254
2025,7,3,Kaabong,Dodoth,Karenga,3.57,33.7,cereals and tubers,Maize flour,KG,3340.0,3243.0,97.0,0.0299105766265803,3166.6666666666665,2741.0,3300.0,3201.4826153819404,98.51738461805962
2025,7,3,Busia,Samia-bugwe,Busia,0.47,34.09,cereals and tubers,Cassava flour,KG,1000.0,950.0,50.0,0.0526315789473684,941.6666666666666,911.6666666666666,1013.0,1019.4103134565635,-6.410313456563472
2025,7,3,Kaabong,Dodoth,Kaabong,3.54,34.12,cereals and tubers,Sorghum,KG,2495.0,1688.0,807.0,0.4780805687203791,1965.3333333333333,1607.75,2300.0,2433.0619791817044,-133.06197918170437
2025,7,3,Lamwo,Lamwo,Palabek (refugee settlement),3.34,32.47,cereals and tubers,Cassava (fresh),KG,645.0,607.0,38.0,0.0626029654036243,559.6666666666666,635.5,454.0,664.6112196959117,-210.6112196959117
2025,7,3,Moroto,Moroto Municipality,Moroto,2.53,34.65,cereals and tubers,Maize (white),KG,1792.0,1758.0,34.0,0.0193401592718998,1741.0,1532.3333333333333,1767.0,1729.913491402528,37.08650859747195
2025,7,3,Abim,Labwor,Makaratin,2.71,33.64,cereals and tubers,Cassava flour,KG,900.0,920.0,-20.0,-0.0217391304347826,940.0,970.0,825.0,936.4288124290665,-111.42881242906651
2025,7,3,Kiryandongo,Kibanda,Kiryandongo (refugee settlement),1.94,32.21,pulses and nuts,Beans,KG,3777.0,3800.0,-23.0,-0.0060526315789473,3842.3333333333335,3849.6666666666665,3458.0,4127.036227838169,-669.036227838169
2025,7,3,Masindi,Buruli M,Masindi,1.69,31.71,cereals and tubers,Cassava flour,KG,2250.0,2250.0,0.0,0.0,2291.6666666666665,1945.8333333333333,2188.0,2568.9662776833225,-380.96627768332246
2025,8,3,Arua,Terego,Imvepi (refugee settlement),3.23,31.28,cereals and tubers,Millet flour,KG,4650.0,4646.0,4.0,0.0008609556607834,4598.666666666667,4111.166666666667,5083.0,4452.127316409899,630.8726835901007
2025,8,3,Kaabong,Dodoth,Kaabong,3.54,34.12,oil and fats,Oil (vegetable),L,8000.0,8000.0,0.0,0.0,8000.0,8000.0,7975.0,8044.356545876654,-69.35654587665431
2025,8,3,Moroto,Moroto Municipality,Moroto,2.53,34.65,oil and fats,Oil (vegetable),L,7167.0,7250.0,-83.0,-0.0114482758620689,7236.333333333333,7345.5,7167.0,7162.73774320891,4.262256791090294
2025,8,3,Arua,Terego,Rhino Camp (refugee settlement),3.17,31.31,cereals and tubers,Millet flour,KG,5000.0,4682.0,318.0,0.0679196924391285,4796.0,4311.333333333333,4821.0,4815.977861554001,5.02213844599919
2025,8,3,Adjumani,Adjumani,Adjumani (refugee settlement),3.34,31.78,cereals and tubers,Maize flour,KG,2585.0,2833.0,-248.0,-0.0875397105541828,2721.0,2636.6666666666665,1857.0,2424.882697802112,-567.882697802112
2025,8,3,Soroti,Soroti Municipality,Soroti,1.71,33.62,oil and fats,Oil (vegetable),L,8500.0,8533.0,-33.0,-0.0038673385679128,8344.333333333334,8190.166666666667,8333.0,8215.7491765873,117.2508234126999
2025,8,3,Isingiro,Bukanga,Nakivale (refugee settlement),-0.78,30.96,cereals and tubers,Sorghum,KG,1577.0,1763.0,-186.0,-0.1055019852524106,1676.3333333333333,1682.8333333333333,1839.0,1742.380731204054,96.61926879594603
2025,8,3,Amudat,Upe,Karita,1.54,34.83,oil and fats,Oil (vegetable),L,7636.0,7875.0,-239.0,-0.0303492063492063,7770.333333333333,7658.166666666667,7125.0,7388.795132012996,-263.79513201299596
2025,8,3,Yumbe,Aringa,Bidibidi (refugee settlement),3.36,31.35,oil and fats,Oil (vegetable),L,6875.0,7337.0,-462.0,-0.0629685157421289,7181.0,7256.0,7066.0,7020.855875310531,45.14412468946921
2025,8,3,Moyo,Obongi,Palorinya (refugee settlement),3.47,31.63,cereals and tubers,Sorghum,KG,2833.0,2692.0,141.0,0.0523774145616641,2729.333333333333,2287.5,1500.0,2897.659976045109,-1397.659976045109
2025,8,3,Iganga,Kigulu,Iganga,0.61,33.47,oil and fats,Oil (vegetable),L,7438.0,7420.0,18.0,0.0024258760107816,7457.0,7668.333333333333,7450.0,7432.196853594767,17.803146405232837
2025,8,3,Masindi,Buruli M,Masindi,1.69,31.71,oil and fats,Oil (vegetable),L,8000.0,8000.0,0.0,0.0,8000.0,7862.5,7889.0,8077.008715913432,-188.00871591343184
2025,8,3,Hoima,Bugahya,Hoima,1.43,31.35,oil and fats,Oil (vegetable),L,10000.0,10000.0,0.0,0.0,10000.0,9450.166666666666,10000.0,9178.560234946812,821.4397650531882
2025,8,3,Jinja,Jinja Municipality,Jinja,0.42,33.2,oil and fats,Oil (vegetable),L,7500.0,7200.0,300.0,0.0416666666666666,7400.0,7542.0,7500.0,7516.937148257752,-16.937148257751687
2025,8,3,Moyo,Obongi,Palorinya (refugee settlement),3.47,31.63,oil and fats,Oil (vegetable),L,7122.0,7462.0,-340.0,-0.0455641919056553,7389.0,7643.5,6500.0,7315.0962991047245,-815.0962991047245
2025,8,3,Mbarara,Mbarara Municipality,Mbarara,-0.61,30.65,pulses and nuts,Beans,KG,3833.0,3500.0,333.0,0.0951428571428571,3777.6666666666665,4459.833333333333,4000.0,4159.433017791898,-159.43301779189824
2025,8,3,Kabarole,Fort Portal Municipality,Fort Portal,0.66,30.28,oil and fats,Oil (vegetable),L,8000.0,8000.0,0.0,0.0,8000.0,7769.166666666667,8000.0,7931.568594723632,68.43140527636842
2025,8,3,Nakapiripirit,Kadani,Namalu,1.79,34.6,oil and fats,Oil (vegetable),L,7000.0,7000.0,0.0,0.0,7000.0,7184.166666666667,7000.0,7021.424085968529,-21.424085968528743
2025,8,3,Kabarole,Fort Portal Municipality,Fort Portal,0.66,30.28,cereals and tubers,Sorghum,KG,4000.0,4000.0,0.0,0.0,4000.0,3840.5,4000.0,3765.2809066715436,234.71909332845644
2025,8,3,Adjumani,Adjumani,Adjumani (refugee settlement),3.34,31.78,cereals and tubers,Millet flour,KG,4938.0,4625.0,313.0,0.0676756756756756,4521.0,4282.166666666667,4917.0,4776.709372795014,140.29062720498587
2025,8,3,Masaka,Masaka Municipality,Masaka,-0.35,31.74,cereals and tubers,Maize flour,KG,3000.0,2900.0,100.0,0.0344827586206896,2966.6666666666665,2724.0,3000.0,3042.8118638465153,-42.81186384651528
2025,8,3,Isingiro,Bukanga,Oruchinga (refugee settlement),-0.94,30.76,cereals and tubers,Sorghum,KG,2595.0,2902.0,-307.0,-0.10578911095796,2674.333333333333,2600.333333333333,2000.0,2459.1520199583288,-459.15201995832876
2025,8,3,Kamwenge,Kibale,Rwamwanja (refugee settlement),0.31,30.68,milk and dairy,Milk (fresh),L,1500.0,1500.0,0.0,0.0,1483.3333333333333,1530.0,1500.0,1472.7405509802277,27.25944901977232
2025,8,3,Arua,Arua Municipality,Arua,3.02,30.91,oil and fats,Oil (vegetable),L,6500.0,7000.0,-500.0,-0.0714285714285714,6750.0,6945.333333333333,7000.0,6631.374151584526,368.62584841547414
2025,8,3,Kotido,Jie,Kotido,3.0,34.11,oil and fats,Oil (vegetable),L,7510.0,7563.0,-53.0,-0.0070078011371149,7557.666666666667,7565.0,7500.0,7636.926808591336,-136.92680859133634
2025,8,3,Jinja,Jinja Municipality,Jinja,0.42,33.2,pulses and nuts,Beans,KG,4000.0,4200.0,-200.0,-0.0476190476190476,4254.333333333333,4527.333333333333,4000.0,4105.174055066954,-105.17405506695377
2025,8,3,Kyegegwa,Kyaka,Kyaka II (refugee settlement),0.36,31.09,milk and dairy,Milk (fresh),L,1655.0,1886.0,-231.0,-0.1224814422057264,1767.0,1682.6666666666667,2000.0,1695.5838770979512,304.41612290204876
2025,8,3,Kyegegwa,Kyaka,Kyaka II (refugee settlement),0.36,31.09,cereals and tubers,Sorghum,KG,2116.0,2268.0,-152.0,-0.0670194003527336,2299.333333333333,2286.833333333333,1941.0,2068.2197708264225,-127.21977082642252
2025,8,3,Kaabong,Dodoth,Karenga,3.57,33.7,cereals and tubers,Maize flour,KG,3300.0,3340.0,-40.0,-0.0119760479041916,3294.333333333333,2957.6666666666665,3107.0,3238.180477401462,-131.1804774014622
2025,8,3,Lira,Lira Municipality,Lira,2.23,32.91,pulses and nuts,Beans,KG,3100.0,3760.0,-660.0,-0.175531914893617,3686.6666666666665,3933.0,3300.0,3138.143590890827,161.856409109173
2025,8,3,Gulu,Gulu Municipality,Gulu,2.77,32.31,oil and fats,Oil (vegetable),L,8000.0,7125.0,875.0,0.1228070175438596,7375.0,7313.666666666667,7900.0,7651.637042457544,248.36295754245566
2025,8,3,Kasese,Busongora,Kasese,0.17,30.07,oil and fats,Oil (vegetable),L,7750.0,7800.0,-50.0,-0.0064102564102564,7516.666666666667,7423.833333333333,7500.0,7637.6098981773575,-137.60989817735754
2025,8,3,Arua,Terego,Imvepi (refugee settlement),3.23,31.28,cereals and tubers,Maize flour,KG,2833.0,3304.0,-471.0,-0.1425544794188862,3115.0,2814.0,2679.0,2834.574164661028,-155.57416466102814
2025,8,3,Hoima,Bugahya,Hoima,1.43,31.35,cereals and tubers,Sorghum,KG,3250.0,3100.0,150.0,0.0483870967741935,3283.333333333333,3215.5,3500.0,3548.0798657365194,-48.07986573651942
2025,8,3,Iganga,Kigulu,Iganga,0.61,33.47,pulses and nuts,Beans,KG,3600.0,3970.0,-370.0,-0.0931989924433249,4036.0,4027.6666666666665,3613.0,3719.365887529653,-106.36588752965281
2025,8,3,Isingiro,Bukanga,Oruchinga (refugee settlement),-0.94,30.76,milk and dairy,Milk (fresh),L,1898.0,1898.0,0.0,0.0,1830.0,1762.1666666666667,1800.0,1905.898429247561,-105.8984292475609
2025,8,3,Yumbe,Aringa,Bidibidi (refugee settlement),3.36,31.35,cereals and tubers,Sorghum,KG,1194.0,1350.0,-156.0,-0.1155555555555555,1276.3333333333333,1280.5,2037.0,1276.1711687564282,760.8288312435718
2025,8,3,Isingiro,Bukanga,Nakivale (refugee settlement),-0.78,30.96,milk and dairy,Milk (fresh),L,1810.0,1810.0,0.0,0.0,1750.0,1690.0,1933.0,1747.053052569646,185.94694743035393
2025,8,3,Kiryandongo,Kibanda,Kiryandongo (refugee settlement),1.94,32.21,milk and dairy,Milk (fresh),L,2000.0,1800.0,200.0,0.1111111111111111,1889.0,1862.5,2000.0,1934.5121002941978,65.48789970580219
2025,8,3,Arua,Terego,Rhino Camp (refugee settlement),3.17,31.31,cereals and tubers,Maize flour,KG,2233.0,3000.0,-767.0,-0.2556666666666666,2720.6666666666665,2781.333333333333,3000.0,2393.6615616787863,606.3384383212137
2025,8,3,Koboko,Koboko,Lobule (refugee settlement),3.39,31.03,cereals and tubers,Sorghum,KG,1271.0,1437.0,-166.0,-0.115518441196938,1361.6666666666667,1369.1666666666667,2818.0,1358.3882233292634,1459.6117766707366
2025,8,3,Hoima,Buhaguzi,Kyangwali (refugee settlement),1.16,30.75,milk and dairy,Milk (fresh),L,2000.0,3200.0,-1200.0,-0.375,2400.0,2040.5,1820.0,1927.763659664774,-107.76365966477397
2025,8,3,Hoima,Buhaguzi,Kyangwali (refugee settlement),1.16,30.75,cereals and tubers,Maize flour,KG,2000.0,4000.0,-2000.0,-0.5,3148.0,2785.0,3085.0,2420.0450836168416,664.9549163831584
2025,8,3,Hoima,Buhaguzi,Kyangwali (refugee settlement),1.16,30.75,cereals and tubers,Millet flour,KG,4000.0,5500.0,-1500.0,-0.2727272727272727,4870.333333333333,4517.833333333333,4266.0,4100.546632515025,165.4533674849754
2025,8,3,Gulu,Gulu Municipality,Gulu,2.77,32.31,pulses and nuts,Beans,KG,4033.0,4325.0,-292.0,-0.067514450867052,4406.0,4725.666666666667,4500.0,4145.268546557114,354.73145344288605
2025,8,3,Lamwo,Lamwo,Palabek (refugee settlement),3.34,32.47,cereals and tubers,Sorghum,KG,1386.0,1567.0,-181.0,-0.1155073388640714,1567.6666666666667,1358.3333333333333,1632.0,1610.5438916239418,21.456108376058182
2025,8,3,Nakapiripirit,Pian,Nabilatuk,2.05,34.57,cereals and tubers,Maize flour,KG,2875.0,2950.0,-75.0,-0.0254237288135593,2951.333333333333,2778.5,2650.0,2731.888502323277,-81.88850232327695
2025,8,3,Abim,Labwor,Makaratin,2.71,33.64,oil and fats,Oil (vegetable),L,7500.0,7563.0,-63.0,-0.0083300277667592,7621.0,7758.5,7650.0,7532.3288601447875,117.67113985521246
2025,8,3,Kasese,Busongora,Kasese,0.17,30.07,cereals and tubers,Sorghum,KG,3650.0,3820.0,-170.0,-0.0445026178010471,3731.6666666666665,3505.1666666666665,3200.0,3660.0678499998344,-460.0678499998344
2025,8,3,Lira,Lira Municipality,Lira,2.23,32.91,oil and fats,Oil (vegetable),L,7500.0,7500.0,0.0,0.0,7500.0,7562.5,7400.0,7507.846975694125,-107.84697569412492
2025,8,3,Lamwo,Lamwo,Palabek (refugee settlement),3.34,32.47,milk and dairy,Milk (fresh),L,2000.0,2000.0,0.0,0.0,2000.0,1864.6666666666667,2000.0,1961.6865313219535,38.31346867804655
2025,8,3,Busia,Samia-bugwe,Busia,0.47,34.09,oil and fats,Oil (vegetable),L,7375.0,7400.0,-25.0,-0.0033783783783783,7383.333333333333,7363.0,7500.0,7327.064483935727,172.93551606427263
2025,8,3,Mbarara,Mbarara Municipality,Mbarara,-0.61,30.65,oil and fats,Oil (vegetable),L,8333.0,8000.0,333.0,0.041625,8111.0,8219.166666666666,8500.0,8414.455200621065,85.54479937893484
2025,8,3,Hoima,Buhaguzi,Kyangwali (refugee settlement),1.16,30.75,cereals and tubers,Sorghum,KG,2500.0,3000.0,-500.0,-0.1666666666666666,3203.6666666666665,3169.5,2351.0,2644.016976180141,-293.0169761801408
2025,8,3,Moyo,Obongi,Palorinya (refugee settlement),3.47,31.63,milk and dairy,Milk (fresh),L,2000.0,2000.0,0.0,0.0,2000.0,2000.0,2000.0,1977.2021129816567,22.797887018343317
2025,8,3,Kiryandongo,Kibanda,Kiryandongo (refugee settlement),1.94,32.21,cereals and tubers,Sorghum,KG,2125.0,2208.0,-83.0,-0.0375905797101449,2198.6666666666665,2229.833333333333,2167.0,2018.1510875622857,148.84891243771426
2025,8,3,Napak,Bokora,Napak,2.22,34.26,cereals and tubers,Maize flour,KG,2000.0,2377.0,-377.0,-0.1586032814472023,2263.6666666666665,2251.333333333333,2000.0,2011.9891867296847,-11.989186729684661
2025,8,3,Kween,Kween,Kapchorwa,1.38,34.52,oil and fats,Oil (vegetable),L,7500.0,7500.0,0.0,0.0,7500.0,7440.5,7500.0,7258.842265357031,241.15773464296944
2025,8,3,Koboko,Koboko,Lobule (refugee settlement),3.39,31.03,milk and dairy,Milk (fresh),L,1889.0,1889.0,0.0,0.0,1815.0,1740.8333333333333,2000.0,1818.4039713181057,181.59602868189427
2025,8,3,Gulu,Gulu Municipality,Gulu,2.77,32.31,cereals and tubers,Maize flour,KG,3000.0,3000.0,0.0,0.0,3066.6666666666665,2860.0,3000.0,2829.291255051762,170.70874494823784
2025,8,3,Arua,Terego,Rhino Camp (refugee settlement),3.17,31.31,cereals and tubers,Sorghum,KG,2500.0,2618.0,-118.0,-0.0450725744843391,2294.333333333333,1951.1666666666667,2347.0,2367.411762494792,-20.41176249479213
2025,8,3,Kween,Kween,Kapchorwa,1.38,34.52,cereals and tubers,Cassava flour,KG,1500.0,1500.0,0.0,0.0,1500.0,1536.1666666666667,1500.0,1513.9593066604496,-13.959306660449556
2025,8,3,Adjumani,Adjumani,Adjumani (refugee settlement),3.34,31.78,vegetables and fruits,Leafy vegetables,KG,2128.0,1563.0,565.0,0.3614843250159948,1843.6666666666667,1755.5,2381.0,2037.180472629934,343.819527370066
2025,8,3,Arua,Arua Municipality,Arua,3.02,30.91,cereals and tubers,Maize (white),KG,1200.0,1200.0,0.0,0.0,1166.6666666666667,1365.1666666666667,2000.0,1254.1496711081738,745.8503288918262
2025,8,3,Moyo,Obongi,Palorinya (refugee settlement),3.47,31.63,vegetables and fruits,Leafy vegetables,KG,1741.0,1222.0,519.0,0.4247135842880524,1626.6666666666667,1548.3333333333333,625.0,1549.4507085696384,-924.4507085696384
2025,8,3,Koboko,Koboko,Lobule (refugee settlement),3.39,31.03,"meat, fish and eggs",Fish (dry),KG,13668.0,19399.0,-5731.0,-0.2954275993607917,16798.0,17062.5,17500.0,17347.54,152.45999999999913
2025,8,3,Kiryandongo,Kibanda,Kiryandongo (refugee settlement),1.94,32.21,pulses and nuts,Beans,KG,3458.0,3777.0,-319.0,-0.0844585649986762,3678.3333333333335,3789.6666666666665,3042.0,3574.544519830646,-532.5445198306461
2025,8,3,Jinja,Jinja Municipality,Jinja,0.42,33.2,cereals and tubers,Cassava flour,KG,1500.0,1530.0,-30.0,-0.0196078431372549,1510.0,1536.8333333333333,1500.0,1623.0608206844488,-123.0608206844488
2025,8,3,Abim,Labwor,Makaratin,2.71,33.64,cereals and tubers,Sorghum,KG,2088.0,2325.0,-237.0,-0.1019354838709677,1991.0,1637.1666666666667,1840.0,1915.861001015461,-75.86100101546094
2025,8,3,Yumbe,Aringa,Bidibidi (refugee settlement),3.36,31.35,cereals and tubers,Cassava (fresh),KG,691.0,787.0,-96.0,-0.121982210927573,736.0,733.1666666666666,640.0,700.7993996736793,-60.79939967367932
2025,8,3,Iganga,Kigulu,Iganga,0.61,33.47,cereals and tubers,Cassava flour,KG,1200.0,1200.0,0.0,0.0,1204.3333333333333,1147.8333333333333,1100.0,1204.7229675383883,-104.72296753838827
2025,8,3,Kiryandongo,Kibanda,Kiryandongo (refugee settlement),1.94,32.21,"meat, fish and eggs",Fish (dry),KG,26667.0,26667.0,0.0,0.0,29259.33333333333,27723.83333333333,23889.0,29155.63,-5266.630000000001
2025,8,3,Kasese,Busongora,Kasese,0.17,30.07,cereals and tubers,Maize (white),KG,1600.0,1560.0,40.0,0.0256410256410256,1628.3333333333333,1640.8333333333333,1675.0,1682.9957807391736,-7.995780739173597
2025,8,3,Kamwenge,Kibale,Rwamwanja (refugee settlement),0.31,30.68,pulses and nuts,Beans,KG,2385.0,2615.0,-230.0,-0.0879541108986615,2622.6666666666665,2985.333333333333,2167.0,2440.1473177395774,-273.1473177395774
2025,8,3,Arua,Terego,Imvepi (refugee settlement),3.23,31.28,vegetables and fruits,Leafy vegetables,KG,1678.0,2085.0,-407.0,-0.1952038369304556,1711.6666666666667,1754.6666666666667,1114.0,1834.7072595012671,-720.7072595012671
2025,8,3,Kaabong,Dodoth,Karenga,3.57,33.7,cereals and tubers,Millet,KG,2375.0,2580.0,-205.0,-0.0794573643410852,2718.333333333333,2609.1666666666665,2250.0,2444.8600945836956,-194.86009458369563
2025,8,3,Masaka,Masaka Municipality,Masaka,-0.35,31.74,cereals and tubers,Millet,KG,4000.0,4875.0,-875.0,-0.1794871794871795,4458.333333333333,4416.166666666667,4500.0,4106.618912185119,393.38108781488063
2025,8,3,Kamwenge,Kibale,Rwamwanja (refugee settlement),0.31,30.68,"meat, fish and eggs",Fish (dry),KG,11956.0,10886.0,1070.0,0.0982913834282564,15744.0,20786.166666666668,13815.0,18040.29,-4225.290000000001
2025,8,3,Hoima,Bugahya,Hoima,1.43,31.35,cereals and tubers,Maize (white),KG,1500.0,2300.0,-800.0,-0.3478260869565217,2100.0,1785.6666666666667,1500.0,1575.1094218384578,-75.10942183845782
2025,8,3,Mbarara,Mbarara Municipality,Mbarara,-0.61,30.65,cereals and tubers,Sorghum,KG,4000.0,3200.0,800.0,0.25,3400.0,3066.833333333333,4000.0,3760.125220635064,239.87477936493588
2025,8,3,Kabarole,Fort Portal Municipality,Fort Portal,0.66,30.28,cereals and tubers,Millet,KG,5000.0,5000.0,0.0,0.0,4916.666666666667,4628.0,5250.0,4607.778441505908,642.2215584940923
2025,8,3,Adjumani,Adjumani,Adjumani (refugee settlement),3.34,31.78,miscellaneous food,Salt,KG,2000.0,2000.0,0.0,0.0,2000.0,1990.5,2000.0,1973.564443973016,26.43555602698393
2025,8,3,Isingiro,Bukanga,Oruchinga (refugee settlement),-0.94,30.76,"meat, fish and eggs",Fish (dry),KG,13927.0,12680.0,1247.0,0.0983438485804416,12455.666666666666,11607.833333333334,21630.0,14360.1534,7269.846600000001
2025,8,3,Isingiro,Bukanga,Oruchinga (refugee settlement),-0.94,30.76,pulses and nuts,Beans,KG,2360.0,2615.0,-255.0,-0.0975143403441682,2510.0,2532.5,2000.0,2276.0851297897107,-276.08512978971066
2025,8,3,Hoima,Bugahya,Hoima,1.43,31.35,cereals and tubers,Millet,KG,4000.0,4000.0,0.0,0.0,4166.666666666667,3940.5,4000.0,3957.604655170314,42.39534482968611
2025,8,3,Isingiro,Bukanga,Nakivale (refugee settlement),-0.78,30.96,"meat, fish and eggs",Fish (dry),KG,21993.0,20024.0,1969.0,0.0983320015980823,20591.33333333333,20174.166666666668,21630.0,24340.249375,-2710.2493749999994
2025,8,3,Kabarole,Fort Portal Municipality,Fort Portal,0.66,30.28,cereals and tubers,Maize (white),KG,2000.0,2000.0,0.0,0.0,2000.0,1878.1666666666667,2563.0,1882.8976400315705,680.1023599684295
2025,8,3,Kasese,Busongora,Kasese,0.17,30.07,cereals and tubers,Millet,KG,3775.0,3520.0,255.0,0.0724431818181818,3765.0,3872.6666666666665,3525.0,3902.367190531916,-377.3671905319161
2025,8,3,Gulu,Gulu Municipality,Gulu,2.77,32.31,cereals and tubers,Cassava flour,KG,4667.0,5250.0,-583.0,-0.111047619047619,4649.333333333333,4223.5,4000.0,4452.993484303352,-452.9934843033516
2025,8,3,Moroto,Moroto Municipality,Moroto,2.53,34.65,cereals and tubers,Maize (white),KG,1767.0,1792.0,-25.0,-0.0139508928571428,1772.3333333333333,1616.8333333333333,1719.0,1682.6474857937576,36.352514206242404
2025,8,3,Kyegegwa,Kyaka,Kyaka II (refugee settlement),0.36,31.09,"meat, fish and eggs",Fish (dry),KG,29091.0,33333.0,-4242.0,-0.1272612726127261,32607.33333333333,33059.666666666664,29167.0,31052.09,-1885.0900000000001
2025,8,3,Moyo,Obongi,Palorinya (refugee settlement),3.47,31.63,cereals and tubers,Cassava (fresh),KG,694.0,631.0,63.0,0.0998415213946117,669.3333333333334,565.6666666666666,714.0,773.0221089600191,-59.02210896001907
2025,8,3,Koboko,Koboko,Lobule (refugee settlement),3.39,31.03,cereals and tubers,Cassava (fresh),KG,398.0,453.0,-55.0,-0.1214128035320088,442.6666666666667,459.8333333333333,1818.0,479.9491719696969,1338.0508280303031
2025,8,3,Kasese,Busongora,Kasese,0.17,30.07,cereals and tubers,Cassava flour,KG,1025.0,1080.0,-55.0,-0.0509259259259259,1285.0,1102.5,950.0,1111.7630177289013,-161.76301772890133
2025,8,3,Moyo,Obongi,Palorinya (refugee settlement),3.47,31.63,cereals and tubers,Millet flour,KG,6000.0,6000.0,0.0,0.0,6000.0,5958.833333333333,6000.0,5728.6296649999995,271.3703350000005
2025,8,3,Arua,Arua Municipality,Arua,3.02,30.91,cereals and tubers,Cassava flour,KG,1000.0,1000.0,0.0,0.0,1000.0,1095.8333333333333,1200.0,1107.257466968517,92.74253303148294
2025,8,3,Nakapiripirit,Kadani,Namalu,1.79,34.6,cereals and tubers,Maize (white),KG,1083.0,1567.0,-484.0,-0.3088704530950861,1429.3333333333333,1433.1666666666667,875.0,1090.0995585143658,-215.09955851436575
2025,8,3,Moroto,Moroto Municipality,Moroto,2.53,34.65,cereals and tubers,Cassava flour,KG,2140.0,2327.0,-187.0,-0.0803609798023205,2186.0,2094.833333333333,2046.0,1928.992315952952,117.00768404704809
2025,8,3,Masindi,Buruli M,Masindi,1.69,31.71,cereals and tubers,Cassava flour,KG,2188.0,2250.0,-62.0,-0.0275555555555555,2229.333333333333,2060.5,2222.0,2021.034060995634,200.96593900436596
2025,8,3,Busia,Samia-bugwe,Busia,0.47,34.09,cereals and tubers,Cassava flour,KG,1013.0,1000.0,13.0,0.013,987.6666666666666,944.3333333333334,1000.0,1039.9595555960761,-39.95955559607614
2025,8,3,Soroti,Soroti Municipality,Soroti,1.71,33.62,cereals and tubers,Cassava flour,KG,1167.0,953.0,214.0,0.2245540398740818,1034.3333333333333,1017.1666666666666,1250.0,1096.182677800794,153.81732219920605
2025,8,3,Kaabong,Dodoth,Kaabong,3.54,34.12,cereals and tubers,Sorghum,KG,2300.0,2495.0,-195.0,-0.0781563126252505,2161.0,1826.5,1200.0,2326.2054749169706,-1126.2054749169706
2025,8,3,Kyegegwa,Kyaka,Kyaka II (refugee settlement),0.36,31.09,cereals and tubers,Cassava (fresh),KG,334.0,296.0,38.0,0.1283783783783783,306.3333333333333,341.5,639.0,402.82070000000016,236.17929999999984
2025,8,3,Yumbe,Aringa,Bidibidi (refugee settlement),3.36,31.35,"meat, fish and eggs",Fish (dry),KG,15402.0,21861.0,-6459.0,-0.295457664333745,20450.33333333333,22269.166666666668,25354.0,18207.2425,7146.7575
2025,8,3,Lamwo,Lamwo,Palabek (refugee settlement),3.34,32.47,pulses and nuts,Beans,KG,3589.0,3500.0,89.0,0.0254285714285714,3713.0,3831.6666666666665,4000.0,3554.2290719419934,445.7709280580066
2025,8,3,Arua,Terego,Rhino Camp (refugee settlement),3.17,31.31,vegetables and fruits,Leafy vegetables,KG,1964.0,2188.0,-224.0,-0.1023765996343692,1953.0,2179.833333333333,2224.0,1706.403990015137,517.596009984863
2025,8,3,Kotido,Jie,Kotido,3.0,34.11,pulses and nuts,Beans,KG,3000.0,3525.0,-525.0,-0.1489361702127659,3571.0,3618.8333333333335,3000.0,3154.062949828329,-154.06294982832878
2025,8,3,Kaabong,Dodoth,Kaabong,3.54,34.12,cereals and tubers,Cassava flour,KG,2500.0,2438.0,62.0,0.0254306808859721,2417.0,2562.6666666666665,2500.0,2435.206372237207,64.79362776279322
2025,8,3,Moyo,Obongi,Palorinya (refugee settlement),3.47,31.63,"meat, fish and eggs",Fish (dry),KG,12500.0,17262.0,-4762.0,-0.2758660641872321,16309.666666666666,15899.166666666666,10000.0,18393.08,-8393.080000000002
2025,8,3,Busia,Samia-bugwe,Busia,0.47,34.09,cereals and tubers,Maize (white),KG,1038.0,1270.0,-232.0,-0.1826771653543307,1279.6666666666667,1325.0,1081.0,1075.104843249407,5.89515675059306
2025,8,3,Kyegegwa,Kyaka,Kyaka II (refugee settlement),0.36,31.09,pulses and nuts,Beans,KG,2490.0,2411.0,79.0,0.0327664869348817,2602.0,3011.833333333333,3936.0,2565.18690111788,1370.81309888212
2025,8,3,Yumbe,Aringa,Bidibidi (refugee settlement),3.36,31.35,cereals and tubers,Millet flour,KG,4745.0,4588.0,157.0,0.0342197035745422,4571.333333333333,4476.0,5053.0,4522.2569370386345,530.7430629613655
2025,8,3,Kotido,Jie,Kotido,3.0,34.11,cereals and tubers,Cassava flour,KG,1850.0,2000.0,-150.0,-0.075,1950.0,1858.3333333333333,1938.0,1879.987602294138,58.012397705861986
2025,8,3,Abim,Labwor,Makaratin,2.71,33.64,cereals and tubers,Cassava flour,KG,825.0,900.0,-75.0,-0.0833333333333333,881.6666666666666,1024.1666666666667,700.0,814.4365839204806,-114.43658392048064
2025,8,3,Masindi,Buruli M,Masindi,1.69,31.71,cereals and tubers,Maize (white),KG,1150.0,1600.0,-450.0,-0.28125,1466.6666666666667,1462.5,1000.0,1180.6581056894545,-180.6581056894545
2025,8,3,Kotido,Jie,Kotido,3.0,34.11,cereals and tubers,Sorghum,KG,1620.0,1738.0,-118.0,-0.0678941311852704,1694.3333333333333,1367.1666666666667,825.0,1618.840252712923,-793.8402527129231
2025,8,3,Lamwo,Lamwo,Palabek (refugee settlement),3.34,32.47,"meat, fish and eggs",Fish (dry),KG,12581.0,17857.0,-5276.0,-0.2954583636669093,14775.666666666666,28895.83333333333,17778.0,17273.5,504.5
2025,8,3,Mbarara,Mbarara Municipality,Mbarara,-0.61,30.65,cereals and tubers,Cassava flour,KG,2000.0,2000.0,0.0,0.0,2000.0,2091.5,2000.0,1974.1199310230918,25.880068976908206
2025,8,3,Koboko,Koboko,Lobule (refugee settlement),3.39,31.03,pulses and nuts,Beans,KG,4440.0,4330.0,110.0,0.0254041570438799,4347.666666666667,4310.5,2459.0,4273.907516500256,-1814.907516500256
2025,8,3,Lira,Lira Municipality,Lira,2.23,32.91,cereals and tubers,Cassava flour,KG,2667.0,3100.0,-433.0,-0.1396774193548387,2880.6666666666665,2512.1666666666665,2900.0,2722.3367757851165,177.66322421488348
2025,8,3,Soroti,Soroti Municipality,Soroti,1.71,33.62,cereals and tubers,Maize (white),KG,1117.0,1433.0,-316.0,-0.2205163991625959,1319.3333333333333,1282.8333333333333,1375.0,1121.9793508648097,253.0206491351903
2025,8,3,Yumbe,Aringa,Bidibidi (refugee settlement),3.36,31.35,cereals and tubers,Maize (white),KG,1159.0,1841.0,-682.0,-0.3704508419337317,1563.0,1625.8333333333333,1895.0,1285.942848273968,609.0571517260321
2025,8,3,Lira,Lira Municipality,Lira,2.23,32.91,cereals and tubers,Sorghum,KG,833.0,1113.0,-280.0,-0.2515723270440251,1004.3333333333334,994.3333333333334,1325.0,818.4914190926253,506.5085809073747
2025,8,3,Arua,Arua Municipality,Arua,3.02,30.91,cereals and tubers,Millet,KG,3800.0,3800.0,0.0,0.0,4116.666666666667,3550.6666666666665,4000.0,3791.886997608,208.113002392
2025,8,3,Iganga,Kigulu,Iganga,0.61,33.47,cereals and tubers,Millet,KG,2850.0,3530.0,-680.0,-0.1926345609065155,3085.0,2987.1666666666665,2700.0,2861.2706931018374,-161.27069310183742
2025,8,3,Kiryandongo,Kibanda,Kiryandongo (refugee settlement),1.94,32.21,cereals and tubers,Maize (white),KG,1408.0,1577.0,-169.0,-0.1071655041217501,1450.6666666666667,1451.3333333333333,1075.0,1466.190102443829,-391.1901024438289
2025,8,3,Kaabong,Dodoth,Karenga,3.57,33.7,cereals and tubers,Maize (white),KG,1708.0,2100.0,-392.0,-0.1866666666666666,1870.6666666666667,1604.5,936.0,1621.9921117942574,-685.9921117942574
2025,8,3,Lamwo,Lamwo,Palabek (refugee settlement),3.34,32.47,miscellaneous food,Salt,KG,2002.0,2000.0,2.0,0.001,2000.6666666666667,1996.1666666666667,1950.0,1961.3145783476427,-11.314578347642737
2025,8,3,Isingiro,Bukanga,Nakivale (refugee settlement),-0.78,30.96,miscellaneous food,Salt,KG,1613.0,1607.0,6.0,0.0037336652146857,1606.6666666666667,1603.5,3278.0,1663.391028498346,1614.608971501654
2025,8,3,Adjumani,Adjumani,Adjumani (refugee settlement),3.34,31.78,pulses and nuts,Beans,KG,2925.0,3083.0,-158.0,-0.0512487836522867,3313.333333333333,3579.6666666666665,2971.0,2938.785611056725,32.214388943275026
2025,8,3,Napak,Bokora,Napak,2.22,34.26,cereals and tubers,Maize (white),KG,1200.0,1810.0,-610.0,-0.3370165745856354,1670.0,1609.8333333333333,1500.0,1207.2376344634147,292.7623655365853
2025,8,3,Nakapiripirit,Pian,Nabilatuk,2.05,34.57,cereals and tubers,Maize (white),KG,1261.0,1706.0,-445.0,-0.2608440797186401,1540.6666666666667,1468.3333333333333,976.0,1229.193990469996,-253.19399046999592
2025,8,3,Kyegegwa,Kyaka,Kyaka II (refugee settlement),0.36,31.09,miscellaneous food,Salt,KG,1600.0,1566.0,34.0,0.0217113665389527,1574.3333333333333,1543.3333333333333,1985.0,1671.4428531880092,313.55714681199083
2025,8,3,Isingiro,Bukanga,Oruchinga (refugee settlement),-0.94,30.76,vegetables and fruits,Leafy vegetables,KG,1738.0,1738.0,0.0,0.0,1759.6666666666667,1781.5,1000.0,1985.8320612456812,-985.8320612456812
2025,8,3,Kamwenge,Kibale,Rwamwanja (refugee settlement),0.31,30.68,cereals and tubers,Maize (white),KG,1373.0,1231.0,142.0,0.1153533712428919,1369.6666666666667,1340.1666666666667,1189.0,1311.117201072003,-122.1172010720029
2025,8,3,Masaka,Masaka Municipality,Masaka,-0.35,31.74,cereals and tubers,Maize (white),KG,1400.0,1400.0,0.0,0.0,1466.6666666666667,1396.6666666666667,1400.0,1395.8438805317494,4.156119468250608
2025,8,3,Koboko,Koboko,Lobule (refugee settlement),3.39,31.03,vegetables and fruits,Leafy vegetables,KG,1454.0,1620.0,-166.0,-0.1024691358024691,1596.3333333333333,1655.5,3333.0,1596.0029072157715,1736.9970927842285
2025,8,3,Moyo,Obongi,Palorinya (refugee settlement),3.47,31.63,miscellaneous food,Salt,KG,2000.0,1969.0,31.0,0.015744032503809,1931.3333333333333,1923.0,2000.0,1979.9747396665653,20.025260333434744
2025,8,3,Isingiro,Bukanga,Oruchinga (refugee settlement),-0.94,30.76,cereals and tubers,Maize (white),KG,1212.0,1471.0,-259.0,-0.1760707002039429,1373.0,1404.6666666666667,1500.0,1153.0276994935004,346.97230050649955
2025,8,3,Masaka,Masaka Municipality,Masaka,-0.35,31.74,pulses and nuts,Beans,KG,3000.0,2850.0,150.0,0.0526315789473684,2983.333333333333,3568.833333333333,3200.0,3013.7982645214906,186.20173547850936
2025,8,3,Adjumani,Adjumani,Adjumani (refugee settlement),3.34,31.78,cereals and tubers,Maize (white),KG,1415.0,2050.0,-635.0,-0.3097560975609756,1878.6666666666667,1847.6666666666667,2257.0,1540.0105370699841,716.9894629300159
2025,8,3,Kaabong,Dodoth,Karenga,3.57,33.7,pulses and nuts,Beans,KG,4000.0,4000.0,0.0,0.0,4023.6666666666665,3936.0,3429.0,3940.5158188998544,-511.51581889985437
2025,8,3,Isingiro,Bukanga,Oruchinga (refugee settlement),-0.94,30.76,miscellaneous food,Salt,KG,1467.0,1465.0,2.0,0.0013651877133105,1471.3333333333333,1476.8333333333333,1400.0,1527.5072251639617,-127.50722516396172
2025,8,3,Nakapiripirit,Pian,Nabilatuk,2.05,34.57,pulses and nuts,Beans,KG,3267.0,3833.0,-566.0,-0.1476650143490738,3858.6666666666665,3941.8333333333335,3233.0,3267.090242458537,-34.09024245853698
2025,8,3,Arua,Terego,Imvepi (refugee settlement),3.23,31.28,cereals and tubers,Maize (white),KG,1425.0,2446.0,-1021.0,-0.4174161896974652,2154.333333333333,2085.1666666666665,1579.0,1605.0954527888784,-26.095452788878447
2025,8,3,Isingiro,Bukanga,Nakivale (refugee settlement),-0.78,30.96,cereals and tubers,Maize (white),KG,1153.0,1399.0,-246.0,-0.1758398856325947,1296.0,1316.1666666666667,1428.0,1127.0698623689561,300.93013763104386
2025,8,3,Kiryandongo,Kibanda,Kiryandongo (refugee settlement),1.94,32.21,miscellaneous food,Salt,KG,1400.0,1431.0,-31.0,-0.0216631726065688,1432.6666666666667,1465.8333333333333,1433.0,1452.968736144027,-19.968736144026934
2025,8,3,Kamwenge,Kibale,Rwamwanja (refugee settlement),0.31,30.68,vegetables and fruits,Leafy vegetables,KG,1992.0,1992.0,0.0,0.0,1851.3333333333333,1845.8333333333333,2857.0,1879.477420867186,977.5225791328139
2025,8,3,Arua,Terego,Rhino Camp (refugee settlement),3.17,31.31,cereals and tubers,Maize (white),KG,1692.0,2864.0,-1172.0,-0.4092178770949721,2281.333333333333,2100.1666666666665,1256.0,1624.066304182914,-368.0663041829141
2025,8,3,Kiryandongo,Kibanda,Kiryandongo (refugee settlement),1.94,32.21,vegetables and fruits,Leafy vegetables,KG,4000.0,3700.0,300.0,0.081081081081081,3937.0,4289.0,5556.0,3918.2908676092957,1637.7091323907043
2025,8,3,Hoima,Buhaguzi,Kyangwali (refugee settlement),1.16,30.75,cereals and tubers,Maize (white),KG,900.0,1800.0,-900.0,-0.5,1492.6666666666667,1388.5,1174.0,1038.815072285694,135.184927714306
2025,8,3,Napak,Bokora,Napak,2.22,34.26,pulses and nuts,Beans,KG,4000.0,4413.0,-413.0,-0.0935871289372309,4328.0,4275.166666666667,4000.0,4280.910536552171,-280.9105365521709
2025,8,3,Koboko,Koboko,Lobule (refugee settlement),3.39,31.03,miscellaneous food,Salt,KG,1707.0,1709.0,-2.0,-0.0011702750146284,1701.0,1693.8333333333333,2000.0,1679.048839190766,320.9511608092339
2025,8,3,Yumbe,Aringa,Bidibidi (refugee settlement),3.36,31.35,vegetables and fruits,Leafy vegetables,KG,1343.0,1496.0,-153.0,-0.1022727272727272,1514.3333333333333,1609.1666666666667,1041.0,1490.4465539940852,-449.4465539940852
2025,8,3,Jinja,Jinja Municipality,Jinja,0.42,33.2,cereals and tubers,Millet,KG,3513.0,3900.0,-387.0,-0.0992307692307692,3929.3333333333335,3644.6666666666665,3613.0,3431.647205947682,181.35279405231813
2025,8,3,Isingiro,Bukanga,Nakivale (refugee settlement),-0.78,30.96,vegetables and fruits,Leafy vegetables,KG,1581.0,1581.0,0.0,0.0,1606.0,1630.8333333333333,1028.0,1717.5413187394838,-689.5413187394838
2025,8,3,Lamwo,Lamwo,Palabek (refugee settlement),3.34,32.47,vegetables and fruits,Leafy vegetables,KG,1403.0,1563.0,-160.0,-0.1023672424824056,1822.0,2245.1666666666665,1220.0,1824.6767002496913,-604.6767002496913
2025,8,3,Arua,Terego,Imvepi (refugee settlement),3.23,31.28,miscellaneous food,Salt,KG,1780.0,1733.0,47.0,0.0271206001154068,1740.3333333333333,1749.3333333333333,1925.0,1741.366253599953,183.6337464000469
2025,8,3,Hoima,Buhaguzi,Kyangwali (refugee settlement),1.16,30.75,"meat, fish and eggs",Fish (dry),KG,26667.0,18750.0,7917.0,0.42224,20573.666666666668,21093.166666666668,34615.0,20563.1825,14051.817500000001
2025,8,3,Isingiro,Bukanga,Nakivale (refugee settlement),-0.78,30.96,pulses and nuts,Beans,KG,2738.0,3034.0,-296.0,-0.0975609756097561,2912.0,2937.833333333333,2583.0,2617.937255195737,-34.93725519573718
2025,8,3,Masindi,Buruli M,Masindi,1.69,31.71,cereals and tubers,Millet,KG,3650.0,3800.0,-150.0,-0.0394736842105263,3900.0,3981.3333333333335,3556.0,3959.6492564642062,-403.64925646420625
2025,8,3,Busia,Samia-bugwe,Busia,0.47,34.09,cereals and tubers,Millet,KG,2738.0,4688.0,-1950.0,-0.4159556313993174,3917.0,3332.6666666666665,2600.0,2899.979396551724,-299.9793965517242
2025,8,3,Arua,Terego,Rhino Camp (refugee settlement),3.17,31.31,"meat, fish and eggs",Fish (dry),KG,11273.0,16000.0,-4727.0,-0.2954375,18424.33333333333,24064.0,26744.0,20719.07,6024.93
2025,8,3,Moyo,Obongi,Palorinya (refugee settlement),3.47,31.63,cereals and tubers,Maize (white),KG,1350.0,2062.0,-712.0,-0.3452958292919496,2079.0,2085.0,1000.0,1628.4287988703284,-628.4287988703284
2025,8,3,Hoima,Buhaguzi,Kyangwali (refugee settlement),1.16,30.75,pulses and nuts,Beans,KG,3000.0,4000.0,-1000.0,-0.25,3426.0,3266.833333333333,2396.0,2864.3546748757467,-468.3546748757467
2025,8,3,Kaabong,Dodoth,Kaabong,3.54,34.12,cereals and tubers,Millet,KG,3763.0,3990.0,-227.0,-0.0568922305764411,4176.0,3890.1666666666665,2688.0,3760.279945216585,-1072.279945216585
2025,8,3,Arua,Terego,Imvepi (refugee settlement),3.23,31.28,"meat, fish and eggs",Fish (dry),KG,19894.0,26152.0,-6258.0,-0.2392933618843683,24496.666666666668,24617.666666666668,35987.0,23724.0625,12262.9375
2025,8,3,Gulu,Gulu Municipality,Gulu,2.77,32.31,cereals and tubers,Sorghum,KG,1267.0,2000.0,-733.0,-0.3665,1755.6666666666667,1647.1666666666667,2360.0,1327.7648620990701,1032.2351379009299
2025,8,3,Hoima,Buhaguzi,Kyangwali (refugee settlement),1.16,30.75,vegetables and fruits,Leafy vegetables,KG,2000.0,3700.0,-1700.0,-0.4594594594594595,3289.0,2652.6666666666665,1724.0,2035.8884050114925,-311.8884050114925
2025,8,3,Koboko,Koboko,Lobule (refugee settlement),3.39,31.03,cereals and tubers,Maize (white),KG,1090.0,1731.0,-641.0,-0.3703061813980358,1495.6666666666667,1580.6666666666667,932.0,1193.723979888378,-261.7239798883779
2025,8,3,Arua,Terego,Rhino Camp (refugee settlement),3.17,31.31,miscellaneous food,Salt,KG,1750.0,1836.0,-86.0,-0.0468409586056644,1826.6666666666667,1839.3333333333333,1963.0,1798.9039614282412,164.09603857175875
2025,8,3,Abim,Labwor,Makaratin,2.71,33.64,cereals and tubers,Millet,KG,2300.0,3450.0,-1150.0,-0.3333333333333333,3253.333333333333,3189.1666666666665,2480.0,2509.523852248632,-29.52385224863201
2025,8,3,Lamwo,Lamwo,Palabek (refugee settlement),3.34,32.47,cereals and tubers,Maize (white),KG,1259.0,2000.0,-741.0,-0.3705,1763.0,1731.3333333333333,1500.0,1281.2718198845498,218.7281801154502
2025,8,3,Adjumani,Adjumani,Adjumani (refugee settlement),3.34,31.78,"meat, fish and eggs",Fish (dry),KG,23810.0,17857.0,5953.0,0.3333706669653357,22613.33333333333,22248.666666666668,19231.0,21832.997727272726,-2601.9977272727265
2025,8,3,Arua,Terego,Rhino Camp (refugee settlement),3.17,31.31,pulses and nuts,Beans,KG,4483.0,3273.0,1210.0,0.3696914146043385,3993.3333333333335,4402.0,3042.0,4829.4081837008325,-1787.4081837008325
2025,8,3,Mbarara,Mbarara Municipality,Mbarara,-0.61,30.65,cereals and tubers,Millet,KG,4500.0,3900.0,600.0,0.1538461538461538,4383.333333333333,3971.6666666666665,4500.0,4323.8698236893215,176.1301763106785
2025,8,3,Lira,Lira Municipality,Lira,2.23,32.91,cereals and tubers,Millet,KG,2500.0,3400.0,-900.0,-0.2647058823529412,3508.333333333333,3444.0,2500.0,2440.37281311269,59.62718688731002
2025,8,3,Kyegegwa,Kyaka,Kyaka II (refugee settlement),0.36,31.09,cereals and tubers,Maize (white),KG,1168.0,1483.0,-315.0,-0.2124072825354012,1412.3333333333333,1422.1666666666667,1777.0,1109.9058479135495,667.0941520864505
2025,8,3,Kyegegwa,Kyaka,Kyaka II (refugee settlement),0.36,31.09,vegetables and fruits,Leafy vegetables,KG,1493.0,1563.0,-70.0,-0.0447856685860524,1509.0,1607.8333333333333,1010.0,1575.1507640267962,-565.1507640267962
2025,8,3,Yumbe,Aringa,Bidibidi (refugee settlement),3.36,31.35,miscellaneous food,Salt,KG,1843.0,1845.0,-2.0,-0.0010840108401084,1828.6666666666667,1813.1666666666667,1974.0,1829.3884368938584,144.6115631061416
2025,8,3,Kween,Kween,Kapchorwa,1.38,34.52,cereals and tubers,Sorghum,KG,2000.0,2000.0,0.0,0.0,2000.0,2118.333333333333,2000.0,2017.4136862422693,-17.41368624226925
2025,8,3,Arua,Terego,Imvepi (refugee settlement),3.23,31.28,pulses and nuts,Beans,KG,3977.0,4674.0,-697.0,-0.1491228070175438,4451.666666666667,4535.166666666667,3625.0,4083.4889650363807,-458.4889650363807
2025,8,3,Hoima,Buhaguzi,Kyangwali (refugee settlement),1.16,30.75,miscellaneous food,Salt,KG,2000.0,2000.0,0.0,0.0,2000.0,1912.0,1583.0,1960.8912458558123,-377.89124585581226
2025,8,3,Gulu,Gulu Municipality,Gulu,2.77,32.31,cereals and tubers,Millet,KG,4667.0,5000.0,-333.0,-0.0666,5222.333333333333,4548.0,3340.0,4565.926053921569,-1225.9260539215693
2025,8,3,Kotido,Jie,Kotido,3.0,34.11,cereals and tubers,Millet,KG,2820.0,3275.0,-455.0,-0.1389312977099236,3406.6666666666665,3236.6666666666665,1863.0,2915.2571989627772,-1052.2571989627772
2025,8,3,Moyo,Obongi,Palorinya (refugee settlement),3.47,31.63,pulses and nuts,Beans,KG,3694.0,3962.0,-268.0,-0.0676426047450782,4127.0,4086.3333333333335,3750.0,3985.78000677636,-235.7800067763601
2025,8,3,Nakapiripirit,Kadani,Namalu,1.79,34.6,cereals and tubers,Cassava flour,KG,2000.0,2133.0,-133.0,-0.0623534927332395,2077.6666666666665,1855.5,1927.0,2070.925361477552,-143.9253614775521
2025,8,3,Moroto,Moroto Municipality,Moroto,2.53,34.65,pulses and nuts,Beans,KG,3927.0,4358.0,-431.0,-0.09889857732905,4386.666666666667,4329.166666666667,3729.0,4154.0480149075565,-425.04801490755654
2025,8,3,Jinja,Jinja Municipality,Jinja,0.42,33.2,cereals and tubers,Maize (white),KG,1788.0,2000.0,-212.0,-0.106,1929.3333333333333,1984.8333333333333,1900.0,1771.1120734579408,128.88792654205918
2025,8,3,Hoima,Buhaguzi,Kyangwali (refugee settlement),1.16,30.75,oil and fats,Oil (vegetable),L,10000.0,8000.0,2000.0,0.25,8666.666666666666,8333.333333333334,8043.0,9197.155908101542,-1154.155908101542
2025,8,3,Koboko,Koboko,Lobule (refugee settlement),3.39,31.03,cereals and tubers,Millet flour,KG,4487.0,4339.0,148.0,0.0341092417607743,4353.0,4293.166666666667,4559.0,4398.180021747258,160.81997825274175
2025,8,3,Nakapiripirit,Kadani,Namalu,1.79,34.6,pulses and nuts,Beans,KG,2067.0,2067.0,0.0,0.0,2669.6666666666665,3461.1666666666665,2100.0,2308.3354422610983,-208.33544226109825
2025,8,3,Busia,Samia-bugwe,Busia,0.47,34.09,cereals and tubers,Sorghum,KG,956.0,1260.0,-304.0,-0.2412698412698412,1238.6666666666667,1322.0,1200.0,1026.7491535236964,173.25084647630365
2025,8,3,Masindi,Buruli M,Masindi,1.69,31.71,cereals and tubers,Maize flour,KG,2500.0,2580.0,-80.0,-0.0310077519379844,2526.6666666666665,2513.333333333333,2400.0,2601.387594127374,-201.3875941273741
2025,8,3,Isingiro,Bukanga,Nakivale (refugee settlement),-0.78,30.96,cereals and tubers,Cassava (fresh),KG,481.0,558.0,-77.0,-0.1379928315412186,537.0,554.6666666666666,356.0,603.8663152085061,-247.86631520850608
2025,8,3,Busia,Samia-bugwe,Busia,0.47,34.09,cereals and tubers,Maize flour,KG,2175.0,2460.0,-285.0,-0.1158536585365853,2445.0,2527.0,2288.0,2101.1611227932754,186.83887720672465
2025,8,3,Kween,Kween,Kapchorwa,1.38,34.52,cereals and tubers,Maize (white),KG,1200.0,1680.0,-480.0,-0.2857142857142857,1560.0,1498.3333333333333,1200.0,1179.0798989220214,20.920101077978643
2025,8,3,Arua,Terego,Rhino Camp (refugee settlement),3.17,31.31,oil and fats,Oil (vegetable),L,7125.0,8909.0,-1784.0,-0.2002469412953193,7815.333333333333,7650.5,7569.0,7207.32492013688,361.6750798631201
2025,8,3,Moroto,Moroto Municipality,Moroto,2.53,34.65,cereals and tubers,Maize flour,KG,2587.0,2625.0,-38.0,-0.0144761904761904,2556.6666666666665,2330.333333333333,2433.0,2584.796791071265,-151.79679107126503
2025,8,3,Moroto,Moroto Municipality,Moroto,2.53,34.65,cereals and tubers,Sorghum,KG,1710.0,1742.0,-32.0,-0.018369690011481,1717.3333333333333,1570.6666666666667,1644.0,1621.0015222316297,22.99847776837032
2025,8,3,Koboko,Koboko,Lobule (refugee settlement),3.39,31.03,oil and fats,Oil (vegetable),L,7262.0,7750.0,-488.0,-0.0629677419354838,7570.666666666667,7635.333333333333,8000.0,7915.087671859394,84.9123281406064
2025,8,3,Gulu,Gulu Municipality,Gulu,2.77,32.31,cereals and tubers,Maize (white),KG,1333.0,1800.0,-467.0,-0.2594444444444444,1711.0,1654.1666666666667,1540.0,1372.4593241378677,167.54067586213228
2025,8,3,Nakapiripirit,Kadani,Namalu,1.79,34.6,cereals and tubers,Maize flour,KG,2467.0,2933.0,-466.0,-0.1588816911012615,2750.0,2551.5,2350.0,2426.929897302222,-76.92989730222189
2025,8,3,Adjumani,Adjumani,Adjumani (refugee settlement),3.34,31.78,cereals and tubers,Sorghum,KG,1335.0,2000.0,-665.0,-0.3325,1755.6666666666667,1666.3333333333333,1325.0,1373.5098177746568,-48.50981777465677
2025,8,3,Arua,Terego,Imvepi (refugee settlement),3.23,31.28,oil and fats,Oil (vegetable),L,7733.0,7763.0,-30.0,-0.0038644853793636,7734.666666666667,7827.833333333333,7138.0,7707.419006147413,-569.4190061474128
2025,8,3,Amudat,Upe,Karita,1.54,34.83,cereals and tubers,Maize flour,KG,2800.0,2625.0,175.0,0.0666666666666666,2655.0,2528.5,2100.0,2712.826861495953,-612.8268614959529
2025,8,3,Kamwenge,Kibale,Rwamwanja (refugee settlement),0.31,30.68,oil and fats,Oil (vegetable),L,9769.0,11231.0,-1462.0,-0.1301754073546434,10596.333333333334,10296.833333333334,8944.0,9767.839100000001,-823.839100000001
2025,8,3,Hoima,Bugahya,Hoima,1.43,31.35,pulses and nuts,Beans,KG,4000.0,4000.0,0.0,0.0,4333.333333333333,4425.0,4000.0,3969.8136263386136,30.18637366138637
2025,8,3,Koboko,Koboko,Lobule (refugee settlement),3.39,31.03,cereals and tubers,Maize flour,KG,2342.0,2974.0,-632.0,-0.2125084061869536,2762.6666666666665,2867.5,2929.0,2524.824713260632,404.17528673936795
2025,8,3,Arua,Terego,Rhino Camp (refugee settlement),3.17,31.31,milk and dairy,Milk (fresh),L,3000.0,3000.0,0.0,0.0,2666.6666666666665,2210.0,2000.0,2978.9177693448332,-978.9177693448332
2025,8,3,Soroti,Soroti Municipality,Soroti,1.71,33.62,cereals and tubers,Maize flour,KG,2225.0,2440.0,-215.0,-0.0881147540983606,2288.333333333333,2149.1666666666665,2392.0,2214.3011464100423,177.6988535899577
2025,8,3,Kaabong,Dodoth,Kaabong,3.54,34.12,cereals and tubers,Maize flour,KG,2713.0,2900.0,-187.0,-0.0644827586206896,2804.333333333333,2689.6666666666665,2300.0,2622.4009531425163,-322.4009531425163
2025,8,3,Kamwenge,Kibale,Rwamwanja (refugee settlement),0.31,30.68,cereals and tubers,Millet flour,KG,4038.0,4385.0,-347.0,-0.079133409350057,4176.0,4135.666666666667,4806.0,4111.151279450678,694.848720549322
2025,8,3,Kyegegwa,Kyaka,Kyaka II (refugee settlement),0.36,31.09,cereals and tubers,Maize flour,KG,3050.0,3113.0,-63.0,-0.0202377128172181,3117.333333333333,3152.833333333333,3079.0,3045.5613819365117,33.43861806348832
2025,8,3,Yumbe,Aringa,Bidibidi (refugee settlement),3.36,31.35,cereals and tubers,Maize flour,KG,2183.0,2772.0,-589.0,-0.2124819624819625,2575.0,2672.6666666666665,2961.0,2343.6547778068425,617.3452221931575
2025,8,3,Napak,Bokora,Napak,2.22,34.26,cereals and tubers,Sorghum,KG,800.0,1566.0,-766.0,-0.4891443167305236,1315.0,1265.8333333333333,800.0,1136.5821709813133,-336.5821709813133
2025,8,3,Kabarole,Fort Portal Municipality,Fort Portal,0.66,30.28,cereals and tubers,Maize flour,KG,2750.0,3000.0,-250.0,-0.0833333333333333,2916.6666666666665,2882.1666666666665,2938.0,2684.920348792409,253.0796512075908
2025,8,3,Kaabong,Dodoth,Karenga,3.57,33.7,cereals and tubers,Sorghum,KG,1763.0,1690.0,73.0,0.0431952662721893,1659.3333333333333,1388.0,1250.0,1774.9560935372065,-524.9560935372065
2025,8,3,Arua,Terego,Imvepi (refugee settlement),3.23,31.28,milk and dairy,Milk (fresh),L,2000.0,2000.0,0.0,0.0,2000.0,1875.0,2000.0,1955.7968206175772,44.20317938242283
2025,8,3,Isingiro,Bukanga,Oruchinga (refugee settlement),-0.94,30.76,oil and fats,Oil (vegetable),L,8251.0,7990.0,261.0,0.0326658322903629,8070.333333333333,8020.0,8000.0,8336.719839196803,-336.71983919680315
2025,8,3,Busia,Samia-bugwe,Busia,0.47,34.09,pulses and nuts,Beans,KG,2675.0,2615.0,60.0,0.022944550669216,2780.0,3112.0,2663.0,2790.651852191353,-127.6518521913531
2025,8,3,Arua,Terego,Rhino Camp (refugee settlement),3.17,31.31,cereals and tubers,Cassava (fresh),KG,284.0,323.0,-39.0,-0.1207430340557275,369.6666666666667,386.3333333333333,1145.0,390.58520000000027,754.4147999999998
2025,8,3,Hoima,Bugahya,Hoima,1.43,31.35,cereals and tubers,Maize flour,KG,2500.0,2500.0,0.0,0.0,2500.0,2523.833333333333,2500.0,2515.0887413806913,-15.088741380691317
2025,8,3,Moyo,Obongi,Palorinya (refugee settlement),3.47,31.63,cereals and tubers,Maize flour,KG,2000.0,3143.0,-1143.0,-0.3636652879414572,3047.6666666666665,2691.1666666666665,1425.0,2140.419376608912,-715.419376608912
2025,8,3,Arua,Terego,Imvepi (refugee settlement),3.23,31.28,cereals and tubers,Cassava (fresh),KG,681.0,576.0,105.0,0.1822916666666666,555.6666666666666,772.3333333333334,526.0,633.0507014256045,-107.05070142560453
2025,8,3,Soroti,Soroti Municipality,Soroti,1.71,33.62,pulses and nuts,Beans,KG,3817.0,3973.0,-156.0,-0.03926503901334,4107.666666666667,4141.833333333333,3750.0,4012.068704360622,-262.0687043606222
2025,8,3,Kasese,Busongora,Kasese,0.17,30.07,cereals and tubers,Maize flour,KG,2475.0,2600.0,-125.0,-0.048076923076923,2491.6666666666665,2348.6666666666665,2550.0,2407.112730223051,142.88726977694887
2025,8,3,Hoima,Buhaguzi,Kyangwali (refugee settlement),1.16,30.75,cereals and tubers,Cassava (fresh),KG,556.0,724.0,-168.0,-0.2320441988950276,781.3333333333334,679.1666666666666,381.0,624.1507320624485,-243.15073206244847
2025,8,3,Isingiro,Bukanga,Nakivale (refugee settlement),-0.78,30.96,oil and fats,Oil (vegetable),L,7902.0,7652.0,250.0,0.0326711970726607,7736.666666666667,7696.5,7347.0,7810.886202703799,-463.8862027037994
2025,8,3,Nakapiripirit,Pian,Nabilatuk,2.05,34.57,cereals and tubers,Sorghum,KG,881.0,1086.0,-205.0,-0.1887661141804788,1108.6666666666667,1025.1666666666667,786.0,960.8585967675104,-174.85859676751045
2025,8,3,Masindi,Buruli M,Masindi,1.69,31.71,pulses and nuts,Beans,KG,3500.0,3550.0,-50.0,-0.0140845070422535,3608.3333333333335,3768.8333333333335,3222.0,3485.2314729192167,-263.2314729192167
2025,8,3,Lamwo,Lamwo,Palabek (refugee settlement),3.34,32.47,cereals and tubers,Maize flour,KG,2494.0,3167.0,-673.0,-0.2125039469529523,3170.333333333333,2917.833333333333,4000.0,2426.3157041805016,1573.6842958194984
2025,8,3,Kiryandongo,Kibanda,Kiryandongo (refugee settlement),1.94,32.21,oil and fats,Oil (vegetable),L,7583.0,7500.0,83.0,0.0110666666666666,7541.666666666667,7683.0,7458.0,7374.475338970915,83.52466102908511
2025,8,3,Iganga,Kigulu,Iganga,0.61,33.47,cereals and tubers,Maize (white),KG,1650.0,1930.0,-280.0,-0.1450777202072538,1831.0,1720.6666666666667,1550.0,1496.795712088643,53.204287911356914
2025,8,3,Arua,Arua Municipality,Arua,3.02,30.91,cereals and tubers,Maize flour,KG,3400.0,3600.0,-200.0,-0.0555555555555555,3366.6666666666665,3047.5,3500.0,3396.680733330617,103.31926666938307
2025,8,3,Masaka,Masaka Municipality,Masaka,-0.35,31.74,cereals and tubers,Cassava flour,KG,1400.0,1400.0,0.0,0.0,1400.0,1481.8333333333333,1400.0,1415.3134555033125,-15.313455503312525
2025,8,3,Masindi,Buruli M,Masindi,1.69,31.71,cereals and tubers,Sorghum,KG,2000.0,2000.0,0.0,0.0,2000.0,2000.0,2000.0,1994.0866672964291,5.913332703570859
2025,8,3,Adjumani,Adjumani,Adjumani (refugee settlement),3.34,31.78,oil and fats,Oil (vegetable),L,7925.0,7944.0,-19.0,-0.0023917421953675,7933.666666666667,7935.166666666667,7821.0,7753.166989812265,67.83301018773545
2025,8,3,Isingiro,Bukanga,Oruchinga (refugee settlement),-0.94,30.76,cereals and tubers,Cassava (fresh),KG,483.0,560.0,-77.0,-0.1375,535.3333333333334,549.0,500.0,667.1725603484269,-167.17256034842694
2025,8,3,Kyegegwa,Kyaka,Kyaka II (refugee settlement),0.36,31.09,cereals and tubers,Millet flour,KG,4100.0,4142.0,-42.0,-0.0101400289715113,4103.333333333333,4110.0,4923.0,4019.3877547853895,903.6122452146105
2025,8,3,Nakapiripirit,Pian,Nabilatuk,2.05,34.57,oil and fats,Oil (vegetable),L,7500.0,8500.0,-1000.0,-0.1176470588235294,8111.0,7842.5,7167.0,7426.68656040724,-259.68656040724
2025,8,3,Yumbe,Aringa,Bidibidi (refugee settlement),3.36,31.35,pulses and nuts,Beans,KG,4564.0,4451.0,113.0,0.0253875533587957,4483.0,4458.333333333333,4211.0,4404.023874588322,-193.02387458832163
2025,8,3,Kiryandongo,Kibanda,Kiryandongo (refugee settlement),1.94,32.21,cereals and tubers,Maize flour,KG,2942.0,2962.0,-20.0,-0.0067521944632005,2887.333333333333,2718.1666666666665,2400.0,2894.955914877401,-494.955914877401
2025,8,3,Kaabong,Dodoth,Kaabong,3.54,34.12,pulses and nuts,Beans,KG,4275.0,4400.0,-125.0,-0.0284090909090909,4516.666666666667,4539.666666666667,3500.0,4345.419624281485,-845.4196242814851
2025,8,3,Kamwenge,Kibale,Rwamwanja (refugee settlement),0.31,30.68,miscellaneous food,Salt,KG,1685.0,1662.0,23.0,0.0138387484957882,1663.0,1642.6666666666667,2467.0,1686.8389055350335,780.1610944649665
2025,8,3,Kotido,Jie,Kotido,3.0,34.11,cereals and tubers,Maize (white),KG,1460.0,1713.0,-253.0,-0.1476941039112667,1612.0,1419.3333333333333,800.0,1603.3500292424758,-803.3500292424758
2025,8,3,Lamwo,Lamwo,Palabek (refugee settlement),3.34,32.47,oil and fats,Oil (vegetable),L,7496.0,8000.0,-504.0,-0.063,7832.0,8334.0,8000.0,7540.8094247316185,459.1905752683815
2025,8,3,Lamwo,Lamwo,Palabek (refugee settlement),3.34,32.47,cereals and tubers,Millet flour,KG,4654.0,4500.0,154.0,0.0342222222222222,4361.0,4557.833333333333,3000.0,4557.567460843151,-1557.567460843151
2025,8,3,Napak,Bokora,Napak,2.22,34.26,oil and fats,Oil (vegetable),L,7000.0,7181.0,-181.0,-0.0252054031471939,7060.333333333333,7203.833333333333,7000.0,7025.036710671763,-25.036710671763103
2025,8,3,Yumbe,Aringa,Bidibidi (refugee settlement),3.36,31.35,milk and dairy,Milk (fresh),L,1847.0,1847.0,0.0,0.0,1778.6666666666667,1710.1666666666667,2000.0,1891.4135536844944,108.58644631550555
2025,8,3,Arua,Arua Municipality,Arua,3.02,30.91,cereals and tubers,Sorghum,KG,2000.0,2000.0,0.0,0.0,2083.333333333333,1970.0,3000.0,2019.545922968514,980.4540770314859
2025,8,3,Kween,Kween,Kapchorwa,1.38,34.52,cereals and tubers,Maize flour,KG,2275.0,2800.0,-525.0,-0.1875,2625.0,2562.5,2400.0,2227.852980354841,172.14701964515916
2025,8,3,Nakapiripirit,Kadani,Namalu,1.79,34.6,cereals and tubers,Sorghum,KG,950.0,1450.0,-500.0,-0.3448275862068966,1308.3333333333333,1326.0,825.0,1029.8761872886298,-204.8761872886298
2025,8,3,Kiryandongo,Kibanda,Kiryandongo (refugee settlement),1.94,32.21,cereals and tubers,Cassava (fresh),KG,556.0,661.0,-105.0,-0.1588502269288956,761.3333333333334,774.6666666666666,874.0,614.3734139701941,259.62658602980594
2025,8,3,Kaabong,Dodoth,Karenga,3.57,33.7,oil and fats,Oil (vegetable),L,8000.0,8000.0,0.0,0.0,8000.0,7947.0,8000.0,7983.561303234199,16.43869676580107
2025,8,3,Iganga,Kigulu,Iganga,0.61,33.47,cereals and tubers,Maize flour,KG,2225.0,2588.0,-363.0,-0.1402627511591962,2398.6666666666665,2304.6666666666665,1920.0,2194.7913654899194,-274.7913654899194
2025,8,3,Kaabong,Dodoth,Kaabong,3.54,34.12,cereals and tubers,Maize (white),KG,1706.0,1765.0,-59.0,-0.03342776203966,1798.6666666666667,1795.1666666666667,1075.0,1645.818293637009,-570.818293637009
2025,8,3,Kaabong,Dodoth,Karenga,3.57,33.7,cereals and tubers,Cassava flour,KG,1500.0,1600.0,-100.0,-0.0625,1545.3333333333333,1484.8333333333333,1571.0,1572.0730838597183,-1.073083859718281
2025,8,3,Napak,Bokora,Napak,2.22,34.26,cereals and tubers,Cassava flour,KG,800.0,1563.0,-763.0,-0.4881637875879718,1111.3333333333333,1525.1666666666667,800.0,1220.310057122509,-420.3100571225091
2025,8,3,Amudat,Upe,Karita,1.54,34.83,cereals and tubers,Maize (white),KG,1818.0,2000.0,-182.0,-0.091,1912.6666666666667,1727.5,1263.0,1804.147429242744,-541.147429242744
2025,8,3,Isingiro,Bukanga,Nakivale (refugee settlement),-0.78,30.96,cereals and tubers,Maize flour,KG,1865.0,2188.0,-323.0,-0.1476234003656307,2066.6666666666665,2106.833333333333,2052.0,2046.2636921721635,5.7363078278365265
2025,8,3,Abim,Labwor,Makaratin,2.71,33.64,cereals and tubers,Maize (white),KG,1950.0,2338.0,-388.0,-0.1659538066723695,1969.3333333333333,1613.8333333333333,1290.0,1798.4209479184285,-508.4209479184285
2025,8,3,Kamwenge,Kibale,Rwamwanja (refugee settlement),0.31,30.68,cereals and tubers,Maize flour,KG,2846.0,3038.0,-192.0,-0.0631994733377221,2935.0,2916.5,3000.0,2554.809974449406,445.1900255505939
2025,8,3,Isingiro,Bukanga,Oruchinga (refugee settlement),-0.94,30.76,cereals and tubers,Maize flour,KG,1737.0,2038.0,-301.0,-0.1476938174681059,1944.3333333333333,2001.1666666666667,2500.0,1972.5952221972977,527.4047778027023
2025,8,3,Kiryandongo,Kibanda,Kiryandongo (refugee settlement),1.94,32.21,cereals and tubers,Millet flour,KG,5333.0,5231.0,102.0,0.0194991397438348,5182.333333333333,5010.0,5000.0,4874.288646645022,125.7113533549782
2025,8,3,Abim,Labwor,Makaratin,2.71,33.64,cereals and tubers,Maize flour,KG,2200.0,2750.0,-550.0,-0.2,2560.0,2442.6666666666665,2170.0,2254.984456373741,-84.98445637374107
2025,8,3,Mbarara,Mbarara Municipality,Mbarara,-0.61,30.65,cereals and tubers,Maize (white),KG,2500.0,2500.0,0.0,0.0,2500.0,2202.6666666666665,2500.0,2490.1349543053084,9.865045694691617
2025,8,3,Kabarole,Fort Portal Municipality,Fort Portal,0.66,30.28,pulses and nuts,Beans,KG,4250.0,4000.0,250.0,0.0625,4375.0,4883.166666666667,5000.0,4288.13333995831,711.86666004169
2025,8,3,Amudat,Upe,Karita,1.54,34.83,pulses and nuts,Beans,KG,4500.0,4500.0,0.0,0.0,4466.666666666667,4349.666666666667,4125.0,4319.6344642106715,-194.63446421067147
2025,8,3,Soroti,Soroti Municipality,Soroti,1.71,33.62,cereals and tubers,Sorghum,KG,1017.0,1443.0,-426.0,-0.2952182952182952,1286.6666666666667,1254.5,1142.0,1046.6942843335985,95.30571566640151
2025,8,3,Kotido,Jie,Kotido,3.0,34.11,cereals and tubers,Maize flour,KG,2500.0,2588.0,-88.0,-0.0340030911901081,2562.6666666666665,2475.5,2050.0,2479.7346213464693,-429.73462134646934
2025,8,3,Mbarara,Mbarara Municipality,Mbarara,-0.61,30.65,cereals and tubers,Maize flour,KG,3000.0,3260.0,-260.0,-0.0797546012269938,3211.6666666666665,2943.5,3000.0,3023.1952789705206,-23.195278970520576
2025,8,3,Lira,Lira Municipality,Lira,2.23,32.91,cereals and tubers,Maize flour,KG,2033.0,2400.0,-367.0,-0.1529166666666666,2344.333333333333,2394.1666666666665,2020.0,2084.6092755855484,-64.6092755855484
2025,8,3,Isingiro,Bukanga,Oruchinga (refugee settlement),-0.94,30.76,cereals and tubers,Millet flour,KG,3733.0,4083.0,-350.0,-0.085721283370071,3966.3333333333335,3830.3333333333335,4625.0,3605.6983463777447,1019.3016536222553
2025,8,3,Kyegegwa,Kyaka,Kyaka II (refugee settlement),0.36,31.09,oil and fats,Oil (vegetable),L,8000.0,8000.0,0.0,0.0,8000.0,7980.333333333333,7505.0,8026.026172460078,-521.0261724600778
2025,8,3,Masaka,Masaka Municipality,Masaka,-0.35,31.74,oil and fats,Oil (vegetable),L,7167.0,7375.0,-208.0,-0.0282033898305084,7347.333333333333,7686.166666666667,7000.0,7318.148485122925,-318.1484851229252
2025,8,3,Adjumani,Adjumani,Adjumani (refugee settlement),3.34,31.78,milk and dairy,Milk (fresh),L,2000.0,2000.0,0.0,0.0,2000.0,1873.0,2000.0,1960.1641624228055,39.835837577194525
2025,8,3,Arua,Terego,Imvepi (refugee settlement),3.23,31.28,cereals and tubers,Sorghum,KG,1463.0,1696.0,-233.0,-0.1373820754716981,1560.0,1382.0,1875.0,1506.180948984161,368.819051015839
2025,8,3,Lira,Lira Municipality,Lira,2.23,32.91,cereals and tubers,Maize (white),KG,933.0,1280.0,-347.0,-0.27109375,1200.3333333333333,1219.3333333333333,930.0,1034.941235919697,-104.94123591969696
2025,8,3,Kamwenge,Kibale,Rwamwanja (refugee settlement),0.31,30.68,cereals and tubers,Cassava (fresh),KG,571.0,800.0,-229.0,-0.28625,572.0,533.5,556.0,611.8388824834124,-55.83888248341236
2025,9,3,Kotido,Jie,Kotido,3.0,34.11,pulses and nuts,Beans,KG,3000.0,3000.0,0.0,0.0,3175.0,3535.5,3000.0,3038.5895123684795,-38.58951236847952
2025,9,3,Arua,Arua Municipality,Arua,3.02,30.91,cereals and tubers,Sorghum,KG,3000.0,2000.0,1000.0,0.5,2333.333333333333,2177.0,2750.0,2894.2576104035875,-144.25761040358748
2025,9,3,Kween,Kween,Kapchorwa,1.38,34.52,cereals and tubers,Sorghum,KG,2000.0,2000.0,0.0,0.0,2000.0,1944.5,2000.0,2015.8944411095517,-15.894441109551735
2025,9,3,Mbarara,Mbarara Municipality,Mbarara,-0.61,30.65,pulses and nuts,Beans,KG,4000.0,3833.0,167.0,0.0435690060005217,3777.6666666666665,4281.166666666667,4000.0,3990.369171097709,9.630828902290887
2025,9,3,Koboko,Koboko,Lobule (refugee settlement),3.39,31.03,vegetables and fruits,Leafy vegetables,KG,3333.0,1454.0,1879.0,1.2922971114167814,2135.6666666666665,1877.6666666666667,1146.0,2382.2430147826085,-1236.2430147826085
2025,9,3,Napak,Bokora,Napak,2.22,34.26,pulses and nuts,Beans,KG,4000.0,4000.0,0.0,0.0,4137.666666666667,4275.166666666667,4000.0,3999.6108675095015,0.38913249049846854
2025,9,3,Kyegegwa,Kyaka,Kyaka II (refugee settlement),0.36,31.09,vegetables and fruits,Leafy vegetables,KG,1010.0,1493.0,-483.0,-0.3235097119892833,1355.3333333333333,1507.3333333333333,1515.0,1291.0437875897762,223.95621241022377
2025,9,3,Hoima,Buhaguzi,Kyangwali (refugee settlement),1.16,30.75,milk and dairy,Milk (fresh),L,1820.0,2000.0,-180.0,-0.09,2340.0,2170.0,2000.0,2023.3633340628016,-23.36333406280164
2025,9,3,Hoima,Buhaguzi,Kyangwali (refugee settlement),1.16,30.75,cereals and tubers,Millet flour,KG,4266.0,4000.0,266.0,0.0665,4588.666666666667,4572.333333333333,4250.0,4041.62943687867,208.37056312133018
2025,9,3,Kaabong,Dodoth,Kaabong,3.54,34.12,pulses and nuts,Beans,KG,3500.0,4275.0,-775.0,-0.1812865497076023,4058.3333333333335,4373.0,3380.0,3715.877387218045,-335.877387218045
2025,9,3,Soroti,Soroti Municipality,Soroti,1.71,33.62,pulses and nuts,Beans,KG,3750.0,3817.0,-67.0,-0.0175530521351847,3846.6666666666665,4100.166666666667,3720.0,3927.9249603667304,-207.92496036673037
2025,9,3,Arua,Terego,Imvepi (refugee settlement),3.23,31.28,pulses and nuts,Beans,KG,3625.0,3977.0,-352.0,-0.0885089263263766,4092.0,4383.0,3544.0,3801.064572067125,-257.064572067125
2025,9,3,Isingiro,Bukanga,Nakivale (refugee settlement),-0.78,30.96,vegetables and fruits,Leafy vegetables,KG,1028.0,1581.0,-553.0,-0.3497786211258697,1396.6666666666667,1488.8333333333333,2128.0,1261.5359015328515,866.4640984671485
2025,9,3,Masaka,Masaka Municipality,Masaka,-0.35,31.74,pulses and nuts,Beans,KG,3200.0,3000.0,200.0,0.0666666666666666,3016.6666666666665,3351.6666666666665,3067.0,3243.6541634925234,-176.65416349252337
2025,9,3,Isingiro,Bukanga,Oruchinga (refugee settlement),-0.94,30.76,vegetables and fruits,Leafy vegetables,KG,1000.0,1738.0,-738.0,-0.4246260069044879,1492.0,1614.8333333333333,1667.0,1435.8534381507404,231.14656184925957
2025,9,3,Moroto,Moroto Municipality,Moroto,2.53,34.65,cereals and tubers,Sorghum,KG,1644.0,1710.0,-66.0,-0.0385964912280701,1698.6666666666667,1641.3333333333333,1356.0,1607.5572238979757,-251.55722389797575
2025,9,3,Jinja,Jinja Municipality,Jinja,0.42,33.2,cereals and tubers,Sorghum,KG,2000.0,2350.0,-350.0,-0.1489361702127659,2116.6666666666665,2040.3333333333333,2000.0,2006.0367640426505,-6.036764042650475
2025,9,3,Adjumani,Adjumani,Adjumani (refugee settlement),3.34,31.78,pulses and nuts,Beans,KG,2971.0,2925.0,46.0,0.0157264957264957,2993.0,3479.6666666666665,2969.0,3034.297230987093,-65.29723098709292
2025,9,3,Adjumani,Adjumani,Adjumani (refugee settlement),3.34,31.78,cereals and tubers,Millet flour,KG,4917.0,4938.0,-21.0,-0.0042527339003645,4826.666666666667,4458.833333333333,5000.0,4486.25199300992,513.7480069900803
2025,9,3,Kamwenge,Kibale,Rwamwanja (refugee settlement),0.31,30.68,cereals and tubers,Millet flour,KG,4806.0,4038.0,768.0,0.1901931649331352,4409.666666666667,4287.333333333333,4714.0,4415.336251373368,298.6637486266318
2025,9,3,Kaabong,Dodoth,Karenga,3.57,33.7,pulses and nuts,Beans,KG,3429.0,4000.0,-571.0,-0.14275,3809.6666666666665,3916.6666666666665,3650.0,3458.976169019879,191.02383098012115
2025,9,3,Nakapiripirit,Pian,Nabilatuk,2.05,34.57,pulses and nuts,Beans,KG,3233.0,3267.0,-34.0,-0.0104071013161922,3444.333333333333,3880.6666666666665,3044.0,3244.371552264872,-200.3715522648722
2025,9,3,Nakapiripirit,Kadani,Namalu,1.79,34.6,pulses and nuts,Beans,KG,2100.0,2067.0,33.0,0.0159651669085631,2078.0,3130.6666666666665,2700.0,2158.950649884023,541.0493501159772
2025,9,3,Amudat,Upe,Karita,1.54,34.83,pulses and nuts,Beans,KG,4125.0,4500.0,-375.0,-0.0833333333333333,4375.0,4328.833333333333,4000.0,4273.364253477838,-273.36425347783825
2025,9,3,Kiryandongo,Kibanda,Kiryandongo (refugee settlement),1.94,32.21,vegetables and fruits,Leafy vegetables,KG,5556.0,4000.0,1556.0,0.389,4418.666666666667,4548.333333333333,2611.0,4116.675,-1505.6750000000002
2025,9,3,Hoima,Bugahya,Hoima,1.43,31.35,cereals and tubers,Sorghum,KG,3500.0,3250.0,250.0,0.0769230769230769,3283.333333333333,3291.6666666666665,3500.0,3623.3569506874196,-123.35695068741961
2025,9,3,Arua,Terego,Rhino Camp (refugee settlement),3.17,31.31,pulses and nuts,Beans,KG,3042.0,4483.0,-1441.0,-0.3214365380325675,3599.333333333333,4133.666666666667,2800.0,3134.592244502614,-334.592244502614
2025,9,3,Kiryandongo,Kibanda,Kiryandongo (refugee settlement),1.94,32.21,pulses and nuts,Beans,KG,3042.0,3458.0,-416.0,-0.1203007518796992,3425.6666666666665,3661.1666666666665,2833.0,3102.4648206213537,-269.46482062135374
2025,9,3,Moyo,Obongi,Palorinya (refugee settlement),3.47,31.63,vegetables and fruits,Leafy vegetables,KG,625.0,1741.0,-1116.0,-0.6410109132682367,1196.0,1444.1666666666667,1108.0,1372.5847619047618,-264.58476190476176
2025,9,3,Adjumani,Adjumani,Adjumani (refugee settlement),3.34,31.78,milk and dairy,Milk (fresh),L,2000.0,2000.0,0.0,0.0,2000.0,2000.0,2000.0,1969.8589152196955,30.14108478030448
2025,9,3,Adjumani,Adjumani,Adjumani (refugee settlement),3.34,31.78,vegetables and fruits,Leafy vegetables,KG,2381.0,2128.0,253.0,0.118890977443609,2024.0,1873.6666666666667,1429.0,2120.418166829497,-691.4181668294968
2025,9,3,Hoima,Bugahya,Hoima,1.43,31.35,pulses and nuts,Beans,KG,4000.0,4000.0,0.0,0.0,4000.0,4500.0,4000.0,3939.1291227440965,60.87087725590345
2025,9,3,Soroti,Soroti Municipality,Soroti,1.71,33.62,cereals and tubers,Sorghum,KG,1142.0,1017.0,125.0,0.1229105211406096,1200.6666666666667,1251.5,1050.0,1172.4570437359416,-122.45704373594162
2025,9,3,Koboko,Koboko,Lobule (refugee settlement),3.39,31.03,pulses and nuts,Beans,KG,2459.0,4440.0,-1981.0,-0.4461711711711711,3743.0,4036.5,4021.0,3183.34,837.6599999999999
2025,9,3,Kotido,Jie,Kotido,3.0,34.11,cereals and tubers,Sorghum,KG,825.0,1620.0,-795.0,-0.4907407407407407,1394.3333333333333,1338.0,810.0,1133.8291292450942,-323.82912924509424
2025,9,3,Arua,Terego,Rhino Camp (refugee settlement),3.17,31.31,cereals and tubers,Millet flour,KG,4821.0,5000.0,-179.0,-0.0358,4834.333333333333,4493.166666666667,4900.0,4603.351850510697,296.64814948930325
2025,9,3,Gulu,Gulu Municipality,Gulu,2.77,32.31,pulses and nuts,Beans,KG,4500.0,4033.0,467.0,0.1157946937763451,4286.0,4835.0,4900.0,4256.736667795298,643.2633322047022
2025,9,3,Yumbe,Aringa,Bidibidi (refugee settlement),3.36,31.35,cereals and tubers,Millet flour,KG,5053.0,4745.0,308.0,0.0649104320337197,4795.333333333333,4691.833333333333,4703.0,4833.204866144571,-130.2048661445706
2025,9,3,Kyegegwa,Kyaka,Kyaka II (refugee settlement),0.36,31.09,cereals and tubers,Millet flour,KG,4923.0,4100.0,823.0,0.2007317073170731,4388.333333333333,4255.833333333333,4144.0,4243.124264614634,-99.12426461463383
2025,9,3,Kyegegwa,Kyaka,Kyaka II (refugee settlement),0.36,31.09,pulses and nuts,Beans,KG,3936.0,2490.0,1446.0,0.5807228915662651,2945.6666666666665,3172.6666666666665,2167.0,4086.172475450151,-1919.172475450151
2025,9,3,Yumbe,Aringa,Bidibidi (refugee settlement),3.36,31.35,pulses and nuts,Beans,KG,4211.0,4564.0,-353.0,-0.0773444347063979,4408.666666666667,4429.666666666667,3938.0,4308.736171683736,-370.73617168373585
2025,9,3,Lamwo,Lamwo,Palabek (refugee settlement),3.34,32.47,cereals and tubers,Millet flour,KG,3000.0,4654.0,-1654.0,-0.3553932101418135,4051.3333333333335,4328.666666666667,3750.0,3129.3818683297227,620.6181316702773
2025,9,3,Lamwo,Lamwo,Palabek (refugee settlement),3.34,32.47,pulses and nuts,Beans,KG,4000.0,3589.0,411.0,0.1145165784341042,3696.3333333333335,3868.1666666666665,3200.0,3935.588822625723,-735.588822625723
2025,9,3,Jinja,Jinja Municipality,Jinja,0.42,33.2,pulses and nuts,Beans,KG,4000.0,4000.0,0.0,0.0,4066.6666666666665,4348.666666666667,4000.0,4011.94877845116,-11.948778451159797
2025,9,3,Kween,Kween,Kapchorwa,1.38,34.52,pulses and nuts,Beans,KG,3000.0,4000.0,-1000.0,-0.25,3347.6666666666665,3173.833333333333,2625.0,2972.4621014272443,-347.4621014272443
2025,9,3,Kaabong,Dodoth,Kaabong,3.54,34.12,cereals and tubers,Sorghum,KG,1200.0,2300.0,-1100.0,-0.4782608695652174,1998.3333333333333,1822.3333333333333,1310.0,1415.3961870460712,-105.39618704607119
2025,9,3,Nakapiripirit,Kadani,Namalu,1.79,34.6,cereals and tubers,Sorghum,KG,825.0,950.0,-125.0,-0.131578947368421,1075.0,1266.3333333333333,900.0,914.9940141679904,-14.994014167990372
2025,9,3,Moyo,Obongi,Palorinya (refugee settlement),3.47,31.63,cereals and tubers,Millet flour,KG,6000.0,6000.0,0.0,0.0,6000.0,6006.5,6000.0,5708.937164999999,291.06283500000063
2025,9,3,Isingiro,Bukanga,Nakivale (refugee settlement),-0.78,30.96,milk and dairy,Milk (fresh),L,1933.0,1810.0,123.0,0.0679558011049723,1851.0,1830.5,2000.0,1927.8062722701764,72.19372772982365
2025,9,3,Yumbe,Aringa,Bidibidi (refugee settlement),3.36,31.35,vegetables and fruits,Leafy vegetables,KG,1041.0,1343.0,-302.0,-0.2248696947133283,1293.3333333333333,1394.6666666666667,1060.0,1505.9876598082728,-445.98765980827284
2025,9,3,Moyo,Obongi,Palorinya (refugee settlement),3.47,31.63,pulses and nuts,Beans,KG,3750.0,3694.0,56.0,0.0151597184623714,3802.0,4064.6666666666665,2950.0,3902.6266036907514,-952.6266036907514
2025,9,3,Kabarole,Fort Portal Municipality,Fort Portal,0.66,30.28,pulses and nuts,Beans,KG,5000.0,4250.0,750.0,0.1764705882352941,4416.666666666667,4958.333333333333,4250.0,4819.429955742558,-569.4299557425584
2025,9,3,Kiryandongo,Kibanda,Kiryandongo (refugee settlement),1.94,32.21,cereals and tubers,Millet flour,KG,5000.0,5333.0,-333.0,-0.0624414025876617,5188.0,4957.833333333333,4200.0,4705.241542898172,-505.24154289817216
2025,9,3,Abim,Labwor,Makaratin,2.71,33.64,cereals and tubers,Sorghum,KG,1840.0,2088.0,-248.0,-0.1187739463601532,2084.333333333333,1768.8333333333333,1663.0,1902.9737173732337,-239.97371737323374
2025,9,3,Mbarara,Mbarara Municipality,Mbarara,-0.61,30.65,cereals and tubers,Sorghum,KG,4000.0,4000.0,0.0,0.0,3733.3333333333335,3310.833333333333,4000.0,3909.9577673475956,90.04223265240444
2025,9,3,Hoima,Buhaguzi,Kyangwali (refugee settlement),1.16,30.75,vegetables and fruits,Leafy vegetables,KG,1724.0,2000.0,-276.0,-0.138,2474.6666666666665,2577.6666666666665,3333.0,2230.3587889543996,1102.6412110456004
2025,9,3,Busia,Samia-bugwe,Busia,0.47,34.09,pulses and nuts,Beans,KG,2663.0,2675.0,-12.0,-0.0044859813084112,2651.0,3011.6666666666665,2540.0,2726.0495499088483,-186.04954990884835
2025,9,3,Kasese,Busongora,Kasese,0.17,30.07,cereals and tubers,Sorghum,KG,3200.0,3650.0,-450.0,-0.1232876712328767,3556.6666666666665,3670.0,2940.0,3255.5920800128306,-315.5920800128306
2025,9,3,Isingiro,Bukanga,Oruchinga (refugee settlement),-0.94,30.76,milk and dairy,Milk (fresh),L,1800.0,1898.0,-98.0,-0.0516332982086406,1865.3333333333333,1881.6666666666667,2000.0,1861.058215175274,138.94178482472603
2025,9,3,Yumbe,Aringa,Bidibidi (refugee settlement),3.36,31.35,cereals and tubers,Sorghum,KG,2037.0,1194.0,843.0,0.7060301507537688,1527.0,1438.6666666666667,2266.0,1577.8375708297258,688.1624291702742
2025,9,3,Gulu,Gulu Municipality,Gulu,2.77,32.31,cereals and tubers,Sorghum,KG,2360.0,1267.0,1093.0,0.8626677190213102,1875.6666666666667,1837.8333333333333,2560.0,2253.862432705976,306.13756729402394
2025,9,3,Hoima,Buhaguzi,Kyangwali (refugee settlement),1.16,30.75,pulses and nuts,Beans,KG,2396.0,3000.0,-604.0,-0.2013333333333333,3132.0,3202.333333333333,2250.0,2622.5354517018513,-372.53545170185134
2025,9,3,Arua,Terego,Imvepi (refugee settlement),3.23,31.28,milk and dairy,Milk (fresh),L,2000.0,2000.0,0.0,0.0,2000.0,2000.0,2000.0,1955.1705181691023,44.82948183089775
2025,9,3,Masindi,Buruli M,Masindi,1.69,31.71,cereals and tubers,Sorghum,KG,2000.0,2000.0,0.0,0.0,2000.0,1958.3333333333333,2000.0,1990.49788092642,9.502119073579934
2025,9,3,Isingiro,Bukanga,Nakivale (refugee settlement),-0.78,30.96,pulses and nuts,Beans,KG,2583.0,2738.0,-155.0,-0.0566106647187728,2785.0,2909.6666666666665,2238.0,2560.6116603679184,-322.6116603679184
2025,9,3,Lira,Lira Municipality,Lira,2.23,32.91,pulses and nuts,Beans,KG,3300.0,3100.0,200.0,0.064516129032258,3386.6666666666665,3864.1666666666665,4000.0,3294.439160559469,705.5608394405308
2025,9,3,Kabarole,Fort Portal Municipality,Fort Portal,0.66,30.28,cereals and tubers,Sorghum,KG,4000.0,4000.0,0.0,0.0,4000.0,4000.0,4000.0,3116.518290687188,883.4817093128122
2025,9,3,Lamwo,Lamwo,Palabek (refugee settlement),3.34,32.47,vegetables and fruits,Leafy vegetables,KG,1220.0,1403.0,-183.0,-0.1304347826086956,1395.3333333333333,1781.8333333333333,3333.0,1431.5700310682355,1901.4299689317645
2025,9,3,Iganga,Kigulu,Iganga,0.61,33.47,pulses and nuts,Beans,KG,3613.0,3600.0,13.0,0.0036111111111111,3727.6666666666665,3953.5,3110.0,3824.776634301628,-714.7766343016278
2025,9,3,Moroto,Moroto Municipality,Moroto,2.53,34.65,pulses and nuts,Beans,KG,3729.0,3927.0,-198.0,-0.0504201680672268,4004.6666666666665,4284.0,3733.0,3681.415568373505,51.58443162649519
2025,9,3,Arua,Terego,Rhino Camp (refugee settlement),3.17,31.31,vegetables and fruits,Leafy vegetables,KG,2224.0,1964.0,260.0,0.1323828920570264,2125.333333333333,1883.8333333333333,1136.0,2220.9876601657065,-1084.9876601657065
2025,9,3,Koboko,Koboko,Lobule (refugee settlement),3.39,31.03,cereals and tubers,Millet flour,KG,4559.0,4487.0,72.0,0.0160463561399598,4461.666666666667,4400.166666666667,4625.0,4447.888363049776,177.11163695022424
2025,9,3,Lira,Lira Municipality,Lira,2.23,32.91,cereals and tubers,Sorghum,KG,1325.0,833.0,492.0,0.5906362545018007,1090.3333333333333,1062.5,1100.0,1384.1630703685669,-284.1630703685669
2025,9,3,Isingiro,Bukanga,Oruchinga (refugee settlement),-0.94,30.76,pulses and nuts,Beans,KG,2000.0,2360.0,-360.0,-0.1525423728813559,2325.0,2470.0,2050.0,2091.744174537738,-41.74417453773822
2025,9,3,Busia,Samia-bugwe,Busia,0.47,34.09,cereals and tubers,Sorghum,KG,1200.0,956.0,244.0,0.2552301255230125,1138.6666666666667,1319.3333333333333,1340.0,1156.3097281735186,183.69027182648142
2025,9,3,Arua,Arua Municipality,Arua,3.02,30.91,pulses and nuts,Beans,KG,4000.0,3800.0,200.0,0.0526315789473684,3779.3333333333335,3525.5,3000.0,3862.6854101763806,-862.6854101763806
2025,9,3,Arua,Terego,Imvepi (refugee settlement),3.23,31.28,cereals and tubers,Millet flour,KG,5083.0,4650.0,433.0,0.0931182795698924,4793.0,4357.0,4444.0,5046.023226938616,-602.0232269386161
2025,9,3,Arua,Terego,Imvepi (refugee settlement),3.23,31.28,vegetables and fruits,Leafy vegetables,KG,1114.0,1678.0,-564.0,-0.3361144219308701,1625.6666666666667,1504.0,1136.0,1569.0188002254463,-433.0188002254463
2025,9,3,Kamwenge,Kibale,Rwamwanja (refugee settlement),0.31,30.68,pulses and nuts,Beans,KG,2167.0,2385.0,-218.0,-0.0914046121593291,2389.0,2846.5,2089.0,2235.922746488495,-146.9227464884948
2025,9,3,Masindi,Buruli M,Masindi,1.69,31.71,pulses and nuts,Beans,KG,3222.0,3500.0,-278.0,-0.0794285714285714,3424.0,3639.1666666666665,2818.0,3169.8512677675303,-351.8512677675303
2025,9,3,Moyo,Obongi,Palorinya (refugee settlement),3.47,31.63,cereals and tubers,Sorghum,KG,1500.0,2833.0,-1333.0,-0.4705259442287328,2341.6666666666665,2275.1666666666665,1750.0,1970.7032000740624,-220.70320007406235
2025,9,3,Amudat,Upe,Karita,1.54,34.83,oil and fats,Oil (vegetable),L,7125.0,7636.0,-511.0,-0.0669198533263488,7545.333333333333,7595.666666666667,7250.0,7285.912224691366,-35.912224691365736
2025,9,3,Kasese,Busongora,Kasese,0.17,30.07,cereals and tubers,Maize flour,KG,2550.0,2475.0,75.0,0.0303030303030303,2541.6666666666665,2435.5,2520.0,2501.42689227377,18.573107726229864
2025,9,3,Adjumani,Adjumani,Adjumani (refugee settlement),3.34,31.78,miscellaneous food,Salt,KG,2000.0,2000.0,0.0,0.0,2000.0,1990.5,2000.0,1973.564443973016,26.43555602698393
2025,9,3,Kamwenge,Kibale,Rwamwanja (refugee settlement),0.31,30.68,oil and fats,Oil (vegetable),L,8944.0,9769.0,-825.0,-0.0844508137987511,9981.333333333334,10343.0,10964.0,9159.935,1804.0650000000005
2025,9,3,Yumbe,Aringa,Bidibidi (refugee settlement),3.36,31.35,milk and dairy,Milk (fresh),L,2000.0,1847.0,153.0,0.0828370330265295,1898.0,1872.6666666666667,2063.0,1930.821821260805,132.1781787391949
2025,9,3,Kasese,Busongora,Kasese,0.17,30.07,cereals and tubers,Cassava flour,KG,950.0,1025.0,-75.0,-0.073170731707317,1018.3333333333334,1142.5,920.0,999.9476654131299,-79.94766541312993
2025,9,3,Kamwenge,Kibale,Rwamwanja (refugee settlement),0.31,30.68,cereals and tubers,Maize flour,KG,3000.0,2846.0,154.0,0.0541110330288123,2961.333333333333,2947.0,3000.0,2987.5593880410916,12.440611958908448
2025,9,3,Arua,Terego,Imvepi (refugee settlement),3.23,31.28,cereals and tubers,Sorghum,KG,1875.0,1463.0,412.0,0.2816131237183868,1678.0,1489.0,1783.0,1794.6197086743102,-11.619708674310232
2025,9,3,Kyegegwa,Kyaka,Kyaka II (refugee settlement),0.36,31.09,oil and fats,Oil (vegetable),L,7505.0,8000.0,-495.0,-0.061875,7835.0,7917.5,8000.0,7488.808314300861,511.19168569913927
2025,9,3,Arua,Terego,Imvepi (refugee settlement),3.23,31.28,"meat, fish and eggs",Fish (dry),KG,35987.0,19894.0,16093.0,0.8089373680506685,27344.33333333333,26621.666666666668,20000.0,29915.64,-9915.64
2025,9,3,Hoima,Bugahya,Hoima,1.43,31.35,cereals and tubers,Maize (white),KG,1500.0,1500.0,0.0,0.0,1766.6666666666667,1866.6666666666667,1500.0,1639.9162714176675,-139.91627141766753
2025,9,3,Arua,Arua Municipality,Arua,3.02,30.91,cereals and tubers,Cassava flour,KG,1200.0,1000.0,200.0,0.2,1066.6666666666667,1084.5,1300.0,1210.6754410779959,89.32455892200414
2025,9,3,Moroto,Moroto Municipality,Moroto,2.53,34.65,cereals and tubers,Cassava flour,KG,2046.0,2140.0,-94.0,-0.0439252336448598,2171.0,2115.833333333333,1811.0,2011.5194981764475,-200.51949817644754
2025,9,3,Kasese,Busongora,Kasese,0.17,30.07,cereals and tubers,Maize (white),KG,1675.0,1600.0,75.0,0.046875,1611.6666666666667,1666.3333333333333,1600.0,1688.1031277821246,-88.1031277821246
2025,9,3,Yumbe,Aringa,Bidibidi (refugee settlement),3.36,31.35,cereals and tubers,Cassava (fresh),KG,640.0,691.0,-51.0,-0.0738060781476121,706.0,746.6666666666666,630.0,687.73003107361,-57.73003107361001
2025,9,3,Masindi,Buruli M,Masindi,1.69,31.71,cereals and tubers,Cassava flour,KG,2222.0,2188.0,34.0,0.0155393053016453,2220.0,2222.5,2282.0,2402.764655694356,-120.76465569435595
2025,9,3,Kaabong,Dodoth,Kaabong,3.54,34.12,cereals and tubers,Millet,KG,2688.0,3763.0,-1075.0,-0.285676322083444,3480.333333333333,3869.3333333333335,2530.0,3060.727727272727,-530.727727272727
2025,9,3,Busia,Samia-bugwe,Busia,0.47,34.09,cereals and tubers,Cassava flour,KG,1000.0,1013.0,-13.0,-0.0128331688055281,1004.3333333333334,973.0,1000.0,1050.1563168589826,-50.156316858982564
2025,9,3,Adjumani,Adjumani,Adjumani (refugee settlement),3.34,31.78,cereals and tubers,Sorghum,KG,1325.0,1335.0,-10.0,-0.0074906367041198,1553.3333333333333,1673.6666666666667,1381.0,1462.9497190005786,-81.94971900057863
2025,9,3,Arua,Terego,Rhino Camp (refugee settlement),3.17,31.31,"meat, fish and eggs",Fish (dry),KG,26744.0,11273.0,15471.0,1.3723942162689613,18005.666666666668,24215.83333333333,25000.0,24166.6,833.4000000000015
2025,9,3,Soroti,Soroti Municipality,Soroti,1.71,33.62,cereals and tubers,Cassava flour,KG,1250.0,1167.0,83.0,0.0711225364181662,1123.3333333333333,1058.8333333333333,1100.0,1219.3952452880394,-119.3952452880394
2025,9,3,Yumbe,Aringa,Bidibidi (refugee settlement),3.36,31.35,"meat, fish and eggs",Fish (dry),KG,25354.0,15402.0,9952.0,0.6461498506687443,20872.33333333333,21366.666666666668,22705.0,21849.57,855.4300000000003
2025,9,3,Busia,Samia-bugwe,Busia,0.47,34.09,cereals and tubers,Millet,KG,2600.0,2738.0,-138.0,-0.0504017531044558,3342.0,3317.0,2540.0,2857.426574484674,-317.4265744846739
2025,9,3,Masindi,Buruli M,Masindi,1.69,31.71,cereals and tubers,Millet,KG,3556.0,3650.0,-94.0,-0.0257534246575342,3668.6666666666665,4032.3333333333335,3545.0,3965.9096823372693,-420.90968233726926
2025,9,3,Jinja,Jinja Municipality,Jinja,0.42,33.2,oil and fats,Oil (vegetable),L,7500.0,7500.0,0.0,0.0,7400.0,7524.0,7500.0,7494.270714886015,5.729285113984588
2025,9,3,Masindi,Buruli M,Masindi,1.69,31.71,oil and fats,Oil (vegetable),L,7889.0,8000.0,-111.0,-0.013875,7963.0,7877.333333333333,8000.0,7884.160609024277,115.83939097572329
2025,9,3,Moyo,Obongi,Palorinya (refugee settlement),3.47,31.63,cereals and tubers,Maize flour,KG,1425.0,2000.0,-575.0,-0.2875,2189.333333333333,2599.6666666666665,1500.0,1846.738015814089,-346.73801581408907
2025,9,3,Kabarole,Fort Portal Municipality,Fort Portal,0.66,30.28,cereals and tubers,Maize (white),KG,2563.0,2000.0,563.0,0.2815,2187.6666666666665,2093.833333333333,1970.0,2702.0728662748625,-732.0728662748625
2025,9,3,Yumbe,Aringa,Bidibidi (refugee settlement),3.36,31.35,cereals and tubers,Maize (white),KG,1895.0,1159.0,736.0,0.635030198446937,1631.6666666666667,1736.1666666666667,1503.0,1573.1519714194176,-70.15197141941758
2025,9,3,Masaka,Masaka Municipality,Masaka,-0.35,31.74,cereals and tubers,Cassava flour,KG,1400.0,1400.0,0.0,0.0,1400.0,1441.0,1400.0,1406.5105047605468,-6.510504760546837
2025,9,3,Kween,Kween,Kapchorwa,1.38,34.52,oil and fats,Oil (vegetable),L,7500.0,7500.0,0.0,0.0,7500.0,7500.0,7375.0,7276.173873431703,98.82612656829679
2025,9,3,Nakapiripirit,Pian,Nabilatuk,2.05,34.57,oil and fats,Oil (vegetable),L,7167.0,7500.0,-333.0,-0.0444,7722.333333333333,7787.0,7000.0,7106.238730463371,-106.23873046337121
2025,9,3,Kabarole,Fort Portal Municipality,Fort Portal,0.66,30.28,oil and fats,Oil (vegetable),L,8000.0,8000.0,0.0,0.0,8000.0,7833.333333333333,8000.0,7921.5253332940465,78.4746667059535
2025,9,3,Gulu,Gulu Municipality,Gulu,2.77,32.31,cereals and tubers,Millet,KG,3340.0,4667.0,-1327.0,-0.2843368330833511,4335.666666666667,4688.666666666667,3400.0,3200.931413576697,199.0685864233028
2025,9,3,Lamwo,Lamwo,Palabek (refugee settlement),3.34,32.47,milk and dairy,Milk (fresh),L,2000.0,2000.0,0.0,0.0,2000.0,2000.0,2000.0,1969.4591780155693,30.54082198443075
2025,9,3,Hoima,Bugahya,Hoima,1.43,31.35,oil and fats,Oil (vegetable),L,10000.0,10000.0,0.0,0.0,10000.0,9933.333333333334,10000.0,9247.805743278728,752.1942567212718
2025,9,3,Gulu,Gulu Municipality,Gulu,2.77,32.31,cereals and tubers,Maize flour,KG,3000.0,3000.0,0.0,0.0,3000.0,2908.333333333333,3000.0,3019.7210546618608,-19.721054661860762
2025,9,3,Yumbe,Aringa,Bidibidi (refugee settlement),3.36,31.35,miscellaneous food,Salt,KG,1974.0,1843.0,131.0,0.0710797612588171,1887.3333333333333,1866.3333333333333,2000.0,1921.3799627092951,78.62003729070489
2025,9,3,Lira,Lira Municipality,Lira,2.23,32.91,cereals and tubers,Millet,KG,2500.0,2500.0,0.0,0.0,2800.0,3470.833333333333,2500.0,2578.5498921702447,-78.54989217024468
2025,9,3,Napak,Bokora,Napak,2.22,34.26,oil and fats,Oil (vegetable),L,7000.0,7000.0,0.0,0.0,7060.333333333333,7120.5,7000.0,7018.212095293249,-18.21209529324915
2025,9,3,Hoima,Buhaguzi,Kyangwali (refugee settlement),1.16,30.75,cereals and tubers,Sorghum,KG,2351.0,2500.0,-149.0,-0.0596,2617.0,3138.1666666666665,3210.0,2599.966335456993,610.033664543007
2025,9,3,Moyo,Obongi,Palorinya (refugee settlement),3.47,31.63,cereals and tubers,Maize (white),KG,1000.0,1350.0,-350.0,-0.2592592592592592,1470.6666666666667,1948.3333333333333,775.0,1380.7890114963789,-605.7890114963789
2025,9,3,Masaka,Masaka Municipality,Masaka,-0.35,31.74,cereals and tubers,Maize flour,KG,3000.0,3000.0,0.0,0.0,2966.6666666666665,2834.6666666666665,2817.0,2978.4416250396275,-161.44162503962752
2025,9,3,Arua,Arua Municipality,Arua,3.02,30.91,cereals and tubers,Maize (white),KG,2000.0,1200.0,800.0,0.6666666666666666,1466.6666666666667,1444.8333333333333,1350.0,1659.4008759060962,-309.4008759060962
2025,9,3,Kween,Kween,Kapchorwa,1.38,34.52,cereals and tubers,Maize flour,KG,2400.0,2275.0,125.0,0.0549450549450549,2491.6666666666665,2562.5,2350.0,2380.5511632248313,-30.55116322483127
2025,9,3,Kaabong,Dodoth,Karenga,3.57,33.7,oil and fats,Oil (vegetable),L,8000.0,8000.0,0.0,0.0,8000.0,8000.0,8000.0,7980.225753395893,19.774246604107248
2025,9,3,Gulu,Gulu Municipality,Gulu,2.77,32.31,oil and fats,Oil (vegetable),L,7900.0,8000.0,-100.0,-0.0125,7675.0,7337.5,8000.0,7423.8490547016045,576.1509452983955
2025,9,3,Isingiro,Bukanga,Oruchinga (refugee settlement),-0.94,30.76,cereals and tubers,Maize flour,KG,2500.0,1737.0,763.0,0.4392630972941854,2091.6666666666665,2065.0,2375.0,2244.119762731733,130.88023726826714
2025,9,3,Arua,Terego,Imvepi (refugee settlement),3.23,31.28,miscellaneous food,Salt,KG,1925.0,1780.0,145.0,0.0814606741573033,1812.6666666666667,1770.1666666666667,1600.0,1930.1436945924097,-330.1436945924097
2025,9,3,Mbarara,Mbarara Municipality,Mbarara,-0.61,30.65,cereals and tubers,Millet,KG,4500.0,4500.0,0.0,0.0,4300.0,4214.5,4000.0,4253.312193117378,-253.31219311737823
2025,9,3,Busia,Samia-bugwe,Busia,0.47,34.09,oil and fats,Oil (vegetable),L,7500.0,7375.0,125.0,0.0169491525423728,7425.0,7400.0,7250.0,7573.615936507075,-323.6159365070753
2025,9,3,Moyo,Obongi,Palorinya (refugee settlement),3.47,31.63,milk and dairy,Milk (fresh),L,2000.0,2000.0,0.0,0.0,2000.0,2000.0,2000.0,1977.3621129816568,22.637887018343235
2025,9,3,Arua,Terego,Rhino Camp (refugee settlement),3.17,31.31,cereals and tubers,Sorghum,KG,2347.0,2500.0,-153.0,-0.0612,2488.333333333333,2066.333333333333,2400.0,2272.205069013349,127.7949309866508
2025,9,3,Adjumani,Adjumani,Adjumani (refugee settlement),3.34,31.78,"meat, fish and eggs",Fish (dry),KG,19231.0,23810.0,-4579.0,-0.1923141537169256,20299.33333333333,21068.666666666668,26316.0,19553.272,6762.727999999999
2025,9,3,Abim,Labwor,Makaratin,2.71,33.64,cereals and tubers,Millet,KG,2480.0,2300.0,180.0,0.0782608695652174,2743.333333333333,3152.5,2663.0,2716.1839526956696,-53.18395269566963
2025,9,3,Napak,Bokora,Napak,2.22,34.26,cereals and tubers,Cassava flour,KG,800.0,800.0,0.0,0.0,1054.3333333333333,1308.5,1400.0,942.2103405887461,457.78965941125387
2025,9,3,Kotido,Jie,Kotido,3.0,34.11,cereals and tubers,Millet,KG,1863.0,2820.0,-957.0,-0.3393617021276596,2652.6666666666665,3147.1666666666665,1640.0,1926.5625226991035,-286.5625226991035
2025,9,3,Jinja,Jinja Municipality,Jinja,0.42,33.2,cereals and tubers,Maize flour,KG,2350.0,2410.0,-60.0,-0.0248962655601659,2346.6666666666665,2292.833333333333,2000.0,2247.545135709419,-247.5451357094189
2025,9,3,Nakapiripirit,Pian,Nabilatuk,2.05,34.57,cereals and tubers,Sorghum,KG,786.0,881.0,-95.0,-0.1078320090805902,917.6666666666666,1014.5,695.0,811.5414842501563,-116.54148425015626
2025,9,3,Hoima,Buhaguzi,Kyangwali (refugee settlement),1.16,30.75,"meat, fish and eggs",Fish (dry),KG,34615.0,26667.0,7948.0,0.2980462744215697,26677.33333333333,23529.0,20833.0,22989.34,-2156.34
2025,9,3,Moyo,Obongi,Palorinya (refugee settlement),3.47,31.63,"meat, fish and eggs",Fish (dry),KG,10000.0,12500.0,-2500.0,-0.2,13254.0,16375.333333333334,15990.0,14475.12,1514.8799999999992
2025,9,3,Isingiro,Bukanga,Oruchinga (refugee settlement),-0.94,30.76,"meat, fish and eggs",Fish (dry),KG,21630.0,13927.0,7703.0,0.5530982982695484,16079.0,14379.5,8571.0,25729.41,-17158.41
2025,9,3,Kiryandongo,Kibanda,Kiryandongo (refugee settlement),1.94,32.21,oil and fats,Oil (vegetable),L,7458.0,7583.0,-125.0,-0.0164842410655413,7513.666666666667,7630.5,7753.0,7348.961596653048,404.0384033469518
2025,9,3,Kabarole,Fort Portal Municipality,Fort Portal,0.66,30.28,cereals and tubers,Millet,KG,5250.0,5000.0,250.0,0.05,5083.333333333333,4995.833333333333,5300.0,4819.7276693764115,480.27233062358846
2025,9,3,Lira,Lira Municipality,Lira,2.23,32.91,cereals and tubers,Cassava flour,KG,2900.0,2667.0,233.0,0.0873640794900637,2889.0,2532.0,2750.0,2876.5408582690684,-126.5408582690684
2025,9,3,Kyegegwa,Kyaka,Kyaka II (refugee settlement),0.36,31.09,"meat, fish and eggs",Fish (dry),KG,29167.0,29091.0,76.0,0.002612491835963,30530.33333333333,31920.83333333333,30508.0,30139.16,368.84000000000015
2025,9,3,Koboko,Koboko,Lobule (refugee settlement),3.39,31.03,cereals and tubers,Cassava (fresh),KG,1818.0,398.0,1420.0,3.5678391959799,889.6666666666666,671.3333333333334,648.0,1417.9314285714283,-769.9314285714283
2025,9,3,Kyegegwa,Kyaka,Kyaka II (refugee settlement),0.36,31.09,cereals and tubers,Maize flour,KG,3079.0,3050.0,29.0,0.0095081967213114,3080.6666666666665,3169.5,3115.0,3076.9548227107666,38.04517728923338
2025,9,3,Koboko,Koboko,Lobule (refugee settlement),3.39,31.03,cereals and tubers,Maize flour,KG,2929.0,2342.0,587.0,0.2506404782237404,2748.333333333333,2861.1666666666665,2950.0,2881.885502722802,68.1144972771981
2025,9,3,Koboko,Koboko,Lobule (refugee settlement),3.39,31.03,oil and fats,Oil (vegetable),L,8000.0,7262.0,738.0,0.1016248967226659,7670.666666666667,7710.333333333333,7271.0,7485.488612444696,-214.48861244469572
2025,9,3,Kasese,Busongora,Kasese,0.17,30.07,oil and fats,Oil (vegetable),L,7500.0,7750.0,-250.0,-0.032258064516129,7683.333333333333,7383.333333333333,7400.0,7580.157269487922,-180.15726948792235
2025,9,3,Isingiro,Bukanga,Oruchinga (refugee settlement),-0.94,30.76,cereals and tubers,Cassava (fresh),KG,500.0,483.0,17.0,0.0351966873706004,514.3333333333334,537.1666666666666,595.0,783.7239803028726,-188.72398030287263
2025,9,3,Lira,Lira Municipality,Lira,2.23,32.91,cereals and tubers,Maize (white),KG,930.0,933.0,-3.0,-0.0032154340836012,1047.6666666666667,1217.6666666666667,950.0,963.8843734147621,-13.88437341476208
2025,9,3,Gulu,Gulu Municipality,Gulu,2.77,32.31,cereals and tubers,Maize (white),KG,1540.0,1333.0,207.0,0.1552888222055513,1557.6666666666667,1703.8333333333333,1820.0,1564.4501032085202,255.5498967914798
2025,9,3,Kaabong,Dodoth,Karenga,3.57,33.7,cereals and tubers,Maize flour,KG,3107.0,3300.0,-193.0,-0.0584848484848484,3249.0,3081.5,2942.0,3012.881691336887,-70.88169133688689
2025,9,3,Amudat,Upe,Karita,1.54,34.83,cereals and tubers,Maize (white),KG,1263.0,1818.0,-555.0,-0.3052805280528052,1693.6666666666667,1713.0,1075.0,1264.4199256448753,-189.41992564487532
2025,9,3,Kamwenge,Kibale,Rwamwanja (refugee settlement),0.31,30.68,"meat, fish and eggs",Fish (dry),KG,13815.0,11956.0,1859.0,0.1554867848778856,12219.0,18227.5,36667.0,15646.33,21020.67
2025,9,3,Kaabong,Dodoth,Kaabong,3.54,34.12,cereals and tubers,Maize (white),KG,1075.0,1706.0,-631.0,-0.3698710433763189,1515.3333333333333,1718.0,1110.0,1250.7446478699344,-140.7446478699344
2025,9,3,Kiryandongo,Kibanda,Kiryandongo (refugee settlement),1.94,32.21,cereals and tubers,Cassava (fresh),KG,874.0,556.0,318.0,0.5719424460431655,697.0,726.8333333333334,697.0,875.5267412804303,-178.52674128043031
2025,9,3,Masaka,Masaka Municipality,Masaka,-0.35,31.74,cereals and tubers,Millet,KG,4500.0,4000.0,500.0,0.125,4458.333333333333,4458.666666666667,4417.0,4211.029496470147,205.97050352985298
2025,9,3,Mbarara,Mbarara Municipality,Mbarara,-0.61,30.65,cereals and tubers,Maize (white),KG,2500.0,2500.0,0.0,0.0,2500.0,2365.6666666666665,2500.0,2476.237948605793,23.762051394206992
2025,9,3,Kaabong,Dodoth,Karenga,3.57,33.7,cereals and tubers,Millet,KG,2250.0,2375.0,-125.0,-0.0526315789473684,2401.6666666666665,2567.5,2250.0,2248.7580192604614,1.241980739538576
2025,9,3,Jinja,Jinja Municipality,Jinja,0.42,33.2,cereals and tubers,Cassava flour,KG,1500.0,1500.0,0.0,0.0,1510.0,1533.1666666666667,1440.0,1582.6690293468282,-142.6690293468282
2025,9,3,Iganga,Kigulu,Iganga,0.61,33.47,cereals and tubers,Cassava flour,KG,1100.0,1200.0,-100.0,-0.0833333333333333,1166.6666666666667,1162.1666666666667,1240.0,1111.8782322826578,128.1217677173422
2025,9,3,Kiryandongo,Kibanda,Kiryandongo (refugee settlement),1.94,32.21,"meat, fish and eggs",Fish (dry),KG,23889.0,26667.0,-2778.0,-0.1041736978287771,25741.0,24622.0,30000.0,26472.283846153845,3527.716153846155
2025,9,3,Kamwenge,Kibale,Rwamwanja (refugee settlement),0.31,30.68,cereals and tubers,Cassava (fresh),KG,556.0,571.0,-15.0,-0.0262697022767075,642.3333333333334,548.8333333333334,1026.0,639.7014044983862,386.2985955016138
2025,9,3,Abim,Labwor,Makaratin,2.71,33.64,cereals and tubers,Maize (white),KG,1290.0,1950.0,-660.0,-0.3384615384615385,1859.3333333333333,1645.5,1025.0,1389.6655336846234,-364.66553368462337
2025,9,3,Koboko,Koboko,Lobule (refugee settlement),3.39,31.03,"meat, fish and eggs",Fish (dry),KG,17500.0,13668.0,3832.0,0.2803628914252268,16855.666666666668,18127.33333333333,25463.0,18320.3,7142.700000000001
2025,9,3,Isingiro,Bukanga,Nakivale (refugee settlement),-0.78,30.96,cereals and tubers,Sorghum,KG,1839.0,1577.0,262.0,0.1661382371591629,1726.3333333333333,1744.6666666666667,1885.0,1838.9140868342047,46.08591316579532
2025,9,3,Kween,Kween,Kapchorwa,1.38,34.52,cereals and tubers,Maize (white),KG,1200.0,1200.0,0.0,0.0,1360.0,1481.6666666666667,1150.0,1225.5113308838306,-75.51133088383062
2025,9,3,Nakapiripirit,Kadani,Namalu,1.79,34.6,cereals and tubers,Maize (white),KG,875.0,1083.0,-208.0,-0.1920590951061865,1175.0,1370.6666666666667,980.0,1004.2795134434357,-24.27951344343569
2025,9,3,Moroto,Moroto Municipality,Moroto,2.53,34.65,cereals and tubers,Maize (white),KG,1719.0,1767.0,-48.0,-0.0271646859083191,1759.3333333333333,1696.6666666666667,1394.0,1586.3749137799168,-192.37491377991682
2025,9,3,Moyo,Obongi,Palorinya (refugee settlement),3.47,31.63,cereals and tubers,Cassava (fresh),KG,714.0,694.0,20.0,0.0288184438040345,679.6666666666666,615.1666666666666,578.0,751.3448393841086,-173.34483938410858
2025,9,3,Arua,Arua Municipality,Arua,3.02,30.91,cereals and tubers,Millet,KG,4000.0,3800.0,200.0,0.0526315789473684,3866.6666666666665,3831.3333333333335,4000.0,3826.9029186946627,173.09708130533727
2025,9,3,Lamwo,Lamwo,Palabek (refugee settlement),3.34,32.47,cereals and tubers,Maize flour,KG,4000.0,2494.0,1506.0,0.6038492381716118,3220.333333333333,3205.0,2750.0,3712.2933174559134,-962.2933174559134
2025,9,3,Arua,Terego,Rhino Camp (refugee settlement),3.17,31.31,cereals and tubers,Cassava (fresh),KG,1145.0,284.0,861.0,3.0316901408450705,584.0,507.0,526.0,913.483101942959,-387.483101942959
2025,9,3,Kaabong,Dodoth,Karenga,3.57,33.7,cereals and tubers,Sorghum,KG,1250.0,1763.0,-513.0,-0.2909812819058423,1567.6666666666667,1429.6666666666667,846.0,1257.4568721838302,-411.4568721838302
2025,9,3,Nakapiripirit,Pian,Nabilatuk,2.05,34.57,cereals and tubers,Maize flour,KG,2650.0,2875.0,-225.0,-0.0782608695652174,2825.0,2803.5,2700.0,2708.605476020006,-8.60547602000588
2025,9,3,Iganga,Kigulu,Iganga,0.61,33.47,oil and fats,Oil (vegetable),L,7450.0,7438.0,12.0,0.0016133369185264,7436.0,7473.0,7370.0,7483.2915653395685,-113.29156533956848
2025,9,3,Kasese,Busongora,Kasese,0.17,30.07,cereals and tubers,Millet,KG,3525.0,3775.0,-250.0,-0.0662251655629139,3606.6666666666665,3928.3333333333335,2370.0,4189.8927898339725,-1819.8927898339725
2025,9,3,Masindi,Buruli M,Masindi,1.69,31.71,cereals and tubers,Maize (white),KG,1000.0,1150.0,-150.0,-0.1304347826086956,1250.0,1420.8333333333333,1010.0,1088.3488501144916,-78.3488501144916
2025,9,3,Moroto,Moroto Municipality,Moroto,2.53,34.65,oil and fats,Oil (vegetable),L,7167.0,7167.0,0.0,0.0,7194.666666666667,7290.0,7167.0,7088.602557259266,78.39744274073382
2025,9,3,Kotido,Jie,Kotido,3.0,34.11,cereals and tubers,Cassava flour,KG,1938.0,1850.0,88.0,0.0475675675675675,1929.3333333333333,1931.3333333333333,2000.0,1910.7652578130628,89.23474218693718
2025,9,3,Isingiro,Bukanga,Nakivale (refugee settlement),-0.78,30.96,cereals and tubers,Cassava (fresh),KG,356.0,481.0,-125.0,-0.2598752598752599,465.0,511.3333333333333,599.0,417.4354000000001,181.56459999999993
2025,9,3,Busia,Samia-bugwe,Busia,0.47,34.09,cereals and tubers,Maize (white),KG,1081.0,1038.0,43.0,0.0414258188824662,1129.6666666666667,1316.6666666666667,1135.0,1035.7165096933172,99.28349030668278
2025,9,3,Abim,Labwor,Makaratin,2.71,33.64,cereals and tubers,Cassava flour,KG,700.0,825.0,-125.0,-0.1515151515151515,808.3333333333334,1057.5,575.0,758.1320674536025,-183.13206745360253
2025,9,3,Lamwo,Lamwo,Palabek (refugee settlement),3.34,32.47,"meat, fish and eggs",Fish (dry),KG,17778.0,12581.0,5197.0,0.4130832207296717,16072.0,25075.33333333333,17334.0,21360.11,-4026.1100000000006
2025,9,3,Soroti,Soroti Municipality,Soroti,1.71,33.62,cereals and tubers,Maize (white),KG,1375.0,1117.0,258.0,0.2309758281110116,1308.3333333333333,1318.6666666666667,1013.0,1332.288345650805,-319.288345650805
2025,9,3,Kyegegwa,Kyaka,Kyaka II (refugee settlement),0.36,31.09,cereals and tubers,Cassava (fresh),KG,639.0,334.0,305.0,0.9131736526946108,423.0,380.8333333333333,322.0,496.71759999999995,-174.71759999999995
2025,9,3,Hoima,Buhaguzi,Kyangwali (refugee settlement),1.16,30.75,cereals and tubers,Cassava (fresh),KG,381.0,556.0,-175.0,-0.3147482014388489,553.6666666666666,638.8333333333334,833.0,426.8875481481482,406.1124518518518
2025,9,3,Iganga,Kigulu,Iganga,0.61,33.47,cereals and tubers,Maize (white),KG,1550.0,1650.0,-100.0,-0.0606060606060606,1710.0,1810.0,1590.0,1525.7049787558954,64.29502124410465
2025,9,3,Jinja,Jinja Municipality,Jinja,0.42,33.2,cereals and tubers,Maize (white),KG,1900.0,1788.0,112.0,0.0626398210290827,1896.0,1963.3333333333333,1940.0,1830.3795417520676,109.62045824793245
2025,9,3,Isingiro,Bukanga,Nakivale (refugee settlement),-0.78,30.96,"meat, fish and eggs",Fish (dry),KG,21630.0,21993.0,-363.0,-0.0165052516709862,21215.666666666668,20620.0,18175.0,25068.01628571429,-6893.01628571429
2025,9,3,Hoima,Bugahya,Hoima,1.43,31.35,cereals and tubers,Millet,KG,4000.0,4000.0,0.0,0.0,4000.0,4100.0,4000.0,3929.9674862936076,70.03251370639236
2025,9,3,Kiryandongo,Kibanda,Kiryandongo (refugee settlement),1.94,32.21,cereals and tubers,Maize flour,KG,2400.0,2942.0,-542.0,-0.1842284160435078,2768.0,2716.0,2347.0,2397.76245831784,-50.7624583178399
2025,9,3,Mbarara,Mbarara Municipality,Mbarara,-0.61,30.65,cereals and tubers,Cassava flour,KG,2000.0,2000.0,0.0,0.0,2000.0,2051.5,2000.0,1974.6932531383732,25.306746861626834
2025,9,3,Napak,Bokora,Napak,2.22,34.26,cereals and tubers,Maize flour,KG,2000.0,2000.0,0.0,0.0,2125.6666666666665,2251.333333333333,2200.0,2008.6746763852193,191.3253236147807
2025,9,3,Arua,Arua Municipality,Arua,3.02,30.91,oil and fats,Oil (vegetable),L,7000.0,6500.0,500.0,0.0769230769230769,6833.333333333333,6928.5,6500.0,7083.738417644573,-583.738417644573
2025,9,3,Soroti,Soroti Municipality,Soroti,1.71,33.62,oil and fats,Oil (vegetable),L,8333.0,8500.0,-167.0,-0.0196470588235294,8455.333333333334,8245.666666666666,8200.0,8021.587272893771,178.41272710622889
2025,9,3,Kaabong,Dodoth,Karenga,3.57,33.7,cereals and tubers,Cassava flour,KG,1571.0,1500.0,71.0,0.0473333333333333,1557.0,1481.5,1583.0,1703.6526572001076,-120.65265720010757
2025,9,3,Kotido,Jie,Kotido,3.0,34.11,cereals and tubers,Maize (white),KG,800.0,1460.0,-660.0,-0.4520547945205479,1324.3333333333333,1374.8333333333333,830.0,1138.467902633183,-308.46790263318303
2025,9,3,Kabarole,Fort Portal Municipality,Fort Portal,0.66,30.28,cereals and tubers,Maize flour,KG,2938.0,2750.0,188.0,0.0683636363636363,2896.0,2896.0,2800.0,2948.4882508286437,-148.4882508286437
2025,9,3,Nakapiripirit,Pian,Nabilatuk,2.05,34.57,cereals and tubers,Maize (white),KG,976.0,1261.0,-285.0,-0.2260111022997621,1314.3333333333333,1431.0,1016.0,1076.193292239725,-60.193292239725
2025,9,3,Isingiro,Bukanga,Oruchinga (refugee settlement),-0.94,30.76,cereals and tubers,Maize (white),KG,1500.0,1212.0,288.0,0.2376237623762376,1394.3333333333333,1432.5,678.0,1399.7033013157502,-721.7033013157502
2025,9,3,Amudat,Upe,Karita,1.54,34.83,cereals and tubers,Maize flour,KG,2100.0,2800.0,-700.0,-0.25,2508.333333333333,2511.833333333333,2100.0,2027.175877459657,72.82412254034307
2025,9,3,Koboko,Koboko,Lobule (refugee settlement),3.39,31.03,cereals and tubers,Maize (white),KG,932.0,1090.0,-158.0,-0.1449541284403669,1251.0,1491.0,1508.0,1108.0189812435133,399.9810187564867
2025,9,3,Kyegegwa,Kyaka,Kyaka II (refugee settlement),0.36,31.09,cereals and tubers,Sorghum,KG,1941.0,2116.0,-175.0,-0.082703213610586,2108.333333333333,2271.333333333333,2471.0,2010.6477460362253,460.35225396377473
2025,9,3,Hoima,Buhaguzi,Kyangwali (refugee settlement),1.16,30.75,miscellaneous food,Salt,KG,1583.0,2000.0,-417.0,-0.2085,1861.0,1871.5,2000.0,1739.6968403696924,260.3031596303076
2025,9,3,Koboko,Koboko,Lobule (refugee settlement),3.39,31.03,milk and dairy,Milk (fresh),L,2000.0,1889.0,111.0,0.0587612493382742,1926.0,1907.5,2000.0,1874.142473911799,125.85752608820098
2025,9,3,Kiryandongo,Kibanda,Kiryandongo (refugee settlement),1.94,32.21,cereals and tubers,Sorghum,KG,2167.0,2125.0,42.0,0.0197647058823529,2166.6666666666665,2186.1666666666665,2233.0,2052.6902369436884,180.30976305631157
2025,9,3,Isingiro,Bukanga,Nakivale (refugee settlement),-0.78,30.96,oil and fats,Oil (vegetable),L,7347.0,7902.0,-555.0,-0.0702353834472285,7633.666666666667,7642.833333333333,7731.0,7250.03634108139,480.96365891861024
2025,9,3,Kiryandongo,Kibanda,Kiryandongo (refugee settlement),1.94,32.21,miscellaneous food,Salt,KG,1433.0,1400.0,33.0,0.0235714285714285,1421.3333333333333,1446.3333333333333,1400.0,1412.4750787359712,-12.475078735971238
2025,9,3,Nakapiripirit,Kadani,Namalu,1.79,34.6,oil and fats,Oil (vegetable),L,7000.0,7000.0,0.0,0.0,7000.0,7100.833333333333,7000.0,7022.2929368056675,-22.292936805667523
2025,9,3,Kaabong,Dodoth,Kaabong,3.54,34.12,cereals and tubers,Maize flour,KG,2300.0,2713.0,-413.0,-0.1522300036859565,2637.6666666666665,2656.333333333333,2290.0,2377.274982499209,-87.27498249920882
2025,9,3,Hoima,Buhaguzi,Kyangwali (refugee settlement),1.16,30.75,oil and fats,Oil (vegetable),L,8043.0,10000.0,-1957.0,-0.1957,8681.0,8340.5,8000.0,8089.814624426247,-89.81462442624706
2025,9,3,Yumbe,Aringa,Bidibidi (refugee settlement),3.36,31.35,oil and fats,Oil (vegetable),L,7066.0,6875.0,191.0,0.0277818181818181,7092.666666666667,7214.833333333333,7250.0,7056.963462210427,193.03653778957323
2025,9,3,Moroto,Moroto Municipality,Moroto,2.53,34.65,cereals and tubers,Maize flour,KG,2433.0,2587.0,-154.0,-0.0595284112872052,2548.333333333333,2402.5,2144.0,2291.344245587143,-147.34424558714318
2025,9,3,Napak,Bokora,Napak,2.22,34.26,cereals and tubers,Maize (white),KG,1500.0,1200.0,300.0,0.25,1503.3333333333333,1656.5,1250.0,1521.0177784565763,-271.01777845657625
2025,9,3,Adjumani,Adjumani,Adjumani (refugee settlement),3.34,31.78,cereals and tubers,Maize flour,KG,1857.0,2585.0,-728.0,-0.2816247582205029,2425.0,2537.5,2525.0,1770.790441222304,754.209558777696
2025,9,3,Yumbe,Aringa,Bidibidi (refugee settlement),3.36,31.35,cereals and tubers,Maize flour,KG,2961.0,2183.0,778.0,0.3563902885936784,2638.6666666666665,2705.333333333333,2988.0,2830.3757104700744,157.6242895299256
2025,9,3,Arua,Terego,Imvepi (refugee settlement),3.23,31.28,cereals and tubers,Maize (white),KG,1579.0,1425.0,154.0,0.1080701754385965,1816.6666666666667,2021.1666666666667,1642.0,1703.5997873426893,-61.5997873426893
2025,9,3,Moyo,Obongi,Palorinya (refugee settlement),3.47,31.63,oil and fats,Oil (vegetable),L,6500.0,7122.0,-622.0,-0.0873350182532996,7028.0,7449.0,6800.0,6518.275310314684,281.72468968531575
2025,9,3,Abim,Labwor,Makaratin,2.71,33.64,oil and fats,Oil (vegetable),L,7650.0,7500.0,150.0,0.02,7571.0,7685.5,7438.0,7428.514732582745,9.485267417255272
2025,9,3,Adjumani,Adjumani,Adjumani (refugee settlement),3.34,31.78,cereals and tubers,Maize (white),KG,2257.0,1415.0,842.0,0.5950530035335689,1907.3333333333333,1952.3333333333333,1288.0,2059.2355207967003,-771.2355207967003
2025,9,3,Arua,Terego,Imvepi (refugee settlement),3.23,31.28,cereals and tubers,Maize flour,KG,2679.0,2833.0,-154.0,-0.0543593363925167,2938.6666666666665,2847.833333333333,2722.0,2629.2969901714637,92.70300982853632
2025,9,3,Koboko,Koboko,Lobule (refugee settlement),3.39,31.03,miscellaneous food,Salt,KG,2000.0,1707.0,293.0,0.1716461628588166,1805.3333333333333,1757.1666666666667,2000.0,1812.91243681696,187.08756318303995
2025,9,3,Masaka,Masaka Municipality,Masaka,-0.35,31.74,cereals and tubers,Maize (white),KG,1400.0,1400.0,0.0,0.0,1400.0,1434.6666666666667,1400.0,1388.1523704561832,11.847629543816765
2025,9,3,Kiryandongo,Kibanda,Kiryandongo (refugee settlement),1.94,32.21,milk and dairy,Milk (fresh),L,2000.0,2000.0,0.0,0.0,1933.3333333333333,1987.5,2000.0,1871.226156724862,128.773843275138
2025,9,3,Soroti,Soroti Municipality,Soroti,1.71,33.62,cereals and tubers,Maize flour,KG,2392.0,2225.0,167.0,0.0750561797752809,2352.333333333333,2234.5,2000.0,2969.540091036078,-969.5400910360781
2025,9,3,Kaabong,Dodoth,Kaabong,3.54,34.12,oil and fats,Oil (vegetable),L,7975.0,8000.0,-25.0,-0.003125,7991.666666666667,7995.833333333333,7880.0,7893.598404339666,-13.598404339665649
2025,9,3,Kotido,Jie,Kotido,3.0,34.11,oil and fats,Oil (vegetable),L,7500.0,7510.0,-10.0,-0.0013315579227696,7524.333333333333,7545.5,7250.0,7646.479189543716,-396.4791895437156
2025,9,3,Isingiro,Bukanga,Oruchinga (refugee settlement),-0.94,30.76,oil and fats,Oil (vegetable),L,8000.0,8251.0,-251.0,-0.0304205550842322,8080.333333333333,8035.166666666667,7563.0,7983.882423664839,-420.8824236648388
2025,9,3,Koboko,Koboko,Lobule (refugee settlement),3.39,31.03,cereals and tubers,Sorghum,KG,2818.0,1271.0,1547.0,1.217151848937844,1842.0,1639.3333333333333,2271.0,2340.2532745002272,-69.25327450022723
2025,9,3,Isingiro,Bukanga,Nakivale (refugee settlement),-0.78,30.96,miscellaneous food,Salt,KG,3278.0,1613.0,1665.0,1.032238065716057,2166.0,1886.6666666666667,1600.0,2486.0489288461536,-886.0489288461536
2025,9,3,Arua,Terego,Rhino Camp (refugee settlement),3.17,31.31,oil and fats,Oil (vegetable),L,7569.0,7125.0,444.0,0.0623157894736842,7867.666666666667,7712.0,6760.0,7447.64011510972,-687.6401151097198
2025,9,3,Busia,Samia-bugwe,Busia,0.47,34.09,cereals and tubers,Maize flour,KG,2288.0,2175.0,113.0,0.0519540229885057,2307.6666666666665,2495.5,2080.0,2233.211082121301,-153.21108212130093
2025,9,3,Lira,Lira Municipality,Lira,2.23,32.91,oil and fats,Oil (vegetable),L,7400.0,7500.0,-100.0,-0.0133333333333333,7466.666666666667,7573.666666666667,7250.0,7277.370613319042,-27.370613319041695
2025,9,3,Kiryandongo,Kibanda,Kiryandongo (refugee settlement),1.94,32.21,cereals and tubers,Maize (white),KG,1075.0,1408.0,-333.0,-0.2365056818181818,1353.3333333333333,1407.5,1240.0,1436.2967097293254,-196.29670972932536
2025,9,3,Nakapiripirit,Kadani,Namalu,1.79,34.6,cereals and tubers,Maize flour,KG,2350.0,2467.0,-117.0,-0.0474260235103364,2583.333333333333,2598.6666666666665,2400.0,2339.3053608732885,60.694639126711536
2025,9,3,Kamwenge,Kibale,Rwamwanja (refugee settlement),0.31,30.68,cereals and tubers,Maize (white),KG,1189.0,1373.0,-184.0,-0.13401310997815,1264.3333333333333,1350.8333333333333,1154.0,1100.115380761473,53.884619238526966
2025,9,3,Arua,Terego,Imvepi (refugee settlement),3.23,31.28,oil and fats,Oil (vegetable),L,7138.0,7733.0,-595.0,-0.0769429716798137,7544.666666666667,7739.666666666667,7072.0,7302.076958993447,-230.07695899344708
2025,9,3,Masindi,Buruli M,Masindi,1.69,31.71,cereals and tubers,Maize flour,KG,2400.0,2500.0,-100.0,-0.04,2493.333333333333,2496.6666666666665,2345.0,2514.4389686363556,-169.43896863635564
2025,9,3,Isingiro,Bukanga,Nakivale (refugee settlement),-0.78,30.96,cereals and tubers,Maize flour,KG,2052.0,1865.0,187.0,0.1002680965147453,2035.0,2111.5,2292.0,2050.709952975002,241.29004702499788
2025,9,3,Kyegegwa,Kyaka,Kyaka II (refugee settlement),0.36,31.09,miscellaneous food,Salt,KG,1985.0,1600.0,385.0,0.240625,1717.0,1623.1666666666667,1600.0,1896.251010264025,-296.2510102640249
2025,9,3,Kotido,Jie,Kotido,3.0,34.11,cereals and tubers,Maize flour,KG,2050.0,2500.0,-450.0,-0.18,2379.333333333333,2442.1666666666665,2000.0,2024.235015869829,-24.235015869829112
2025,9,3,Adjumani,Adjumani,Adjumani (refugee settlement),3.34,31.78,oil and fats,Oil (vegetable),L,7821.0,7925.0,-104.0,-0.0131230283911671,7896.666666666667,7917.166666666667,7906.0,7754.860344671587,151.13965532841303
2025,9,3,Mbarara,Mbarara Municipality,Mbarara,-0.61,30.65,cereals and tubers,Maize flour,KG,3000.0,3000.0,0.0,0.0,3086.6666666666665,3020.833333333333,3000.0,3020.638392643643,-20.638392643642874
2025,9,3,Isingiro,Bukanga,Nakivale (refugee settlement),-0.78,30.96,cereals and tubers,Maize (white),KG,1428.0,1153.0,275.0,0.238508239375542,1326.6666666666667,1362.8333333333333,1631.0,1368.4010287297583,262.5989712702417
2025,9,3,Hoima,Bugahya,Hoima,1.43,31.35,cereals and tubers,Maize flour,KG,2500.0,2500.0,0.0,0.0,2500.0,2433.333333333333,2500.0,2519.9711203750035,-19.971120375003466
2025,9,3,Lira,Lira Municipality,Lira,2.23,32.91,cereals and tubers,Maize flour,KG,2020.0,2033.0,-13.0,-0.0063944909001475,2151.0,2414.333333333333,1850.0,2053.1549752558767,-203.1549752558767
2025,9,3,Hoima,Buhaguzi,Kyangwali (refugee settlement),1.16,30.75,cereals and tubers,Maize flour,KG,3085.0,2000.0,1085.0,0.5425,3028.333333333333,2947.6666666666665,3100.0,2998.283306282531,101.71669371746884
2025,9,3,Jinja,Jinja Municipality,Jinja,0.42,33.2,cereals and tubers,Millet,KG,3613.0,3513.0,100.0,0.0284656988329063,3675.3333333333335,3739.6666666666665,3200.0,3440.2542057103733,-240.2542057103733
2025,9,3,Kyegegwa,Kyaka,Kyaka II (refugee settlement),0.36,31.09,cereals and tubers,Maize (white),KG,1777.0,1168.0,609.0,0.521404109589041,1476.0,1518.5,1187.0,1564.936697669288,-377.9366976692879
2025,9,3,Kyegegwa,Kyaka,Kyaka II (refugee settlement),0.36,31.09,milk and dairy,Milk (fresh),L,2000.0,1655.0,345.0,0.2084592145015106,1847.0,1843.5,1877.0,1960.6073232795886,-83.60732327958863
2025,9,3,Isingiro,Bukanga,Oruchinga (refugee settlement),-0.94,30.76,cereals and tubers,Sorghum,KG,2000.0,2595.0,-595.0,-0.2292870905587668,2499.0,2700.333333333333,1925.0,2150.9685148570175,-225.96851485701745
2025,9,3,Isingiro,Bukanga,Oruchinga (refugee settlement),-0.94,30.76,miscellaneous food,Salt,KG,1400.0,1467.0,-67.0,-0.0456714383094751,1444.0,1454.6666666666667,1600.0,1402.3774488543495,197.6225511456505
2025,9,3,Mbarara,Mbarara Municipality,Mbarara,-0.61,30.65,oil and fats,Oil (vegetable),L,8500.0,8333.0,167.0,0.0200408016320652,8277.666666666666,8283.333333333334,8583.0,8345.748077380951,237.25192261904886
2025,9,3,Hoima,Buhaguzi,Kyangwali (refugee settlement),1.16,30.75,cereals and tubers,Maize (white),KG,1174.0,900.0,274.0,0.3044444444444444,1291.3333333333333,1394.3333333333333,907.0,1237.814581023863,-330.81458102386296
2025,9,3,Kamwenge,Kibale,Rwamwanja (refugee settlement),0.31,30.68,miscellaneous food,Salt,KG,2467.0,1685.0,782.0,0.4640949554896142,1938.0,1780.1666666666667,1614.0,2320.990520603568,-706.9905206035678
2025,9,3,Masaka,Masaka Municipality,Masaka,-0.35,31.74,oil and fats,Oil (vegetable),L,7000.0,7167.0,-167.0,-0.0233012418027068,7180.666666666667,7472.166666666667,7250.0,7045.479296496863,204.52070350313716
2025,9,3,Lamwo,Lamwo,Palabek (refugee settlement),3.34,32.47,cereals and tubers,Maize (white),KG,1500.0,1259.0,241.0,0.1914217633042096,1586.3333333333333,1741.6666666666667,1117.0,1562.2265574667615,-445.2265574667615
2025,9,3,Arua,Terego,Rhino Camp (refugee settlement),3.17,31.31,miscellaneous food,Salt,KG,1963.0,1750.0,213.0,0.1217142857142857,1849.6666666666667,1887.1666666666667,2080.0,1848.2972902150057,231.70270978499434
2025,9,3,Arua,Arua Municipality,Arua,3.02,30.91,cereals and tubers,Maize flour,KG,3500.0,3400.0,100.0,0.0294117647058823,3500.0,3205.333333333333,3100.0,3447.804840612572,-347.8048406125722
2025,9,3,Abim,Labwor,Makaratin,2.71,33.64,cereals and tubers,Maize flour,KG,2170.0,2200.0,-30.0,-0.0136363636363636,2373.333333333333,2439.6666666666665,2075.0,2185.357677656999,-110.35767765699893
2025,9,3,Lamwo,Lamwo,Palabek (refugee settlement),3.34,32.47,oil and fats,Oil (vegetable),L,8000.0,7496.0,504.0,0.0672358591248666,7832.0,8323.5,8000.0,7729.966756924204,270.03324307579624
2025,9,3,Lamwo,Lamwo,Palabek (refugee settlement),3.34,32.47,miscellaneous food,Salt,KG,1950.0,2002.0,-52.0,-0.0259740259740259,1984.0,1992.0,1867.0,1946.5631376235976,-79.56313762359764
2025,9,3,Arua,Terego,Rhino Camp (refugee settlement),3.17,31.31,cereals and tubers,Maize (white),KG,1256.0,1692.0,-436.0,-0.2576832151300236,1937.3333333333333,2024.5,2300.0,1478.685244425526,821.314755574474
2025,9,3,Lamwo,Lamwo,Palabek (refugee settlement),3.34,32.47,cereals and tubers,Sorghum,KG,1632.0,1386.0,246.0,0.1774891774891775,1528.3333333333333,1493.8333333333333,1450.0,1641.104915928337,-191.10491592833705
2025,9,3,Moyo,Obongi,Palorinya (refugee settlement),3.47,31.63,miscellaneous food,Salt,KG,2000.0,2000.0,0.0,0.0,1989.6666666666667,1940.3333333333333,1950.0,2010.3630186838109,-60.36301868381088
2025,9,3,Kamwenge,Kibale,Rwamwanja (refugee settlement),0.31,30.68,milk and dairy,Milk (fresh),L,1500.0,1500.0,0.0,0.0,1500.0,1602.8333333333333,1500.0,1467.8187376512617,32.1812623487383
2025,9,3,Iganga,Kigulu,Iganga,0.61,33.47,cereals and tubers,Millet,KG,2700.0,2850.0,-150.0,-0.0526315789473684,3026.6666666666665,3014.5,2820.0,2763.6203998708293,56.37960012917074
2025,10,4,Arua,Terego,Imvepi (refugee settlement),3.23,31.28,vegetables and fruits,Leafy vegetables,KG,1136.0,1114.0,22.0,0.0197486535008976,1309.3333333333333,1554.6666666666667,7000.0,1341.8572742856838,5658.142725714316
2025,10,4,Adjumani,Adjumani,Adjumani (refugee settlement),3.34,31.78,cereals and tubers,Maize (white),KG,1288.0,2257.0,-969.0,-0.4293309703145769,1653.3333333333333,1859.5,1367.0,1399.4072091347955,-32.407209134795494
2025,10,4,Masaka,Masaka Municipality,Masaka,-0.35,31.74,pulses and nuts,Beans,KG,3067.0,3200.0,-133.0,-0.0415625,3089.0,3077.833333333333,3000.0,3022.2382859034806,-22.238285903480573
2025,10,4,Hoima,Buhaguzi,Kyangwali (refugee settlement),1.16,30.75,cereals and tubers,Millet flour,KG,4250.0,4266.0,-16.0,-0.003750586029067,4172.0,4614.0,4586.0,4228.678800947432,357.32119905256786
2025,10,4,Kamwenge,Kibale,Rwamwanja (refugee settlement),0.31,30.68,cereals and tubers,Maize (white),KG,1154.0,1189.0,-35.0,-0.0294365012615643,1238.6666666666667,1326.5,1376.0,1187.8005772403744,188.19942275962558
2025,10,4,Lamwo,Lamwo,Palabek (refugee settlement),3.34,32.47,cereals and tubers,Cassava (fresh),KG,454.0,645.0,-191.0,-0.2961240310077519,568.6666666666666,597.8333333333334,538.0,625.5295710010979,-87.5295710010979
2025,10,4,Kamwenge,Kibale,Rwamwanja (refugee settlement),0.31,30.68,miscellaneous food,Salt,KG,1614.0,2467.0,-853.0,-0.3457640859343332,1922.0,1776.1666666666667,1810.0,1751.4367570350723,58.56324296492767
2025,10,4,Isingiro,Bukanga,Nakivale (refugee settlement),-0.78,30.96,miscellaneous food,Salt,KG,1600.0,3278.0,-1678.0,-0.5118974984746797,2163.6666666666665,1883.0,1600.0,1597.2722218917452,2.7277781082548245
2025,10,4,Isingiro,Bukanga,Nakivale (refugee settlement),-0.78,30.96,cereals and tubers,Maize (white),KG,1631.0,1428.0,203.0,0.142156862745098,1404.0,1411.5,1300.0,1677.7058014322592,-377.70580143225925
2025,10,4,Nakapiripirit,Kadani,Namalu,1.79,34.6,pulses and nuts,Beans,KG,2700.0,2100.0,600.0,0.2857142857142857,2289.0,2893.1666666666665,3000.0,2819.2566094029053,180.74339059709473
2025,10,4,Yumbe,Aringa,Bidibidi (refugee settlement),3.36,31.35,oil and fats,Oil (vegetable),L,7250.0,7066.0,184.0,0.0260401924709878,7063.666666666667,7207.333333333333,7113.0,7075.75144247498,37.24855752502026
2025,10,4,Busia,Samia-bugwe,Busia,0.47,34.09,cereals and tubers,Maize (white),KG,1135.0,1081.0,54.0,0.0499537465309898,1084.6666666666667,1255.8333333333333,1100.0,1103.4121736981303,-3.4121736981303457
2025,10,4,Hoima,Buhaguzi,Kyangwali (refugee settlement),1.16,30.75,cereals and tubers,Maize (white),KG,907.0,1174.0,-267.0,-0.227427597955707,993.6666666666666,1362.1666666666667,886.0,955.0120083139727,-69.01200831397273
2025,10,4,Koboko,Koboko,Lobule (refugee settlement),3.39,31.03,oil and fats,Oil (vegetable),L,7271.0,8000.0,-729.0,-0.091125,7511.0,7663.833333333333,7233.0,8015.203847145501,-782.2038471455007
2025,10,4,Nakapiripirit,Kadani,Namalu,1.79,34.6,cereals and tubers,Sorghum,KG,900.0,825.0,75.0,0.0909090909090909,891.6666666666666,1192.6666666666667,1100.0,954.9705795489422,145.02942045105783
2025,10,4,Soroti,Soroti Municipality,Soroti,1.71,33.62,cereals and tubers,Maize (white),KG,1013.0,1375.0,-362.0,-0.2632727272727272,1168.3333333333333,1287.5,1071.0,1041.5068178109805,29.493182189019535
2025,10,4,Kaabong,Dodoth,Karenga,3.57,33.7,cereals and tubers,Millet,KG,2250.0,2250.0,0.0,0.0,2291.6666666666665,2525.833333333333,2250.0,2262.5584915836503,-12.558491583650266
2025,10,4,Kiryandongo,Kibanda,Kiryandongo (refugee settlement),1.94,32.21,cereals and tubers,Maize flour,KG,2347.0,2400.0,-53.0,-0.0220833333333333,2563.0,2696.0,2433.0,2360.272937285138,72.72706271486186
2025,10,4,Kyegegwa,Kyaka,Kyaka II (refugee settlement),0.36,31.09,cereals and tubers,Cassava (fresh),KG,322.0,639.0,-317.0,-0.4960876369327073,431.6666666666667,383.0,397.0,539.7686,-142.7686
2025,10,4,Kasese,Busongora,Kasese,0.17,30.07,cereals and tubers,Millet,KG,2370.0,3525.0,-1155.0,-0.3276595744680851,3223.333333333333,3656.6666666666665,2950.0,2510.109394543808,439.89060545619213
2025,10,4,Koboko,Koboko,Lobule (refugee settlement),3.39,31.03,cereals and tubers,Maize flour,KG,2950.0,2929.0,21.0,0.0071696824854899,2740.333333333333,2861.1666666666665,3000.0,2886.3007067391263,113.69929326087367
2025,10,4,Masaka,Masaka Municipality,Masaka,-0.35,31.74,cereals and tubers,Millet,KG,4417.0,4500.0,-83.0,-0.0184444444444444,4305.666666666667,4465.333333333333,5000.0,4273.381304720641,726.6186952793587
2025,10,4,Koboko,Koboko,Lobule (refugee settlement),3.39,31.03,cereals and tubers,Cassava (fresh),KG,648.0,1818.0,-1170.0,-0.6435643564356436,954.6666666666666,705.0,604.0,1015.6863761466251,-411.6863761466251
2025,10,4,Hoima,Buhaguzi,Kyangwali (refugee settlement),1.16,30.75,cereals and tubers,Maize flour,KG,3100.0,3085.0,15.0,0.0048622366288492,2728.333333333333,3114.333333333333,2557.0,3024.3137286964843,-467.3137286964843
2025,10,4,Moyo,Obongi,Palorinya (refugee settlement),3.47,31.63,oil and fats,Oil (vegetable),L,6800.0,6500.0,300.0,0.0461538461538461,6807.333333333333,7211.166666666667,6820.0,7044.563686663641,-224.56368666364142
2025,10,4,Yumbe,Aringa,Bidibidi (refugee settlement),3.36,31.35,vegetables and fruits,Leafy vegetables,KG,1060.0,1041.0,19.0,0.0182516810758885,1148.0,1373.1666666666667,1115.0,1285.2601282902212,-170.26012829022125
2025,10,4,Kabarole,Fort Portal Municipality,Fort Portal,0.66,30.28,cereals and tubers,Millet,KG,5300.0,5250.0,50.0,0.0095238095238095,5183.333333333333,5050.0,5250.0,4705.0181801198805,544.9818198801195
2025,10,4,Kamwenge,Kibale,Rwamwanja (refugee settlement),0.31,30.68,vegetables and fruits,Leafy vegetables,KG,2857.0,1992.0,865.0,0.4342369477911647,2280.333333333333,1925.1666666666667,3333.0,2411.7387873527377,921.2612126472623
2025,10,4,Mbarara,Mbarara Municipality,Mbarara,-0.61,30.65,pulses and nuts,Beans,KG,4000.0,4000.0,0.0,0.0,3944.3333333333335,4076.3333333333335,3500.0,4035.120380119024,-535.120380119024
2025,10,4,Arua,Terego,Rhino Camp (refugee settlement),3.17,31.31,cereals and tubers,Maize (white),KG,2300.0,1256.0,1044.0,0.8312101910828026,1749.3333333333333,2086.1666666666665,1800.0,2406.4279183739936,-606.4279183739936
2025,10,4,Kiryandongo,Kibanda,Kiryandongo (refugee settlement),1.94,32.21,miscellaneous food,Salt,KG,1400.0,1433.0,-33.0,-0.0230286113049546,1411.0,1433.0,1400.0,1462.0625613810632,-62.06256138106323
2025,10,4,Kaabong,Dodoth,Karenga,3.57,33.7,cereals and tubers,Maize flour,KG,2942.0,3107.0,-165.0,-0.0531058899259736,3116.333333333333,3141.5,2914.0,3010.643742774937,-96.64374277493698
2025,10,4,Kasese,Busongora,Kasese,0.17,30.07,oil and fats,Oil (vegetable),L,7400.0,7500.0,-100.0,-0.0133333333333333,7550.0,7408.333333333333,7500.0,7347.452090644215,152.54790935578512
2025,10,4,Isingiro,Bukanga,Oruchinga (refugee settlement),-0.94,30.76,"meat, fish and eggs",Fish (dry),KG,8571.0,21630.0,-13059.0,-0.60374479889043,14709.333333333334,14379.5,15000.0,17222.88,-2222.880000000001
2025,10,4,Amudat,Upe,Karita,1.54,34.83,cereals and tubers,Maize (white),KG,1075.0,1263.0,-188.0,-0.1488519398258115,1385.3333333333333,1640.8333333333333,1055.0,1126.0061165317147,-71.00611653171472
2025,10,4,Kaabong,Dodoth,Karenga,3.57,33.7,pulses and nuts,Beans,KG,3650.0,3429.0,221.0,0.0644502770487022,3693.0,3858.3333333333335,3393.0,3777.8107478123006,-384.81074781230063
2025,10,4,Kamwenge,Kibale,Rwamwanja (refugee settlement),0.31,30.68,"meat, fish and eggs",Fish (dry),KG,36667.0,13815.0,22852.0,1.6541440463264567,20812.666666666668,21005.33333333333,33333.0,23216.54,10116.46
2025,10,4,Isingiro,Bukanga,Oruchinga (refugee settlement),-0.94,30.76,miscellaneous food,Salt,KG,1600.0,1400.0,200.0,0.1428571428571428,1489.0,1469.0,1600.0,1668.825450306634,-68.82545030663391
2025,10,4,Kaabong,Dodoth,Kaabong,3.54,34.12,cereals and tubers,Maize (white),KG,1110.0,1075.0,35.0,0.0325581395348837,1297.0,1602.0,1156.0,1265.6923420941744,-109.69234209417436
2025,10,4,Nakapiripirit,Kadani,Namalu,1.79,34.6,cereals and tubers,Maize (white),KG,980.0,875.0,105.0,0.12,979.3333333333334,1293.6666666666667,1067.0,1028.1049881953454,38.89501180465459
2025,10,4,Napak,Bokora,Napak,2.22,34.26,cereals and tubers,Maize flour,KG,2200.0,2000.0,200.0,0.1,2066.6666666666665,2243.0,2000.0,2169.040345645827,-169.04034564582707
2025,10,4,Nakapiripirit,Pian,Nabilatuk,2.05,34.57,pulses and nuts,Beans,KG,3044.0,3233.0,-189.0,-0.0584596350139189,3181.333333333333,3727.3333333333335,3444.0,3132.0726423190267,311.9273576809733
2025,10,4,Koboko,Koboko,Lobule (refugee settlement),3.39,31.03,vegetables and fruits,Leafy vegetables,KG,1146.0,3333.0,-2187.0,-0.6561656165616562,1977.6666666666667,1830.5,1120.0,1810.975071969697,-690.975071969697
2025,10,4,Hoima,Bugahya,Hoima,1.43,31.35,cereals and tubers,Millet,KG,4000.0,4000.0,0.0,0.0,4000.0,4183.333333333333,4000.0,3919.699968649314,80.30003135068591
2025,10,4,Isingiro,Bukanga,Oruchinga (refugee settlement),-0.94,30.76,pulses and nuts,Beans,KG,2050.0,2000.0,50.0,0.025,2136.6666666666665,2352.1666666666665,1000.0,2065.683739667926,-1065.6837396679261
2025,10,4,Kiryandongo,Kibanda,Kiryandongo (refugee settlement),1.94,32.21,vegetables and fruits,Leafy vegetables,KG,2611.0,5556.0,-2945.0,-0.5300575953923686,4055.6666666666665,3746.6666666666665,4000.0,3073.1635167464115,926.8364832535885
2025,10,4,Kiryandongo,Kibanda,Kiryandongo (refugee settlement),1.94,32.21,cereals and tubers,Cassava (fresh),KG,697.0,874.0,-177.0,-0.2025171624713958,709.0,736.1666666666666,970.0,725.1519218796988,244.84807812030124
2025,10,4,Kaabong,Dodoth,Kaabong,3.54,34.12,cereals and tubers,Sorghum,KG,1310.0,1200.0,110.0,0.0916666666666666,1603.3333333333333,1784.3333333333333,1206.0,1448.7240979579467,-242.7240979579467
2025,10,4,Arua,Terego,Imvepi (refugee settlement),3.23,31.28,cereals and tubers,Maize (white),KG,1642.0,1579.0,63.0,0.0398986700443318,1548.6666666666667,1985.1666666666667,1925.0,1702.388368221181,222.61163177881895
2025,10,4,Isingiro,Bukanga,Nakivale (refugee settlement),-0.78,30.96,"meat, fish and eggs",Fish (dry),KG,18175.0,21630.0,-3455.0,-0.1597318539066111,20599.33333333333,20772.166666666668,17551.0,22281.37,-4730.369999999999
2025,10,4,Kotido,Jie,Kotido,3.0,34.11,cereals and tubers,Sorghum,KG,810.0,825.0,-15.0,-0.0181818181818181,1085.0,1306.3333333333333,1030.0,946.3180028100847,83.68199718991525
2025,10,4,Jinja,Jinja Municipality,Jinja,0.42,33.2,cereals and tubers,Millet,KG,3200.0,3613.0,-413.0,-0.1143094381400498,3442.0,3750.1666666666665,3188.0,3220.562843601785,-32.56284360178506
2025,10,4,Koboko,Koboko,Lobule (refugee settlement),3.39,31.03,miscellaneous food,Salt,KG,2000.0,2000.0,0.0,0.0,1902.3333333333333,1800.5,2000.0,1849.0040359031793,150.99596409682067
2025,10,4,Kaabong,Dodoth,Kaabong,3.54,34.12,pulses and nuts,Beans,KG,3380.0,3500.0,-120.0,-0.0342857142857142,3718.3333333333335,4175.833333333333,2713.0,3667.562944794626,-954.5629447946262
2025,10,4,Arua,Terego,Rhino Camp (refugee settlement),3.17,31.31,pulses and nuts,Beans,KG,2800.0,3042.0,-242.0,-0.0795529257067718,3441.6666666666665,3847.0,4000.0,3012.0988889735586,987.9011110264414
2025,10,4,Lamwo,Lamwo,Palabek (refugee settlement),3.34,32.47,vegetables and fruits,Leafy vegetables,KG,3333.0,1220.0,2113.0,1.731967213114754,1985.3333333333333,2003.1666666666667,2738.0,2288.4130147826086,449.58698521739143
2025,10,4,Iganga,Kigulu,Iganga,0.61,33.47,cereals and tubers,Millet,KG,2820.0,2700.0,120.0,0.0444444444444444,2790.0,3048.6666666666665,2763.0,2678.396593304597,84.60340669540301
2025,10,4,Arua,Terego,Imvepi (refugee settlement),3.23,31.28,miscellaneous food,Salt,KG,1600.0,1925.0,-325.0,-0.1688311688311688,1768.3333333333333,1757.6666666666667,1826.0,1669.7291970588535,156.27080294114648
2025,10,4,Mbarara,Mbarara Municipality,Mbarara,-0.61,30.65,cereals and tubers,Millet,KG,4000.0,4500.0,-500.0,-0.1111111111111111,4333.333333333333,4358.333333333333,4000.0,4071.03962962942,-71.03962962941978
2025,10,4,Adjumani,Adjumani,Adjumani (refugee settlement),3.34,31.78,"meat, fish and eggs",Fish (dry),KG,26316.0,19231.0,7085.0,0.3684155790130518,23119.0,22121.33333333333,25000.0,21868.452727272725,3131.5472727272754
2025,10,4,Arua,Terego,Rhino Camp (refugee settlement),3.17,31.31,cereals and tubers,Millet flour,KG,4900.0,4821.0,79.0,0.0163866417755652,4907.0,4698.666666666667,5000.0,4550.399628696375,449.60037130362525
2025,10,4,Kotido,Jie,Kotido,3.0,34.11,cereals and tubers,Maize (white),KG,830.0,800.0,30.0,0.0375,1030.0,1329.8333333333333,975.0,896.4645747360596,78.5354252639404
2025,10,4,Kyegegwa,Kyaka,Kyaka II (refugee settlement),0.36,31.09,vegetables and fruits,Leafy vegetables,KG,1515.0,1010.0,505.0,0.5,1339.3333333333333,1477.3333333333333,1587.0,1479.6090189675576,107.39098103244237
2025,10,4,Abim,Labwor,Makaratin,2.71,33.64,cereals and tubers,Millet,KG,2663.0,2480.0,183.0,0.0737903225806451,2481.0,3096.333333333333,2238.0,2649.7179194403566,-411.7179194403566
2025,10,4,Adjumani,Adjumani,Adjumani (refugee settlement),3.34,31.78,pulses and nuts,Beans,KG,2969.0,2971.0,-2.0,-0.000673174015483,2955.0,3307.833333333333,2967.0,2940.582412988592,26.41758701140816
2025,10,4,Kotido,Jie,Kotido,3.0,34.11,cereals and tubers,Millet,KG,1640.0,1863.0,-223.0,-0.119699409554482,2107.6666666666665,2953.833333333333,1875.0,1845.2497137734254,29.750286226574644
2025,10,4,Napak,Bokora,Napak,2.22,34.26,cereals and tubers,Maize (white),KG,1250.0,1500.0,-250.0,-0.1666666666666666,1316.6666666666667,1621.8333333333333,1200.0,1241.3286353930198,-41.328635393019795
2025,10,4,Yumbe,Aringa,Bidibidi (refugee settlement),3.36,31.35,cereals and tubers,Maize (white),KG,1503.0,1895.0,-392.0,-0.2068601583113456,1519.0,1737.5,1683.0,1571.36522221522,111.63477778478
2025,10,4,Adjumani,Adjumani,Adjumani (refugee settlement),3.34,31.78,cereals and tubers,Maize flour,KG,2525.0,1857.0,668.0,0.3597199784598815,2322.333333333333,2526.5,2283.0,2777.9114660470395,-494.91146604703954
2025,10,4,Lamwo,Lamwo,Palabek (refugee settlement),3.34,32.47,miscellaneous food,Salt,KG,1867.0,1950.0,-83.0,-0.0425641025641025,1939.6666666666667,1969.8333333333333,1733.0,1866.819392796615,-133.81939279661492
2025,10,4,Lira,Lira Municipality,Lira,2.23,32.91,cereals and tubers,Sorghum,KG,1100.0,1325.0,-225.0,-0.1698113207547169,1086.0,1077.3333333333333,1100.0,1128.3367054215107,-28.336705421510715
2025,10,4,Lamwo,Lamwo,Palabek (refugee settlement),3.34,32.47,oil and fats,Oil (vegetable),L,8000.0,8000.0,0.0,0.0,7832.0,8212.333333333334,8000.0,7750.019166270999,249.98083372900055
2025,10,4,Masaka,Masaka Municipality,Masaka,-0.35,31.74,cereals and tubers,Maize flour,KG,2817.0,3000.0,-183.0,-0.061,2939.0,2902.833333333333,3000.0,2741.5189545048943,258.4810454951057
2025,10,4,Arua,Terego,Rhino Camp (refugee settlement),3.17,31.31,miscellaneous food,Salt,KG,2080.0,1963.0,117.0,0.0596026490066225,1931.0,1920.5,2000.0,2039.3792630719097,-39.37926307190969
2025,10,4,Kween,Kween,Kapchorwa,1.38,34.52,cereals and tubers,Millet,KG,3500.0,3500.0,0.0,0.0,3822.3333333333335,3154.833333333333,3333.0,3495.4968242330374,-162.4968242330374
2025,10,4,Isingiro,Bukanga,Nakivale (refugee settlement),-0.78,30.96,vegetables and fruits,Leafy vegetables,KG,2128.0,1028.0,1100.0,1.0700389105058363,1579.0,1601.5,1255.0,1664.2298497190181,-409.22984971901815
2025,10,4,Kabarole,Fort Portal Municipality,Fort Portal,0.66,30.28,oil and fats,Oil (vegetable),L,8000.0,8000.0,0.0,0.0,8000.0,7895.833333333333,8250.0,7944.681498735918,305.31850126408244
2025,10,4,Gulu,Gulu Municipality,Gulu,2.77,32.31,cereals and tubers,Sorghum,KG,2560.0,2360.0,200.0,0.0847457627118644,2062.333333333333,2031.1666666666667,3000.0,2593.8049461394708,406.19505386052924
2025,10,4,Gulu,Gulu Municipality,Gulu,2.77,32.31,cereals and tubers,Millet,KG,3400.0,3340.0,60.0,0.0179640718562874,3802.3333333333335,4734.5,3500.0,3617.043373955499,-117.04337395549919
2025,10,4,Lamwo,Lamwo,Palabek (refugee settlement),3.34,32.47,cereals and tubers,Maize (white),KG,1117.0,1500.0,-383.0,-0.2553333333333333,1292.0,1647.3333333333333,1000.0,1221.606867805233,-221.60686780523292
2025,10,4,Lira,Lira Municipality,Lira,2.23,32.91,cereals and tubers,Millet,KG,2500.0,2500.0,0.0,0.0,2500.0,3337.5,2500.0,2690.889500059448,-190.88950005944798
2025,10,4,Isingiro,Bukanga,Nakivale (refugee settlement),-0.78,30.96,cereals and tubers,Millet flour,KG,4523.0,4079.0,444.0,0.1088502083844079,4120.333333333333,4024.1666666666665,5000.0,4249.334225639309,750.6657743606911
2025,10,4,Hoima,Bugahya,Hoima,1.43,31.35,oil and fats,Oil (vegetable),L,10000.0,10000.0,0.0,0.0,10000.0,9933.333333333334,10000.0,8711.979283743103,1288.0207162568968
2025,10,4,Yumbe,Aringa,Bidibidi (refugee settlement),3.36,31.35,miscellaneous food,Salt,KG,2000.0,1974.0,26.0,0.0131712259371833,1939.0,1871.5,2000.0,1915.1009107082061,84.89908929179387
2025,10,4,Moyo,Obongi,Palorinya (refugee settlement),3.47,31.63,cereals and tubers,Maize (white),KG,775.0,1000.0,-225.0,-0.225,1041.6666666666667,1774.1666666666667,1140.0,1143.9538276122064,-3.9538276122063962
2025,10,4,Moyo,Obongi,Palorinya (refugee settlement),3.47,31.63,miscellaneous food,Salt,KG,1950.0,2000.0,-50.0,-0.025,1983.3333333333333,1944.0,2000.0,2046.8426723147409,-46.84267231474087
2025,10,4,Kween,Kween,Kapchorwa,1.38,34.52,cereals and tubers,Sorghum,KG,2000.0,2000.0,0.0,0.0,2000.0,1944.5,2000.0,2012.7778309985404,-12.777830998540367
2025,10,4,Arua,Terego,Imvepi (refugee settlement),3.23,31.28,pulses and nuts,Beans,KG,3544.0,3625.0,-81.0,-0.0223448275862068,3715.3333333333335,4219.5,3688.0,4016.297320208546,-328.2973202085459
2025,10,4,Kyegegwa,Kyaka,Kyaka II (refugee settlement),0.36,31.09,cereals and tubers,Maize (white),KG,1187.0,1777.0,-590.0,-0.3320202588632526,1377.3333333333333,1472.3333333333333,1192.0,1151.5346740203338,40.465325979666204
2025,10,4,Isingiro,Bukanga,Oruchinga (refugee settlement),-0.94,30.76,cereals and tubers,Maize flour,KG,2375.0,2500.0,-125.0,-0.05,2204.0,2118.0,2500.0,2239.1967671629504,260.80323283704956
2025,10,4,Masindi,Buruli M,Masindi,1.69,31.71,cereals and tubers,Maize (white),KG,1010.0,1000.0,10.0,0.01,1053.3333333333333,1335.0,1100.0,1077.70177075347,22.2982292465299
2025,10,4,Kabarole,Fort Portal Municipality,Fort Portal,0.66,30.28,cereals and tubers,Maize (white),KG,1970.0,2563.0,-593.0,-0.2313694888802185,2177.6666666666665,2088.833333333333,2500.0,1953.4410729842512,546.5589270157488
2025,10,4,Adjumani,Adjumani,Adjumani (refugee settlement),3.34,31.78,miscellaneous food,Salt,KG,2000.0,2000.0,0.0,0.0,2000.0,1990.5,2000.0,1973.564443973016,26.43555602698393
2025,10,4,Busia,Samia-bugwe,Busia,0.47,34.09,cereals and tubers,Millet,KG,2540.0,2600.0,-60.0,-0.023076923076923,2626.0,3284.833333333333,2413.0,2938.4508032457406,-525.4508032457406
2025,10,4,Amudat,Upe,Karita,1.54,34.83,pulses and nuts,Beans,KG,4000.0,4125.0,-125.0,-0.0303030303030303,4208.333333333333,4301.0,4045.0,3988.54914402615,56.45085597385014
2025,10,4,Isingiro,Bukanga,Nakivale (refugee settlement),-0.78,30.96,pulses and nuts,Beans,KG,2238.0,2583.0,-345.0,-0.1335656213704994,2519.6666666666665,2785.5,1467.0,2293.0267405133436,-826.0267405133436
2025,10,4,Masindi,Buruli M,Masindi,1.69,31.71,cereals and tubers,Millet,KG,3545.0,3556.0,-11.0,-0.0030933633295838,3583.6666666666665,3914.8333333333335,3571.0,3833.291536864336,-262.2915368643362
2025,10,4,Moyo,Obongi,Palorinya (refugee settlement),3.47,31.63,vegetables and fruits,Leafy vegetables,KG,1108.0,625.0,483.0,0.7728,1158.0,1390.6666666666667,2000.0,1417.4995413008728,582.5004586991272
2025,10,4,Isingiro,Bukanga,Oruchinga (refugee settlement),-0.94,30.76,cereals and tubers,Millet flour,KG,4625.0,3733.0,892.0,0.2389499062416287,4147.0,4101.166666666667,4500.0,4218.616335743553,281.38366425644745
2025,10,4,Arua,Arua Municipality,Arua,3.02,30.91,cereals and tubers,Maize (white),KG,1350.0,2000.0,-650.0,-0.325,1516.6666666666667,1408.3333333333333,1400.0,1288.3652449109081,111.63475508909187
2025,10,4,Gulu,Gulu Municipality,Gulu,2.77,32.31,pulses and nuts,Beans,KG,4900.0,4500.0,400.0,0.0888888888888888,4477.666666666667,4714.166666666667,5250.0,4380.0052602977885,869.9947397022115
2025,10,4,Isingiro,Bukanga,Nakivale (refugee settlement),-0.78,30.96,cereals and tubers,Maize flour,KG,2292.0,2052.0,240.0,0.1169590643274853,2069.6666666666665,2133.333333333333,2367.0,2165.0882612462888,201.91173875371123
2025,10,4,Moroto,Moroto Municipality,Moroto,2.53,34.65,cereals and tubers,Maize (white),KG,1394.0,1719.0,-325.0,-0.1890634089586969,1626.6666666666667,1683.8333333333333,1360.0,1481.9586355338145,-121.95863553381446
2025,10,4,Masaka,Masaka Municipality,Masaka,-0.35,31.74,cereals and tubers,Maize (white),KG,1400.0,1400.0,0.0,0.0,1400.0,1466.6666666666667,1400.0,1394.0334390730218,5.966560926978218
2025,10,4,Moyo,Obongi,Palorinya (refugee settlement),3.47,31.63,cereals and tubers,Cassava (fresh),KG,578.0,714.0,-136.0,-0.1904761904761904,662.0,637.1666666666666,427.0,586.1401116897536,-159.14011168975355
2025,10,4,Arua,Arua Municipality,Arua,3.02,30.91,cereals and tubers,Millet,KG,4000.0,4000.0,0.0,0.0,3933.3333333333335,4100.0,3800.0,3910.541887843616,-110.54188784361622
2025,10,4,Arua,Terego,Rhino Camp (refugee settlement),3.17,31.31,vegetables and fruits,Leafy vegetables,KG,1136.0,2224.0,-1088.0,-0.4892086330935252,1774.6666666666667,1825.8333333333333,2000.0,1568.3286161616163,431.6713838383837
2025,10,4,Arua,Terego,Imvepi (refugee settlement),3.23,31.28,cereals and tubers,Maize flour,KG,2722.0,2679.0,43.0,0.0160507652108995,2744.6666666666665,2888.833333333333,2842.0,2504.4652197099813,337.5347802900187
2025,10,4,Nakapiripirit,Pian,Nabilatuk,2.05,34.57,cereals and tubers,Maize flour,KG,2700.0,2650.0,50.0,0.0188679245283018,2741.6666666666665,2845.1666666666665,2656.0,2637.462493494202,18.537506505797865
2025,10,4,Hoima,Buhaguzi,Kyangwali (refugee settlement),1.16,30.75,"meat, fish and eggs",Fish (dry),KG,20833.0,34615.0,-13782.0,-0.3981510905676729,27371.666666666668,24025.0,20313.0,22529.76,-2216.7599999999984
2025,10,4,Hoima,Bugahya,Hoima,1.43,31.35,cereals and tubers,Maize (white),KG,1500.0,1500.0,0.0,0.0,1500.0,1900.0,1500.0,1642.530294424037,-142.53029442403704
2025,10,4,Lira,Lira Municipality,Lira,2.23,32.91,pulses and nuts,Beans,KG,4000.0,3300.0,700.0,0.2121212121212121,3466.6666666666665,3864.1666666666665,3833.0,3889.036819355408,-56.03681935540817
2025,10,4,Abim,Labwor,Makaratin,2.71,33.64,cereals and tubers,Sorghum,KG,1663.0,1840.0,-177.0,-0.096195652173913,1863.6666666666667,1846.0,1000.0,1605.6961336829509,-605.6961336829509
2025,10,4,Arua,Terego,Imvepi (refugee settlement),3.23,31.28,"meat, fish and eggs",Fish (dry),KG,20000.0,35987.0,-15987.0,-0.4442437546891933,25293.666666666668,25267.5,29167.0,22975.7,6191.299999999999
2025,10,4,Hoima,Buhaguzi,Kyangwali (refugee settlement),1.16,30.75,vegetables and fruits,Leafy vegetables,KG,3333.0,1724.0,1609.0,0.933294663573086,2352.333333333333,2850.6666666666665,5000.0,2361.5862147826087,2638.4137852173913
2025,10,4,Kamwenge,Kibale,Rwamwanja (refugee settlement),0.31,30.68,cereals and tubers,Maize flour,KG,3000.0,3000.0,0.0,0.0,2948.6666666666665,2950.833333333333,2810.0,2893.851626542685,-83.85162654268515
2025,10,4,Nakapiripirit,Pian,Nabilatuk,2.05,34.57,cereals and tubers,Maize (white),KG,1016.0,976.0,40.0,0.040983606557377,1084.3333333333333,1362.8333333333333,1032.0,1097.8004400250277,-65.80044002502768
2025,10,4,Kotido,Jie,Kotido,3.0,34.11,pulses and nuts,Beans,KG,3000.0,3000.0,0.0,0.0,3000.0,3452.1666666666665,3000.0,3021.527205030668,-21.52720503066803
2025,10,4,Hoima,Buhaguzi,Kyangwali (refugee settlement),1.16,30.75,miscellaneous food,Salt,KG,2000.0,1583.0,417.0,0.2634238787113076,1861.0,1911.5,1943.0,1930.7758290519864,12.22417094801358
2025,10,4,Amudat,Upe,Karita,1.54,34.83,oil and fats,Oil (vegetable),L,7250.0,7125.0,125.0,0.0175438596491228,7337.0,7554.0,7244.0,7170.837576825442,73.16242317455817
2025,10,4,Kyegegwa,Kyaka,Kyaka II (refugee settlement),0.36,31.09,miscellaneous food,Salt,KG,1600.0,1985.0,-385.0,-0.1939546599496221,1728.3333333333333,1641.3333333333333,1600.0,1643.3112116351624,-43.31121163516241
2025,10,4,Kyegegwa,Kyaka,Kyaka II (refugee settlement),0.36,31.09,oil and fats,Oil (vegetable),L,8000.0,7505.0,495.0,0.0659560293137908,7835.0,7917.5,8000.0,7826.437080740797,173.56291925920323
2025,10,4,Kasese,Busongora,Kasese,0.17,30.07,cereals and tubers,Maize (white),KG,1600.0,1675.0,-75.0,-0.044776119402985,1625.0,1676.6666666666667,1513.0,1674.8497915505557,-161.84979155055566
2025,10,4,Koboko,Koboko,Lobule (refugee settlement),3.39,31.03,cereals and tubers,Maize (white),KG,1508.0,932.0,576.0,0.6180257510729614,1176.6666666666667,1487.8333333333333,1763.0,1429.2448241780194,333.75517582198063
2025,10,4,Yumbe,Aringa,Bidibidi (refugee settlement),3.36,31.35,cereals and tubers,Cassava (fresh),KG,630.0,640.0,-10.0,-0.015625,653.6666666666666,694.0,651.0,710.9880162517251,-59.98801625172507
2025,10,4,Isingiro,Bukanga,Oruchinga (refugee settlement),-0.94,30.76,vegetables and fruits,Leafy vegetables,KG,1667.0,1000.0,667.0,0.667,1468.3333333333333,1614.8333333333333,1667.0,1417.6626260595579,249.33737394044215
2025,10,4,Hoima,Buhaguzi,Kyangwali (refugee settlement),1.16,30.75,pulses and nuts,Beans,KG,2250.0,2396.0,-146.0,-0.0609348914858096,2548.6666666666665,3154.0,2243.0,2599.677867274361,-356.6778672743608
2025,10,4,Kaabong,Dodoth,Kaabong,3.54,34.12,cereals and tubers,Millet,KG,2530.0,2688.0,-158.0,-0.0587797619047619,2993.6666666666665,3791.0,2675.0,2673.914130759507,1.085869240493139
2025,10,4,Soroti,Soroti Municipality,Soroti,1.71,33.62,cereals and tubers,Millet,KG,2460.0,4850.0,-2390.0,-0.4927835051546392,3575.6666666666665,3240.6666666666665,2440.0,2797.899534883721,-357.8995348837211
2025,10,4,Mbarara,Mbarara Municipality,Mbarara,-0.61,30.65,cereals and tubers,Sorghum,KG,4000.0,4000.0,0.0,0.0,4000.0,3541.6666666666665,4000.0,3905.5051252457056,94.49487475429441
2025,10,4,Kiryandongo,Kibanda,Kiryandongo (refugee settlement),1.94,32.21,cereals and tubers,Maize (white),KG,1240.0,1075.0,165.0,0.1534883720930232,1241.0,1390.3333333333333,1325.0,1197.7888576030934,127.21114239690655
2025,10,4,Soroti,Soroti Municipality,Soroti,1.71,33.62,cereals and tubers,Sorghum,KG,1050.0,1142.0,-92.0,-0.0805604203152364,1069.6666666666667,1236.5,1217.0,1046.0492916463688,170.95070835363117
2025,10,4,Yumbe,Aringa,Bidibidi (refugee settlement),3.36,31.35,pulses and nuts,Beans,KG,3938.0,4211.0,-273.0,-0.0648302066017573,4237.666666666667,4375.333333333333,4138.0,4366.760019778946,-228.76001977894612
2025,10,4,Arua,Terego,Imvepi (refugee settlement),3.23,31.28,cereals and tubers,Sorghum,KG,1783.0,1875.0,-92.0,-0.0490666666666666,1707.0,1598.3333333333333,1858.0,1661.8411002289245,196.15889977107554
2025,10,4,Moyo,Obongi,Palorinya (refugee settlement),3.47,31.63,cereals and tubers,Millet flour,KG,6000.0,6000.0,0.0,0.0,6000.0,6041.666666666667,5250.0,5480.957165,-230.9571649999998
2025,10,4,Soroti,Soroti Municipality,Soroti,1.71,33.62,cereals and tubers,Maize flour,KG,2000.0,2392.0,-392.0,-0.1638795986622073,2205.6666666666665,2234.5,1975.0,2047.939750791945,-72.93975079194502
2025,10,4,Kiryandongo,Kibanda,Kiryandongo (refugee settlement),1.94,32.21,milk and dairy,Milk (fresh),L,2000.0,2000.0,0.0,0.0,2000.0,2020.8333333333333,1667.0,1935.9090237227551,-268.90902372275514
2025,10,4,Yumbe,Aringa,Bidibidi (refugee settlement),3.36,31.35,milk and dairy,Milk (fresh),L,2063.0,2000.0,63.0,0.0315,1970.0,1899.8333333333333,2000.0,2118.5129243473802,-118.51292434738025
2025,10,4,Kamwenge,Kibale,Rwamwanja (refugee settlement),0.31,30.68,oil and fats,Oil (vegetable),L,10964.0,8944.0,2020.0,0.2258497316636851,9892.333333333334,10471.666666666666,9952.0,11318.2367,-1366.2366999999995
2025,10,4,Kotido,Jie,Kotido,3.0,34.11,oil and fats,Oil (vegetable),L,7250.0,7500.0,-250.0,-0.0333333333333333,7420.0,7503.833333333333,7100.0,7159.014647251441,-59.01464725144069
2025,10,4,Yumbe,Aringa,Bidibidi (refugee settlement),3.36,31.35,cereals and tubers,Sorghum,KG,2266.0,2037.0,229.0,0.1124202258222876,1832.3333333333333,1607.8333333333333,2100.0,2180.4229658589447,-80.42296585894474
2025,10,4,Kasese,Busongora,Kasese,0.17,30.07,cereals and tubers,Cassava flour,KG,920.0,950.0,-30.0,-0.031578947368421,965.0,1120.8333333333333,925.0,979.1232478305744,-54.12324783057443
2025,10,4,Koboko,Koboko,Lobule (refugee settlement),3.39,31.03,cereals and tubers,Sorghum,KG,2271.0,2818.0,-547.0,-0.1941092973740241,2120.0,1820.6666666666667,2150.0,2446.2153220863024,-296.2153220863024
2025,10,4,Nakapiripirit,Kadani,Namalu,1.79,34.6,cereals and tubers,Maize flour,KG,2400.0,2350.0,50.0,0.0212765957446808,2405.6666666666665,2591.6666666666665,2500.0,2367.241780217059,132.75821978294107
2025,10,4,Moyo,Obongi,Palorinya (refugee settlement),3.47,31.63,pulses and nuts,Beans,KG,2950.0,3750.0,-800.0,-0.2133333333333333,3464.6666666666665,3899.6666666666665,3210.0,3029.6282267219726,180.37177327802738
2025,10,4,Masaka,Masaka Municipality,Masaka,-0.35,31.74,cereals and tubers,Cassava flour,KG,1400.0,1400.0,0.0,0.0,1400.0,1391.6666666666667,1400.0,1402.6822397141964,-2.6822397141963847
2025,10,4,Kween,Kween,Kapchorwa,1.38,34.52,oil and fats,Oil (vegetable),L,7375.0,7500.0,-125.0,-0.0166666666666666,7458.333333333333,7479.166666666667,7000.0,7099.091637187309,-99.09163718730906
2025,10,4,Arua,Terego,Imvepi (refugee settlement),3.23,31.28,oil and fats,Oil (vegetable),L,7072.0,7138.0,-66.0,-0.0092462874754833,7314.333333333333,7591.166666666667,7108.0,7319.147030214725,-211.14703021472542
2025,10,4,Napak,Bokora,Napak,2.22,34.26,cereals and tubers,Cassava flour,KG,1400.0,800.0,600.0,0.75,1000.0,1146.0,800.0,1393.2062029927122,-593.2062029927122
2025,10,4,Arua,Arua Municipality,Arua,3.02,30.91,cereals and tubers,Sorghum,KG,2750.0,3000.0,-250.0,-0.0833333333333333,2583.333333333333,2333.333333333333,2600.0,2097.983033969516,502.0169660304841
2025,10,4,Arua,Arua Municipality,Arua,3.02,30.91,cereals and tubers,Cassava flour,KG,1300.0,1200.0,100.0,0.0833333333333333,1166.6666666666667,1083.3333333333333,1400.0,1272.9198393180557,127.08016068194434
2025,10,4,Isingiro,Bukanga,Oruchinga (refugee settlement),-0.94,30.76,oil and fats,Oil (vegetable),L,7563.0,8000.0,-437.0,-0.054625,7938.0,7962.333333333333,8000.0,7340.852265122265,659.1477348777353
2025,10,4,Moroto,Moroto Municipality,Moroto,2.53,34.65,cereals and tubers,Cassava flour,KG,1811.0,2046.0,-235.0,-0.1148582600195503,1999.0,2075.1666666666665,1593.0,1809.5000327512698,-216.50003275126983
2025,10,4,Kaabong,Dodoth,Kaabong,3.54,34.12,oil and fats,Oil (vegetable),L,7880.0,7975.0,-95.0,-0.0119122257053291,7951.666666666667,7975.833333333333,7500.0,7856.969902219599,-356.96990221959913
2025,10,4,Masindi,Buruli M,Masindi,1.69,31.71,oil and fats,Oil (vegetable),L,8000.0,7889.0,111.0,0.0140702243630371,7963.0,7919.0,8000.0,7930.137704447373,69.86229555262707
2025,10,4,Jinja,Jinja Municipality,Jinja,0.42,33.2,oil and fats,Oil (vegetable),L,7500.0,7500.0,0.0,0.0,7500.0,7466.666666666667,7500.0,7567.691094129705,-67.69109412970465
2025,10,4,Soroti,Soroti Municipality,Soroti,1.71,33.62,pulses and nuts,Beans,KG,3720.0,3750.0,-30.0,-0.008,3762.3333333333335,4033.5,3608.0,3862.1138046737415,-254.11380467374147
2025,10,4,Lamwo,Lamwo,Palabek (refugee settlement),3.34,32.47,pulses and nuts,Beans,KG,3200.0,4000.0,-800.0,-0.2,3596.333333333333,3769.5,2800.0,3286.678828033076,-486.6788280330761
2025,10,4,Isingiro,Bukanga,Oruchinga (refugee settlement),-0.94,30.76,milk and dairy,Milk (fresh),L,2000.0,1800.0,200.0,0.1111111111111111,1899.3333333333333,1881.6666666666667,1600.0,1930.1883771461155,-330.1883771461155
2025,10,4,Moroto,Moroto Municipality,Moroto,2.53,34.65,cereals and tubers,Sorghum,KG,1356.0,1644.0,-288.0,-0.1751824817518248,1570.0,1627.6666666666667,1327.0,1441.057896391805,-114.05789639180489
2025,10,4,Yumbe,Aringa,Bidibidi (refugee settlement),3.36,31.35,"meat, fish and eggs",Fish (dry),KG,22705.0,25354.0,-2649.0,-0.104480555336436,21153.666666666668,21748.0,27631.0,21322.29333333333,6308.706666666669
2025,10,4,Mbarara,Mbarara Municipality,Mbarara,-0.61,30.65,oil and fats,Oil (vegetable),L,8583.0,8500.0,83.0,0.0097647058823529,8472.0,8319.333333333334,8000.0,8424.488759920634,-424.48875992063404
2025,10,4,Busia,Samia-bugwe,Busia,0.47,34.09,cereals and tubers,Maize flour,KG,2080.0,2288.0,-208.0,-0.0909090909090909,2181.0,2375.5,1975.0,1991.1795304866196,-16.17953048661957
2025,10,4,Adjumani,Adjumani,Adjumani (refugee settlement),3.34,31.78,cereals and tubers,Cassava (fresh),KG,590.0,645.0,-55.0,-0.0852713178294573,560.3333333333334,573.6666666666666,767.0,643.4677226787996,123.53227732120035
2025,10,4,Soroti,Soroti Municipality,Soroti,1.71,33.62,cereals and tubers,Cassava flour,KG,1100.0,1250.0,-150.0,-0.12,1172.3333333333333,1075.5,1150.0,1108.6543831087674,41.34561689123257
2025,10,4,Arua,Terego,Rhino Camp (refugee settlement),3.17,31.31,oil and fats,Oil (vegetable),L,6760.0,7569.0,-809.0,-0.1068833399392257,7151.333333333333,7615.333333333333,7000.0,7054.128138774556,-54.12813877455574
2025,10,4,Busia,Samia-bugwe,Busia,0.47,34.09,cereals and tubers,Cassava flour,KG,1000.0,1000.0,0.0,0.0,1004.3333333333334,973.0,1163.0,1049.2873769754242,113.7126230245758
2025,10,4,Masindi,Buruli M,Masindi,1.69,31.71,cereals and tubers,Cassava flour,KG,2282.0,2222.0,60.0,0.027002700270027,2230.6666666666665,2261.1666666666665,2286.0,2726.689648730969,-440.6896487309691
2025,10,4,Arua,Terego,Rhino Camp (refugee settlement),3.17,31.31,milk and dairy,Milk (fresh),L,2000.0,3000.0,-1000.0,-0.3333333333333333,2666.6666666666665,2210.0,2000.0,1970.544022622362,29.455977377637964
2025,10,4,Arua,Terego,Imvepi (refugee settlement),3.23,31.28,cereals and tubers,Millet flour,KG,4444.0,5083.0,-639.0,-0.1257131615187881,4725.666666666667,4503.833333333333,4667.0,4493.198012566182,173.80198743381789
2025,10,4,Arua,Terego,Rhino Camp (refugee settlement),3.17,31.31,cereals and tubers,Sorghum,KG,2400.0,2347.0,53.0,0.0225820195994887,2415.6666666666665,2188.333333333333,2000.0,2343.6895445411064,-343.68954454110644
2025,10,4,Masindi,Buruli M,Masindi,1.69,31.71,cereals and tubers,Maize flour,KG,2345.0,2400.0,-55.0,-0.0229166666666666,2415.0,2470.833333333333,2371.0,2612.484143511306,-241.48414351130577
2025,10,4,Busia,Samia-bugwe,Busia,0.47,34.09,oil and fats,Oil (vegetable),L,7250.0,7500.0,-250.0,-0.0333333333333333,7375.0,7441.666666666667,6938.0,7167.488785765704,-229.48878576570405
2025,10,4,Abim,Labwor,Makaratin,2.71,33.64,oil and fats,Oil (vegetable),L,7438.0,7650.0,-212.0,-0.0277124183006535,7529.333333333333,7658.5,7500.0,7445.719917029285,54.28008297071483
2025,10,4,Kiryandongo,Kibanda,Kiryandongo (refugee settlement),1.94,32.21,cereals and tubers,Millet flour,KG,4200.0,5000.0,-800.0,-0.16,4844.333333333333,4941.166666666667,4850.0,4399.249846153846,450.7501538461538
2025,10,4,Yumbe,Aringa,Bidibidi (refugee settlement),3.36,31.35,cereals and tubers,Maize flour,KG,2988.0,2961.0,27.0,0.0091185410334346,2710.6666666666665,2782.833333333333,3000.0,2956.2893785174297,43.71062148257033
2025,10,4,Nakapiripirit,Pian,Nabilatuk,2.05,34.57,oil and fats,Oil (vegetable),L,7000.0,7167.0,-167.0,-0.0233012418027068,7222.333333333333,7703.666666666667,7000.0,7048.484536317737,-48.484536317737366
2025,10,4,Gulu,Gulu Municipality,Gulu,2.77,32.31,cereals and tubers,Maize flour,KG,3000.0,3000.0,0.0,0.0,3000.0,3033.333333333333,3000.0,2905.668880438949,94.33111956105085
2025,10,4,Kotido,Jie,Kotido,3.0,34.11,cereals and tubers,Maize flour,KG,2000.0,2050.0,-50.0,-0.024390243902439,2183.333333333333,2385.5,1950.0,2002.8799392283295,-52.87993922832948
2025,10,4,Soroti,Soroti Municipality,Soroti,1.71,33.62,oil and fats,Oil (vegetable),L,8200.0,8333.0,-133.0,-0.015960638425537,8344.333333333334,8295.666666666666,8083.0,8072.857909782747,10.142090217253099
2025,10,4,Kabarole,Fort Portal Municipality,Fort Portal,0.66,30.28,pulses and nuts,Beans,KG,4250.0,5000.0,-750.0,-0.15,4500.0,4729.166666666667,3875.0,4208.70763969798,-333.7076396979801
2025,10,4,Lamwo,Lamwo,Palabek (refugee settlement),3.34,32.47,milk and dairy,Milk (fresh),L,2000.0,2000.0,0.0,0.0,2000.0,2000.0,2000.0,1969.4591780155693,30.54082198443075
2025,10,4,Masaka,Masaka Municipality,Masaka,-0.35,31.74,oil and fats,Oil (vegetable),L,7250.0,7000.0,250.0,0.0357142857142857,7139.0,7257.0,7000.0,7139.111669747707,-139.1116697477073
2025,10,4,Kyegegwa,Kyaka,Kyaka II (refugee settlement),0.36,31.09,milk and dairy,Milk (fresh),L,1877.0,2000.0,-123.0,-0.0615,1844.0,1863.0,1692.0,1887.8971717963868,-195.89717179638683
2025,10,4,Lira,Lira Municipality,Lira,2.23,32.91,cereals and tubers,Maize flour,KG,1850.0,2020.0,-170.0,-0.0841584158415841,1967.6666666666667,2317.1666666666665,1767.0,1932.5852997618704,-165.58529976187037
2025,10,4,Hoima,Bugahya,Hoima,1.43,31.35,cereals and tubers,Sorghum,KG,3500.0,3500.0,0.0,0.0,3416.6666666666665,3375.0,3500.0,3470.333850438889,29.66614956111107
2025,10,4,Hoima,Bugahya,Hoima,1.43,31.35,pulses and nuts,Beans,KG,4000.0,4000.0,0.0,0.0,4000.0,4333.333333333333,4000.0,3856.5776325690135,143.42236743098647
2025,10,4,Isingiro,Bukanga,Nakivale (refugee settlement),-0.78,30.96,milk and dairy,Milk (fresh),L,2000.0,1933.0,67.0,0.0346611484738748,1914.3333333333333,1863.8333333333333,1800.0,1935.4588643577142,-135.45886435771422
2025,10,4,Mbarara,Mbarara Municipality,Mbarara,-0.61,30.65,cereals and tubers,Maize flour,KG,3000.0,3000.0,0.0,0.0,3000.0,3085.0,3000.0,2986.231728156644,13.76827184335616
2025,10,4,Lira,Lira Municipality,Lira,2.23,32.91,oil and fats,Oil (vegetable),L,7250.0,7400.0,-150.0,-0.0202702702702702,7383.333333333333,7504.166666666667,7500.0,7255.162107880136,244.83789211986368
2025,10,4,Isingiro,Bukanga,Oruchinga (refugee settlement),-0.94,30.76,cereals and tubers,Sorghum,KG,1925.0,2000.0,-75.0,-0.0375,2173.333333333333,2699.6666666666665,1800.0,2071.535014436655,-271.5350144366548
2025,10,4,Adjumani,Adjumani,Adjumani (refugee settlement),3.34,31.78,oil and fats,Oil (vegetable),L,7906.0,7821.0,85.0,0.0108681754251374,7884.0,7901.5,7917.0,7750.634716107665,166.36528389233536
2025,10,4,Kasese,Busongora,Kasese,0.17,30.07,cereals and tubers,Sorghum,KG,2940.0,3200.0,-260.0,-0.08125,3263.333333333333,3555.833333333333,2475.0,2878.748360342337,-403.74836034233704
2025,10,4,Isingiro,Bukanga,Nakivale (refugee settlement),-0.78,30.96,cereals and tubers,Sorghum,KG,1885.0,1839.0,46.0,0.0250135943447525,1767.0,1792.1666666666667,1667.0,1865.9112933713745,-198.91129337137454
2025,10,4,Kaabong,Dodoth,Karenga,3.57,33.7,cereals and tubers,Cassava flour,KG,1583.0,1571.0,12.0,0.0076384468491406,1551.3333333333333,1548.3333333333333,1893.0,1690.9209976527936,202.07900234720637
2025,10,4,Kabarole,Fort Portal Municipality,Fort Portal,0.66,30.28,cereals and tubers,Maize flour,KG,2800.0,2938.0,-138.0,-0.0469707283866575,2829.333333333333,2914.6666666666665,3063.0,2792.527230598961,270.47276940103893
2025,10,4,Kamwenge,Kibale,Rwamwanja (refugee settlement),0.31,30.68,pulses and nuts,Beans,KG,2089.0,2167.0,-78.0,-0.0359944623904014,2213.6666666666665,2548.5,2310.0,2037.3522245951663,272.64777540483374
2025,10,4,Hoima,Buhaguzi,Kyangwali (refugee settlement),1.16,30.75,milk and dairy,Milk (fresh),L,2000.0,1820.0,180.0,0.0989010989010989,1940.0,2170.0,2000.0,1960.4017485091533,39.59825149084668
2025,10,4,Iganga,Kigulu,Iganga,0.61,33.47,cereals and tubers,Maize flour,KG,1920.0,2225.0,-305.0,-0.1370786516853932,2244.333333333333,2258.0,1963.0,1972.6040200862126,-9.604020086212586
2025,10,4,Amudat,Upe,Karita,1.54,34.83,cereals and tubers,Maize flour,KG,2100.0,2100.0,0.0,0.0,2333.333333333333,2445.1666666666665,2068.0,2036.3337349478877,31.666265052112294
2025,10,4,Kaabong,Dodoth,Kaabong,3.54,34.12,cereals and tubers,Maize flour,KG,2290.0,2300.0,-10.0,-0.0043478260869565,2434.333333333333,2621.333333333333,2325.0,2267.160008585999,57.839991414000906
2025,10,4,Koboko,Koboko,Lobule (refugee settlement),3.39,31.03,milk and dairy,Milk (fresh),L,2000.0,2000.0,0.0,0.0,1963.0,1907.5,2000.0,1874.7601031404206,125.2398968595794
2025,10,4,Kaabong,Dodoth,Karenga,3.57,33.7,oil and fats,Oil (vegetable),L,8000.0,8000.0,0.0,0.0,8000.0,8000.0,7907.0,7951.360165964198,-44.36016596419813
2025,10,4,Kiryandongo,Kibanda,Kiryandongo (refugee settlement),1.94,32.21,cereals and tubers,Sorghum,KG,2233.0,2167.0,66.0,0.0304568527918781,2175.0,2219.0,2208.0,2276.9900848796683,-68.9900848796683
2025,10,4,Iganga,Kigulu,Iganga,0.61,33.47,pulses and nuts,Beans,KG,3110.0,3613.0,-503.0,-0.1392194851923609,3441.0,3888.5,3075.0,3112.3988247862085,-37.39882478620848
2025,10,4,Gulu,Gulu Municipality,Gulu,2.77,32.31,oil and fats,Oil (vegetable),L,8000.0,7900.0,100.0,0.0126582278481012,7966.666666666667,7504.166666666667,8000.0,7694.189169068448,305.8108309315521
2025,10,4,Hoima,Buhaguzi,Kyangwali (refugee settlement),1.16,30.75,cereals and tubers,Sorghum,KG,3210.0,2351.0,859.0,0.3653764355593364,2687.0,3256.5,2971.0,3173.2405567899377,-202.24055678993773
2025,10,4,Napak,Bokora,Napak,2.22,34.26,oil and fats,Oil (vegetable),L,7000.0,7000.0,0.0,0.0,7000.0,7037.166666666667,7000.0,7011.191669385324,-11.191669385323621
2025,10,4,Kween,Kween,Kapchorwa,1.38,34.52,cereals and tubers,Maize flour,KG,2350.0,2400.0,-50.0,-0.0208333333333333,2341.6666666666665,2570.833333333333,2200.0,2252.7308879342722,-52.73088793427223
2025,10,4,Lamwo,Lamwo,Palabek (refugee settlement),3.34,32.47,cereals and tubers,Millet flour,KG,3750.0,3000.0,750.0,0.25,3801.3333333333335,4148.166666666667,3500.0,3948.5980346139004,-448.5980346139004
2025,10,4,Kyegegwa,Kyaka,Kyaka II (refugee settlement),0.36,31.09,cereals and tubers,Millet flour,KG,4144.0,4923.0,-779.0,-0.1582368474507414,4389.0,4264.333333333333,4321.0,4189.98952970691,131.0104702930903
2025,10,4,Kabarole,Fort Portal Municipality,Fort Portal,0.66,30.28,cereals and tubers,Sorghum,KG,4000.0,4000.0,0.0,0.0,4000.0,4000.0,4000.0,3083.1768226872096,916.8231773127904
2025,10,4,Moyo,Obongi,Palorinya (refugee settlement),3.47,31.63,cereals and tubers,Maize flour,KG,1500.0,1425.0,75.0,0.0526315789473684,1641.6666666666667,2525.1666666666665,2571.0,1717.9927706188953,853.0072293811047
2025,10,4,Adjumani,Adjumani,Adjumani (refugee settlement),3.34,31.78,cereals and tubers,Sorghum,KG,1381.0,1325.0,56.0,0.0422641509433962,1347.0,1646.3333333333333,1800.0,1400.6017880247402,399.39821197525976
2025,10,4,Koboko,Koboko,Lobule (refugee settlement),3.39,31.03,pulses and nuts,Beans,KG,4021.0,2459.0,1562.0,0.6352175681171208,3640.0,3962.1666666666665,4167.0,4060.5983881452157,106.40161185478428
2025,10,4,Arua,Arua Municipality,Arua,3.02,30.91,cereals and tubers,Maize flour,KG,3100.0,3500.0,-400.0,-0.1142857142857142,3333.333333333333,3283.333333333333,3100.0,3032.3860404526554,67.61395954734462
2025,10,4,Kyegegwa,Kyaka,Kyaka II (refugee settlement),0.36,31.09,cereals and tubers,Maize flour,KG,3115.0,3079.0,36.0,0.0116921078272166,3081.333333333333,3170.5,3000.0,3055.4459056916576,-55.44590569165757
2025,10,4,Jinja,Jinja Municipality,Jinja,0.42,33.2,pulses and nuts,Beans,KG,4000.0,4000.0,0.0,0.0,4000.0,4143.833333333333,3875.0,4007.2918017875036,-132.29180178750357
2025,10,4,Kyegegwa,Kyaka,Kyaka II (refugee settlement),0.36,31.09,"meat, fish and eggs",Fish (dry),KG,30508.0,29167.0,1341.0,0.0459766174100867,29588.666666666668,31079.5,31746.0,29922.78,1823.2200000000012
2025,10,4,Lira,Lira Municipality,Lira,2.23,32.91,cereals and tubers,Cassava flour,KG,2750.0,2900.0,-150.0,-0.0517241379310344,2772.333333333333,2840.333333333333,2833.0,2620.135756712745,212.8642432872548
2025,10,4,Gulu,Gulu Municipality,Gulu,2.77,32.31,cereals and tubers,Maize (white),KG,1820.0,1540.0,280.0,0.1818181818181818,1564.3333333333333,1748.8333333333333,2000.0,1735.9600036509914,264.03999634900856
2025,10,4,Kamwenge,Kibale,Rwamwanja (refugee settlement),0.31,30.68,milk and dairy,Milk (fresh),L,1500.0,1500.0,0.0,0.0,1500.0,1575.0,1500.0,1474.349083537049,25.650916462951045
2025,10,4,Adjumani,Adjumani,Adjumani (refugee settlement),3.34,31.78,vegetables and fruits,Leafy vegetables,KG,1429.0,2381.0,-952.0,-0.3998320033599328,1979.3333333333333,1873.6666666666667,1538.0,1704.9740612238195,-166.9740612238195
2025,10,4,Kween,Kween,Kapchorwa,1.38,34.52,cereals and tubers,Maize (white),KG,1150.0,1200.0,-50.0,-0.0416666666666666,1183.3333333333333,1455.0,1000.0,1139.7523358902863,-139.7523358902863
2025,10,4,Isingiro,Bukanga,Nakivale (refugee settlement),-0.78,30.96,cereals and tubers,Cassava (fresh),KG,599.0,356.0,243.0,0.6825842696629213,478.6666666666667,512.0,585.0,488.5948682539683,96.40513174603171
2025,10,4,Arua,Terego,Imvepi (refugee settlement),3.23,31.28,cereals and tubers,Cassava (fresh),KG,526.0,681.0,-155.0,-0.2276064610866373,594.3333333333334,717.0,808.0,593.4605414896047,214.53945851039532
2025,10,4,Moroto,Moroto Municipality,Moroto,2.53,34.65,cereals and tubers,Maize flour,KG,2144.0,2433.0,-289.0,-0.1187833949856144,2388.0,2415.333333333333,1933.0,2089.9897121751533,-156.98971217515327
2025,10,4,Kiryandongo,Kibanda,Kiryandongo (refugee settlement),1.94,32.21,oil and fats,Oil (vegetable),L,7753.0,7458.0,295.0,0.0395548404397961,7598.0,7611.5,7400.0,7330.614674343475,69.38532565652531
2025,10,4,Mbarara,Mbarara Municipality,Mbarara,-0.61,30.65,cereals and tubers,Cassava flour,KG,2000.0,2000.0,0.0,0.0,2000.0,2000.0,2000.0,1976.237066993646,23.762933006353933
2025,10,4,Busia,Samia-bugwe,Busia,0.47,34.09,cereals and tubers,Sorghum,KG,1340.0,1200.0,140.0,0.1166666666666666,1165.3333333333333,1292.6666666666667,1463.0,1311.5731290118806,151.4268709881194
2025,10,4,Moroto,Moroto Municipality,Moroto,2.53,34.65,pulses and nuts,Beans,KG,3733.0,3729.0,4.0,0.0010726736390453,3796.3333333333335,4232.5,3620.0,3693.571479096741,-73.57147909674086
2025,10,4,Lamwo,Lamwo,Palabek (refugee settlement),3.34,32.47,cereals and tubers,Sorghum,KG,1450.0,1632.0,-182.0,-0.1115196078431372,1489.3333333333333,1543.8333333333333,1133.0,1722.0909417597118,-589.0909417597118
2025,10,4,Arua,Arua Municipality,Arua,3.02,30.91,oil and fats,Oil (vegetable),L,6500.0,7000.0,-500.0,-0.0714285714285714,6666.666666666667,6791.666666666667,6000.0,6593.20036525974,-593.2003652597396
2025,10,4,Isingiro,Bukanga,Oruchinga (refugee settlement),-0.94,30.76,cereals and tubers,Cassava (fresh),KG,595.0,500.0,95.0,0.19,526.0,535.3333333333334,595.0,790.9759598898146,-195.9759598898146
2025,10,4,Adjumani,Adjumani,Adjumani (refugee settlement),3.34,31.78,milk and dairy,Milk (fresh),L,2000.0,2000.0,0.0,0.0,2000.0,2000.0,2000.0,1969.8589152196955,30.14108478030448
2025,10,4,Abim,Labwor,Makaratin,2.71,33.64,cereals and tubers,Maize (white),KG,1025.0,1290.0,-265.0,-0.2054263565891473,1421.6666666666667,1583.0,925.0,1112.4253585418735,-187.4253585418735
2025,10,4,Isingiro,Bukanga,Nakivale (refugee settlement),-0.78,30.96,oil and fats,Oil (vegetable),L,7731.0,7347.0,384.0,0.0522662311147407,7660.0,7659.166666666667,7667.0,7714.911843913742,-47.911843913741905
2025,10,4,Kamwenge,Kibale,Rwamwanja (refugee settlement),0.31,30.68,cereals and tubers,Cassava (fresh),KG,1026.0,556.0,470.0,0.8453237410071942,717.6666666666666,618.8333333333334,833.0,811.2581020202019,21.74189797979807
2025,10,4,Masindi,Buruli M,Masindi,1.69,31.71,pulses and nuts,Beans,KG,2818.0,3222.0,-404.0,-0.1253879577901924,3180.0,3442.1666666666665,2714.0,2915.2151206609956,-201.21512066099558
2025,10,4,Kiryandongo,Kibanda,Kiryandongo (refugee settlement),1.94,32.21,"meat, fish and eggs",Fish (dry),KG,30000.0,23889.0,6111.0,0.2558081125204068,26852.0,27141.0,28333.0,28477.565,-144.5649999999987
2025,10,4,Iganga,Kigulu,Iganga,0.61,33.47,cereals and tubers,Cassava flour,KG,1240.0,1100.0,140.0,0.1272727272727272,1180.0,1202.1666666666667,1213.0,1180.455913259122,32.5440867408779
2025,10,4,Moyo,Obongi,Palorinya (refugee settlement),3.47,31.63,cereals and tubers,Sorghum,KG,1750.0,1500.0,250.0,0.1666666666666666,2027.6666666666667,2303.5,2000.0,1882.2945607995573,117.7054392004427
2025,10,4,Lira,Lira Municipality,Lira,2.23,32.91,cereals and tubers,Maize (white),KG,950.0,930.0,20.0,0.021505376344086,937.6666666666666,1159.3333333333333,883.0,992.7297244794005,-109.72972447940049
2025,10,4,Kasese,Busongora,Kasese,0.17,30.07,cereals and tubers,Maize flour,KG,2520.0,2550.0,-30.0,-0.0117647058823529,2515.0,2499.1666666666665,2600.0,2453.768989326841,146.23101067315883
2025,10,4,Napak,Bokora,Napak,2.22,34.26,pulses and nuts,Beans,KG,4000.0,4000.0,0.0,0.0,4000.0,4254.333333333333,4500.0,3959.471442890407,540.5285571095928
2025,10,4,Kiryandongo,Kibanda,Kiryandongo (refugee settlement),1.94,32.21,pulses and nuts,Beans,KG,2833.0,3042.0,-209.0,-0.0687047994740302,3111.0,3476.6666666666665,2750.0,2934.2827127116843,-184.28271271168433
2025,10,4,Jinja,Jinja Municipality,Jinja,0.42,33.2,cereals and tubers,Cassava flour,KG,1440.0,1500.0,-60.0,-0.04,1480.0,1511.6666666666667,1538.0,1475.2543286285522,62.74567137144777
2025,10,4,Kamwenge,Kibale,Rwamwanja (refugee settlement),0.31,30.68,cereals and tubers,Millet flour,KG,4714.0,4806.0,-92.0,-0.0191427382438618,4519.333333333333,4369.166666666667,4119.0,4317.317255724934,-198.3172557249336
2025,10,4,Hoima,Bugahya,Hoima,1.43,31.35,cereals and tubers,Maize flour,KG,2500.0,2500.0,0.0,0.0,2500.0,2516.6666666666665,2500.0,2522.4720343065305,-22.47203430653053
2025,10,4,Koboko,Koboko,Lobule (refugee settlement),3.39,31.03,"meat, fish and eggs",Fish (dry),KG,25463.0,17500.0,7963.0,0.4550285714285714,18877.0,19037.83333333333,28009.0,18789.84,9219.16
2025,10,4,Gulu,Gulu Municipality,Gulu,2.77,32.31,cereals and tubers,Cassava flour,KG,4000.0,4667.0,-667.0,-0.1429183629740733,4639.0,4140.166666666667,4143.0,4107.07469633688,35.92530366311985
2025,10,4,Mbarara,Mbarara Municipality,Mbarara,-0.61,30.65,cereals and tubers,Maize (white),KG,2500.0,2500.0,0.0,0.0,2500.0,2520.833333333333,2500.0,2474.6322842323825,25.367715767617483
2025,10,4,Jinja,Jinja Municipality,Jinja,0.42,33.2,cereals and tubers,Maize (white),KG,1940.0,1900.0,40.0,0.0210526315789473,1876.0,1938.0,1838.0,1881.488937292477,-43.488937292476976
2025,10,4,Abim,Labwor,Makaratin,2.71,33.64,cereals and tubers,Maize flour,KG,2075.0,2170.0,-95.0,-0.0437788018433179,2148.333333333333,2391.6666666666665,1900.0,2037.4390024210052,-137.43900242100517
2025,10,4,Iganga,Kigulu,Iganga,0.61,33.47,cereals and tubers,Maize (white),KG,1590.0,1550.0,40.0,0.0258064516129032,1596.6666666666667,1741.6666666666667,1563.0,1633.477779146257,-70.47777914625703
2025,10,4,Kyegegwa,Kyaka,Kyaka II (refugee settlement),0.36,31.09,cereals and tubers,Sorghum,KG,2471.0,1941.0,530.0,0.273055126223596,2176.0,2301.6666666666665,2449.0,2423.8104945890177,25.189505410982292
2025,10,4,Arua,Terego,Rhino Camp (refugee settlement),3.17,31.31,cereals and tubers,Cassava (fresh),KG,526.0,1145.0,-619.0,-0.5406113537117904,651.6666666666666,538.5,427.0,959.6594233097871,-532.6594233097871
2025,10,4,Arua,Terego,Imvepi (refugee settlement),3.23,31.28,milk and dairy,Milk (fresh),L,2000.0,2000.0,0.0,0.0,2000.0,2000.0,2000.0,1945.1705181691023,54.82948183089775
2025,10,4,Yumbe,Aringa,Bidibidi (refugee settlement),3.36,31.35,cereals and tubers,Millet flour,KG,4703.0,5053.0,-350.0,-0.0692657827033445,4833.666666666667,4764.166666666667,4838.0,4464.1706982977275,373.82930170227246
2025,10,4,Hoima,Buhaguzi,Kyangwali (refugee settlement),1.16,30.75,oil and fats,Oil (vegetable),L,8000.0,8043.0,-43.0,-0.0053462638319035,8681.0,8340.5,8000.0,8074.295850517358,-74.2958505173583
2025,10,4,Kyegegwa,Kyaka,Kyaka II (refugee settlement),0.36,31.09,pulses and nuts,Beans,KG,2167.0,3936.0,-1769.0,-0.4494410569105691,2864.333333333333,2959.6666666666665,1915.0,2439.6453627615456,-524.6453627615456
2025,10,4,Nakapiripirit,Kadani,Namalu,1.79,34.6,oil and fats,Oil (vegetable),L,7000.0,7000.0,0.0,0.0,7000.0,7031.333333333333,7000.0,7015.454329121624,-15.454329121624141
2025,10,4,Moroto,Moroto Municipality,Moroto,2.53,34.65,oil and fats,Oil (vegetable),L,7167.0,7167.0,0.0,0.0,7167.0,7234.5,7133.0,7099.709892597568,33.29010740243211
2025,10,4,Lamwo,Lamwo,Palabek (refugee settlement),3.34,32.47,cereals and tubers,Maize flour,KG,2750.0,4000.0,-1250.0,-0.3125,3081.333333333333,3210.1666666666665,2500.0,2832.6307399962725,-332.6307399962725
2025,10,4,Koboko,Koboko,Lobule (refugee settlement),3.39,31.03,cereals and tubers,Millet flour,KG,4625.0,4559.0,66.0,0.0144768589602983,4557.0,4457.166666666667,4750.0,4400.153446196196,349.84655380380445
2025,10,4,Iganga,Kigulu,Iganga,0.61,33.47,oil and fats,Oil (vegetable),L,7370.0,7450.0,-80.0,-0.010738255033557,7419.333333333333,7451.333333333333,7463.0,7298.039555795662,164.96044420433827
2025,10,4,Moyo,Obongi,Palorinya (refugee settlement),3.47,31.63,"meat, fish and eggs",Fish (dry),KG,15990.0,10000.0,5990.0,0.599,12830.0,15707.0,25000.0,13895.8,11104.2
2025,10,4,Kotido,Jie,Kotido,3.0,34.11,cereals and tubers,Cassava flour,KG,2000.0,1938.0,62.0,0.0319917440660474,1929.3333333333333,1964.6666666666667,2063.0,1906.4519785062848,156.54802149371517
2025,10,4,Masindi,Buruli M,Masindi,1.69,31.71,cereals and tubers,Sorghum,KG,2000.0,2000.0,0.0,0.0,2000.0,2000.0,2286.0,2033.9280644317953,252.0719355682047
2025,10,4,Busia,Samia-bugwe,Busia,0.47,34.09,pulses and nuts,Beans,KG,2540.0,2663.0,-123.0,-0.0461885092001502,2626.0,2890.5,2288.0,2719.758421172694,-431.75842117269394
2025,10,4,Kaabong,Dodoth,Kaabong,3.54,34.12,cereals and tubers,Cassava flour,KG,2500.0,2500.0,0.0,0.0,2479.333333333333,2479.333333333333,2500.0,2464.1411307613234,35.85886923867656
2025,10,4,Hoima,Buhaguzi,Kyangwali (refugee settlement),1.16,30.75,cereals and tubers,Cassava (fresh),KG,833.0,381.0,452.0,1.1863517060367454,590.0,677.3333333333334,1364.0,844.2975818548829,519.7024181451171
2025,10,4,Lamwo,Lamwo,Palabek (refugee settlement),3.34,32.47,"meat, fish and eggs",Fish (dry),KG,17334.0,17778.0,-444.0,-0.0249746878164022,15897.666666666666,16863.0,29750.0,17934.209,11815.791000000001
2025,10,4,Abim,Labwor,Makaratin,2.71,33.64,cereals and tubers,Cassava flour,KG,575.0,700.0,-125.0,-0.1785714285714285,700.0,820.0,675.0,587.6755475083139,87.32445249168609
2025,10,4,Kaabong,Dodoth,Karenga,3.57,33.7,cereals and tubers,Sorghum,KG,846.0,1250.0,-404.0,-0.3232,1286.3333333333333,1387.3333333333333,929.0,1073.2567548137156,-144.2567548137156
2025,10,4,Nakapiripirit,Pian,Nabilatuk,2.05,34.57,cereals and tubers,Sorghum,KG,695.0,786.0,-91.0,-0.1157760814249363,787.3333333333334,984.5,952.0,784.9938647744364,167.00613522556364
2025,10,4,Adjumani,Adjumani,Adjumani (refugee settlement),3.34,31.78,cereals and tubers,Millet flour,KG,5000.0,4917.0,83.0,0.0168802115110839,4951.666666666667,4580.0,5000.0,4769.646861486924,230.35313851307637
2025,11,4,Lamwo,Lamwo,Palabek (refugee settlement),3.34,32.47,miscellaneous food,Salt,KG,1733.0,1867.0,-134.0,-0.0717728976968398,1850.0,1925.3333333333333,1850.0,1763.2209712648962,86.7790287351038
2025,11,4,Isingiro,Bukanga,Nakivale (refugee settlement),-0.78,30.96,oil and fats,Oil (vegetable),L,7667.0,7731.0,-64.0,-0.0082783598499547,7581.666666666667,7659.166666666667,7750.0,7618.985302631674,131.01469736832587
2025,11,4,Kaabong,Dodoth,Karenga,3.57,33.7,cereals and tubers,Maize (white),KG,936.0,1708.0,-772.0,-0.4519906323185012,1581.3333333333333,1526.1666666666667,990.0,1078.6389996155133,-88.63899961551328
2025,11,4,Arua,Terego,Imvepi (refugee settlement),3.23,31.28,cereals and tubers,Maize (white),KG,1925.0,1642.0,283.0,0.1723507917174178,1715.3333333333333,1934.8333333333333,1503.0,1896.7335317186476,-393.73353171864755
2025,11,4,Adjumani,Adjumani,Adjumani (refugee settlement),3.34,31.78,oil and fats,Oil (vegetable),L,7917.0,7906.0,11.0,0.0013913483430306,7881.333333333333,7907.5,7881.0,7761.265062471684,119.73493752831564
2025,11,4,Hoima,Buhaguzi,Kyangwali (refugee settlement),1.16,30.75,cereals and tubers,Maize (white),KG,886.0,907.0,-21.0,-0.0231532524807056,989.0,1240.8333333333333,989.0,966.7753623037845,22.224637696215495
2025,11,4,Abim,Labwor,Makaratin,2.71,33.64,cereals and tubers,Maize flour,KG,1900.0,2075.0,-175.0,-0.0843373493975903,2048.333333333333,2304.1666666666665,1890.0,1968.300980077575,-78.3009800775751
2025,11,4,Kasese,Busongora,Kasese,0.17,30.07,cereals and tubers,Maize flour,KG,2600.0,2520.0,80.0,0.0317460317460317,2556.6666666666665,2524.1666666666665,2686.0,2542.8230901467623,143.1769098532377
2025,11,4,Hoima,Buhaguzi,Kyangwali (refugee settlement),1.16,30.75,oil and fats,Oil (vegetable),L,8000.0,8000.0,0.0,0.0,8014.333333333333,8340.5,8014.0,8178.803708801226,-164.8037088012261
2025,11,4,Hoima,Bugahya,Hoima,1.43,31.35,pulses and nuts,Beans,KG,4000.0,4000.0,0.0,0.0,4000.0,4166.666666666667,4000.0,3836.6734064767456,163.32659352325436
2025,11,4,Busia,Samia-bugwe,Busia,0.47,34.09,pulses and nuts,Beans,KG,2288.0,2540.0,-252.0,-0.0992125984251968,2497.0,2638.5,2575.0,2221.8447410718863,353.15525892811365
2025,11,4,Masindi,Buruli M,Masindi,1.69,31.71,pulses and nuts,Beans,KG,2714.0,2818.0,-104.0,-0.0369056068133427,2918.0,3263.1666666666665,2667.0,2845.5283758865735,-178.52837588657349
2025,11,4,Napak,Bokora,Napak,2.22,34.26,cereals and tubers,Maize (white),KG,1200.0,1250.0,-50.0,-0.04,1316.6666666666667,1493.3333333333333,1178.0,1162.0174880009286,15.982511999071448
2025,11,4,Adjumani,Adjumani,Adjumani (refugee settlement),3.34,31.78,pulses and nuts,Beans,KG,2967.0,2969.0,-2.0,-0.0006736274840013,2969.0,3141.1666666666665,2969.0,2946.7835728552104,22.216427144789577
2025,11,4,Adjumani,Adjumani,Adjumani (refugee settlement),3.34,31.78,cereals and tubers,Maize (white),KG,1367.0,1288.0,79.0,0.061335403726708,1637.3333333333333,1758.0,1637.0,1409.4621736076049,227.53782639239512
2025,11,4,Moyo,Obongi,Palorinya (refugee settlement),3.47,31.63,oil and fats,Oil (vegetable),L,6820.0,6800.0,20.0,0.0029411764705882,6706.666666666667,7047.833333333333,6707.0,6938.66975963153,-231.66975963152981
2025,11,4,Kamwenge,Kibale,Rwamwanja (refugee settlement),0.31,30.68,miscellaneous food,Salt,KG,1810.0,1614.0,196.0,0.1214374225526641,1963.6666666666667,1813.3333333333333,1822.0,1814.1781149214323,7.821885078567675
2025,11,4,Isingiro,Bukanga,Oruchinga (refugee settlement),-0.94,30.76,cereals and tubers,Maize flour,KG,2500.0,2375.0,125.0,0.0526315789473684,2458.333333333333,2201.333333333333,2450.0,2478.662858701701,-28.662858701701225
2025,11,4,Kotido,Jie,Kotido,3.0,34.11,cereals and tubers,Maize flour,KG,1950.0,2000.0,-50.0,-0.025,2000.0,2281.333333333333,2000.0,1980.4051961715286,19.594803828471413
2025,11,4,Busia,Samia-bugwe,Busia,0.47,34.09,cereals and tubers,Maize flour,KG,1975.0,2080.0,-105.0,-0.0504807692307692,2114.333333333333,2279.6666666666665,2338.0,1982.6254390323013,355.3745609676987
2025,11,4,Nakapiripirit,Pian,Nabilatuk,2.05,34.57,pulses and nuts,Beans,KG,3444.0,3044.0,400.0,0.1314060446780552,3240.333333333333,3549.5,3383.0,3301.1052789141686,81.8947210858314
2025,11,4,Kotido,Jie,Kotido,3.0,34.11,pulses and nuts,Beans,KG,3000.0,3000.0,0.0,0.0,3000.0,3285.5,3000.0,3040.5245800653233,-40.524580065323335
2025,11,4,Masaka,Masaka Municipality,Masaka,-0.35,31.74,cereals and tubers,Maize (white),KG,1400.0,1400.0,0.0,0.0,1400.0,1433.3333333333333,1463.0,1380.3056842257474,82.69431577425257
2025,11,4,Isingiro,Bukanga,Nakivale (refugee settlement),-0.78,30.96,cereals and tubers,Maize flour,KG,2367.0,2292.0,75.0,0.0327225130890052,2237.0,2151.833333333333,2400.0,2305.535397318503,94.46460268149713
2025,11,4,Hoima,Bugahya,Hoima,1.43,31.35,cereals and tubers,Maize flour,KG,2500.0,2500.0,0.0,0.0,2500.0,2500.0,2500.0,2526.8909279546874,-26.890927954687413
2025,11,4,Moroto,Moroto Municipality,Moroto,2.53,34.65,pulses and nuts,Beans,KG,3620.0,3733.0,-113.0,-0.030270559871417,3694.0,4040.3333333333335,3747.0,3792.652798865822,-45.652798865822206
2025,11,4,Nakapiripirit,Kadani,Namalu,1.79,34.6,cereals and tubers,Maize flour,KG,2500.0,2400.0,100.0,0.0416666666666666,2416.6666666666665,2583.333333333333,2500.0,2464.291069781298,35.70893021870188
2025,11,4,Soroti,Soroti Municipality,Soroti,1.71,33.62,cereals and tubers,Maize flour,KG,1975.0,2000.0,-25.0,-0.0125,2122.333333333333,2205.333333333333,1947.0,2061.0814859517254,-114.08148595172543
2025,11,4,Koboko,Koboko,Lobule (refugee settlement),3.39,31.03,cereals and tubers,Millet flour,KG,4750.0,4625.0,125.0,0.027027027027027,4644.666666666667,4498.833333333333,4778.0,4445.2008570810085,332.7991429189915
2025,11,4,Arua,Terego,Imvepi (refugee settlement),3.23,31.28,oil and fats,Oil (vegetable),L,7108.0,7072.0,36.0,0.0050904977375565,7106.0,7420.333333333333,7083.0,7260.476414774874,-177.47641477487377
2025,11,4,Hoima,Buhaguzi,Kyangwali (refugee settlement),1.16,30.75,cereals and tubers,Maize flour,KG,2557.0,3100.0,-543.0,-0.1751612903225806,2914.0,3031.0,2914.0,2527.6412148205945,386.35878517940546
2025,11,4,Kyegegwa,Kyaka,Kyaka II (refugee settlement),0.36,31.09,miscellaneous food,Salt,KG,1600.0,1600.0,0.0,0.0,1728.3333333333333,1651.3333333333333,1600.0,1627.9078341906059,-27.907834190605854
2025,11,4,Arua,Terego,Rhino Camp (refugee settlement),3.17,31.31,cereals and tubers,Maize (white),KG,1800.0,2300.0,-500.0,-0.217391304347826,1785.3333333333333,2033.3333333333333,1785.0,1810.373919301971,-25.373919301971
2025,11,4,Kamwenge,Kibale,Rwamwanja (refugee settlement),0.31,30.68,vegetables and fruits,Leafy vegetables,KG,3333.0,2857.0,476.0,0.1666083304165208,2727.333333333333,2064.0,2265.0,2190.3083632213284,74.69163677867164
2025,11,4,Nakapiripirit,Pian,Nabilatuk,2.05,34.57,cereals and tubers,Maize (white),KG,1032.0,1016.0,16.0,0.0157480314960629,1008.0,1274.3333333333333,1071.0,1034.3353092127973,36.664690787202744
2025,11,4,Isingiro,Bukanga,Oruchinga (refugee settlement),-0.94,30.76,oil and fats,Oil (vegetable),L,8000.0,7563.0,437.0,0.0577813037154568,7854.333333333333,7962.333333333333,8000.0,7835.817930998878,164.18206900112182
2025,11,4,Koboko,Koboko,Lobule (refugee settlement),3.39,31.03,miscellaneous food,Salt,KG,2000.0,2000.0,0.0,0.0,2000.0,1850.5,2000.0,1914.9582628896378,85.04173711036219
2025,11,4,Arua,Terego,Rhino Camp (refugee settlement),3.17,31.31,cereals and tubers,Maize flour,KG,3000.0,2233.0,767.0,0.3434841021047917,2744.333333333333,2895.333333333333,3001.0,2881.6771004423044,119.32289955769556
2025,11,4,Kaabong,Dodoth,Kaabong,3.54,34.12,cereals and tubers,Maize flour,KG,2325.0,2290.0,35.0,0.0152838427947598,2305.0,2554.6666666666665,2120.0,2280.1466667261993,-160.14666672619933
2025,11,4,Arua,Arua Municipality,Arua,3.02,30.91,pulses and nuts,Beans,KG,3000.0,4000.0,-1000.0,-0.25,3600.0,3525.5,3100.0,2954.211649971145,145.7883500288549
2025,11,4,Moroto,Moroto Municipality,Moroto,2.53,34.65,cereals and tubers,Maize flour,KG,1933.0,2144.0,-211.0,-0.0984141791044776,2170.0,2363.333333333333,2000.0,2107.792362444487,-107.79236244448703
2025,11,4,Masaka,Masaka Municipality,Masaka,-0.35,31.74,pulses and nuts,Beans,KG,3000.0,3067.0,-67.0,-0.0218454515813498,3089.0,3036.1666666666665,2975.0,3003.4237201269193,-28.423720126919306
2025,11,4,Kiryandongo,Kibanda,Kiryandongo (refugee settlement),1.94,32.21,vegetables and fruits,Leafy vegetables,KG,4000.0,2611.0,1389.0,0.5319800842589046,4055.6666666666665,3996.3333333333335,4056.0,3781.4537308096465,274.54626919035354
2025,11,4,Arua,Terego,Rhino Camp (refugee settlement),3.17,31.31,oil and fats,Oil (vegetable),L,7000.0,6760.0,240.0,0.0355029585798816,7109.666666666667,7462.5,7110.0,7237.133341423185,-127.1333414231849
2025,11,4,Isingiro,Bukanga,Oruchinga (refugee settlement),-0.94,30.76,vegetables and fruits,Leafy vegetables,KG,1667.0,1667.0,0.0,0.0,1444.6666666666667,1602.1666666666667,1445.0,1850.8117527694233,-405.81175276942326
2025,11,4,Arua,Arua Municipality,Arua,3.02,30.91,cereals and tubers,Maize flour,KG,3100.0,3100.0,0.0,0.0,3233.333333333333,3300.0,3000.0,3040.0495530159865,-40.049553015986476
2025,11,4,Kiryandongo,Kibanda,Kiryandongo (refugee settlement),1.94,32.21,miscellaneous food,Salt,KG,1400.0,1400.0,0.0,0.0,1411.0,1421.8333333333333,1400.0,1438.6612708303944,-38.661270830394415
2025,11,4,Kyegegwa,Kyaka,Kyaka II (refugee settlement),0.36,31.09,cereals and tubers,Millet flour,KG,4321.0,4144.0,177.0,0.0427123552123552,4462.666666666667,4283.0,4339.0,4233.733394611933,105.26660538806664
2025,11,4,Kabarole,Fort Portal Municipality,Fort Portal,0.66,30.28,cereals and tubers,Maize flour,KG,3063.0,2800.0,263.0,0.0939285714285714,2933.6666666666665,2925.1666666666665,3125.0,3018.436567259164,106.5634327408361
2025,11,4,Masindi,Buruli M,Masindi,1.69,31.71,cereals and tubers,Maize flour,KG,2371.0,2345.0,26.0,0.0110874200426439,2372.0,2449.333333333333,2467.0,2563.327112738951,-96.3271127389512
2025,11,4,Nakapiripirit,Kadani,Namalu,1.79,34.6,pulses and nuts,Beans,KG,3000.0,2700.0,300.0,0.1111111111111111,2600.0,2634.833333333333,3100.0,3038.4522022158344,61.547797784165596
2025,11,4,Mbarara,Mbarara Municipality,Mbarara,-0.61,30.65,cereals and tubers,Maize flour,KG,3000.0,3000.0,0.0,0.0,3000.0,3105.833333333333,3011.0,2996.877460433891,14.122539566109026
2025,11,4,Isingiro,Bukanga,Nakivale (refugee settlement),-0.78,30.96,"meat, fish and eggs",Fish (dry),KG,17551.0,18175.0,-624.0,-0.0343328748280605,19118.666666666668,19855.0,19119.0,21612.602105263155,-2493.602105263155
2025,11,4,Abim,Labwor,Makaratin,2.71,33.64,cereals and tubers,Cassava flour,KG,675.0,575.0,100.0,0.1739130434782608,650.0,765.8333333333334,500.0,721.1512944449325,-221.15129444493255
2025,11,4,Kiryandongo,Kibanda,Kiryandongo (refugee settlement),1.94,32.21,cereals and tubers,Maize flour,KG,2433.0,2347.0,86.0,0.0366425223689816,2393.333333333333,2640.333333333333,2450.0,2386.215122552774,63.78487744722588
2025,11,4,Kasese,Busongora,Kasese,0.17,30.07,cereals and tubers,Millet,KG,2950.0,2370.0,580.0,0.2447257383966244,2948.333333333333,3356.6666666666665,3000.0,3016.800950489502,-16.800950489502156
2025,11,4,Kotido,Jie,Kotido,3.0,34.11,cereals and tubers,Cassava flour,KG,2063.0,2000.0,63.0,0.0315,2000.3333333333333,1975.1666666666667,2000.0,1994.4095436960968,5.590456303903238
2025,11,4,Lamwo,Lamwo,Palabek (refugee settlement),3.34,32.47,cereals and tubers,Maize flour,KG,2500.0,2750.0,-250.0,-0.0909090909090909,3083.333333333333,3126.833333333333,3083.0,2544.2803098002364,538.7196901997636
2025,11,4,Yumbe,Aringa,Bidibidi (refugee settlement),3.36,31.35,cereals and tubers,Millet flour,KG,4838.0,4703.0,135.0,0.0287050818626408,4864.666666666667,4718.0,4795.0,4475.271186873965,319.72881312603477
2025,11,4,Arua,Terego,Rhino Camp (refugee settlement),3.17,31.31,vegetables and fruits,Leafy vegetables,KG,2000.0,1136.0,864.0,0.7605633802816901,1786.6666666666667,1869.8333333333333,1787.0,1447.1628116428228,339.8371883571772
2025,11,4,Arua,Arua Municipality,Arua,3.02,30.91,cereals and tubers,Millet,KG,3800.0,4000.0,-200.0,-0.05,3933.3333333333335,4025.0,3033.0,3920.4423106690597,-887.4423106690597
2025,11,4,Kyegegwa,Kyaka,Kyaka II (refugee settlement),0.36,31.09,pulses and nuts,Beans,KG,1915.0,2167.0,-252.0,-0.1162898015689893,2672.6666666666665,2637.333333333333,1642.0,2172.449798250162,-530.4497982501621
2025,11,4,Moyo,Obongi,Palorinya (refugee settlement),3.47,31.63,"meat, fish and eggs",Fish (dry),KG,25000.0,15990.0,9010.0,0.5634771732332708,16996.666666666668,16653.166666666668,16997.0,20586.2,-3589.2000000000007
2025,11,4,Kaabong,Dodoth,Kaabong,3.54,34.12,cereals and tubers,Cassava flour,KG,2500.0,2500.0,0.0,0.0,2500.0,2500.1666666666665,2500.0,2496.238179421499,3.7618205785011014
2025,11,4,Moyo,Obongi,Palorinya (refugee settlement),3.47,31.63,cereals and tubers,Maize flour,KG,2571.0,1500.0,1071.0,0.714,1832.0,2439.833333333333,1832.0,2286.1672791642845,-454.16727916428454
2025,11,4,Hoima,Buhaguzi,Kyangwali (refugee settlement),1.16,30.75,"meat, fish and eggs",Fish (dry),KG,20313.0,20833.0,-520.0,-0.0249603993663898,25253.666666666668,22913.666666666668,25254.0,22947.096666666668,2306.903333333332
2025,11,4,Isingiro,Bukanga,Oruchinga (refugee settlement),-0.94,30.76,cereals and tubers,Millet flour,KG,4500.0,4625.0,-125.0,-0.027027027027027,4286.0,4170.666666666667,4750.0,4244.151771172384,505.84822882761637
2025,11,4,Masindi,Buruli M,Masindi,1.69,31.71,cereals and tubers,Millet,KG,3571.0,3545.0,26.0,0.0073342736248236,3557.333333333333,3728.6666666666665,3667.0,3509.971354949209,157.02864505079106
2025,11,4,Lamwo,Lamwo,Palabek (refugee settlement),3.34,32.47,pulses and nuts,Beans,KG,2800.0,3200.0,-400.0,-0.125,3333.333333333333,3523.1666666666665,3333.0,2973.711988254425,359.2880117455752
2025,11,4,Isingiro,Bukanga,Nakivale (refugee settlement),-0.78,30.96,pulses and nuts,Beans,KG,1467.0,2238.0,-771.0,-0.3445040214477212,2096.0,2504.0,1100.0,1853.048646660409,-753.0486466604091
2025,11,4,Yumbe,Aringa,Bidibidi (refugee settlement),3.36,31.35,"meat, fish and eggs",Fish (dry),KG,27631.0,22705.0,4926.0,0.2169566174851354,25230.0,22840.166666666668,25230.0,24000.02238782051,1229.9776121794894
2025,11,4,Lamwo,Lamwo,Palabek (refugee settlement),3.34,32.47,"meat, fish and eggs",Fish (dry),KG,29750.0,17334.0,12416.0,0.7162801430714203,21620.666666666668,18198.166666666668,21621.0,19970.43,1650.5699999999997
2025,11,4,Kiryandongo,Kibanda,Kiryandongo (refugee settlement),1.94,32.21,oil and fats,Oil (vegetable),L,7400.0,7753.0,-353.0,-0.0455307622855668,7537.0,7539.333333333333,7500.0,7319.592707095677,180.40729290432319
2025,11,4,Mbarara,Mbarara Municipality,Mbarara,-0.61,30.65,cereals and tubers,Cassava flour,KG,2000.0,2000.0,0.0,0.0,2000.0,2000.0,1933.0,1977.192468642949,-44.19246864294905
2025,11,4,Isingiro,Bukanga,Oruchinga (refugee settlement),-0.94,30.76,pulses and nuts,Beans,KG,1000.0,2050.0,-1050.0,-0.5121951219512195,1683.3333333333333,2096.6666666666665,1000.0,1343.5417173819706,-343.54171738197056
2025,11,4,Kamwenge,Kibale,Rwamwanja (refugee settlement),0.31,30.68,pulses and nuts,Beans,KG,2310.0,2089.0,221.0,0.1057922450933461,2188.6666666666665,2405.6666666666665,2189.0,2249.8756974524144,-60.87569745241444
2025,11,4,Kaabong,Dodoth,Karenga,3.57,33.7,cereals and tubers,Millet,KG,2250.0,2250.0,0.0,0.0,2250.0,2484.1666666666665,2590.0,2241.576793781854,348.4232062181459
2025,11,4,Koboko,Koboko,Lobule (refugee settlement),3.39,31.03,oil and fats,Oil (vegetable),L,7233.0,7271.0,-38.0,-0.0052262412322926,7501.333333333333,7536.0,7139.0,8075.571079288359,-936.5710792883592
2025,11,4,Kiryandongo,Kibanda,Kiryandongo (refugee settlement),1.94,32.21,"meat, fish and eggs",Fish (dry),KG,28333.0,30000.0,-1667.0,-0.0555666666666666,27407.33333333333,28333.33333333333,27407.0,28049.28,-642.2799999999988
2025,11,4,Arua,Terego,Imvepi (refugee settlement),3.23,31.28,vegetables and fruits,Leafy vegetables,KG,7000.0,1136.0,5864.0,5.161971830985915,3083.333333333333,2397.5,3083.0,1933.04,1149.96
2025,11,4,Iganga,Kigulu,Iganga,0.61,33.47,cereals and tubers,Cassava flour,KG,1213.0,1240.0,-27.0,-0.021774193548387,1184.3333333333333,1194.3333333333333,1300.0,1205.4880638766253,94.51193612337465
2025,11,4,Kiryandongo,Kibanda,Kiryandongo (refugee settlement),1.94,32.21,pulses and nuts,Beans,KG,2750.0,2833.0,-83.0,-0.0292975644193434,2875.0,3276.6666666666665,3083.0,2864.5182739298675,218.48172607013248
2025,11,4,Jinja,Jinja Municipality,Jinja,0.42,33.2,cereals and tubers,Cassava flour,KG,1538.0,1440.0,98.0,0.0680555555555555,1492.6666666666667,1501.3333333333333,1500.0,1582.660234075999,-82.66023407599891
2025,11,4,Kamwenge,Kibale,Rwamwanja (refugee settlement),0.31,30.68,cereals and tubers,Millet flour,KG,4119.0,4714.0,-595.0,-0.1262197708952057,4546.333333333333,4361.166666666667,4417.0,4176.196700749509,240.80329925049136
2025,11,4,Arua,Terego,Rhino Camp (refugee settlement),3.17,31.31,"meat, fish and eggs",Fish (dry),KG,25000.0,26744.0,-1744.0,-0.0652108884235716,21005.666666666668,21715.83333333333,23915.0,21684.86,2230.1399999999994
2025,11,4,Koboko,Koboko,Lobule (refugee settlement),3.39,31.03,"meat, fish and eggs",Fish (dry),KG,28009.0,25463.0,2546.0,0.0999882181989553,23657.33333333333,20227.666666666668,23657.0,23056.996319444446,600.0036805555537
2025,11,4,Adjumani,Adjumani,Adjumani (refugee settlement),3.34,31.78,vegetables and fruits,Leafy vegetables,KG,1538.0,1429.0,109.0,0.0762771168649405,1782.6666666666667,1813.1666666666667,1783.0,1789.9005836002993,-6.900583600299342
2025,11,4,Kyegegwa,Kyaka,Kyaka II (refugee settlement),0.36,31.09,cereals and tubers,Maize flour,KG,3000.0,3115.0,-115.0,-0.0369181380417335,3064.6666666666665,3091.0,2958.0,2953.4259973039425,4.574002696057505
2025,11,4,Kyegegwa,Kyaka,Kyaka II (refugee settlement),0.36,31.09,"meat, fish and eggs",Fish (dry),KG,31746.0,30508.0,1238.0,0.0405795201258686,30473.666666666668,31540.5,30474.0,31223.91,-749.9099999999999
2025,11,4,Kabarole,Fort Portal Municipality,Fort Portal,0.66,30.28,cereals and tubers,Millet,KG,5250.0,5300.0,-50.0,-0.0094339622641509,5266.666666666667,5091.666666666667,5500.0,4721.157802197802,778.8421978021979
2025,11,4,Koboko,Koboko,Lobule (refugee settlement),3.39,31.03,pulses and nuts,Beans,KG,4167.0,4021.0,146.0,0.0363093757771698,3549.0,3948.3333333333335,4222.0,3938.996281813745,283.0037181862549
2025,11,4,Isingiro,Bukanga,Oruchinga (refugee settlement),-0.94,30.76,"meat, fish and eggs",Fish (dry),KG,15000.0,8571.0,6429.0,0.7500875043752188,15067.0,13761.333333333334,15067.0,16097.32,-1030.3199999999997
2025,11,4,Koboko,Koboko,Lobule (refugee settlement),3.39,31.03,cereals and tubers,Maize flour,KG,3000.0,2950.0,50.0,0.0169491525423728,2959.6666666666665,2861.1666666666665,3000.0,2814.03630885812,185.9636911418802
2025,11,4,Hoima,Bugahya,Hoima,1.43,31.35,cereals and tubers,Millet,KG,4000.0,4000.0,0.0,0.0,4000.0,4083.3333333333335,4000.0,3832.6389733438486,167.36102665615135
2025,11,4,Lira,Lira Municipality,Lira,2.23,32.91,cereals and tubers,Cassava flour,KG,2833.0,2750.0,83.0,0.0301818181818181,2827.6666666666665,2854.1666666666665,2200.0,2802.893733712688,-602.8937337126881
2025,11,4,Kamwenge,Kibale,Rwamwanja (refugee settlement),0.31,30.68,"meat, fish and eggs",Fish (dry),KG,33333.0,36667.0,-3334.0,-0.090926446123217,27938.33333333333,21841.166666666668,27938.0,22541.86,5396.139999999999
2025,11,4,Kaabong,Dodoth,Kaabong,3.54,34.12,cereals and tubers,Millet,KG,2675.0,2530.0,145.0,0.0573122529644268,2631.0,3403.5,2460.0,2806.2297024289214,-346.2297024289214
2025,11,4,Soroti,Soroti Municipality,Soroti,1.71,33.62,cereals and tubers,Cassava flour,KG,1150.0,1100.0,50.0,0.0454545454545454,1166.6666666666667,1100.5,1153.0,1183.0692770446583,-30.069277044658293
2025,11,4,Busia,Samia-bugwe,Busia,0.47,34.09,cereals and tubers,Cassava flour,KG,1163.0,1000.0,163.0,0.163,1054.3333333333333,1021.0,1500.0,1375.8540305290549,124.14596947094515
2025,11,4,Kaabong,Dodoth,Karenga,3.57,33.7,oil and fats,Oil (vegetable),L,7907.0,8000.0,-93.0,-0.011625,7969.0,7984.5,8000.0,7924.410651417987,75.58934858201337
2025,11,4,Lira,Lira Municipality,Lira,2.23,32.91,cereals and tubers,Millet,KG,2500.0,2500.0,0.0,0.0,2500.0,3004.1666666666665,2500.0,2674.461045588626,-174.4610455886259
2025,11,4,Napak,Bokora,Napak,2.22,34.26,oil and fats,Oil (vegetable),L,7000.0,7000.0,0.0,0.0,7000.0,7030.166666666667,6999.0,7013.563455313145,-14.563455313144914
2025,11,4,Kween,Kween,Kapchorwa,1.38,34.52,cereals and tubers,Maize flour,KG,2200.0,2350.0,-150.0,-0.0638297872340425,2316.6666666666665,2470.833333333333,2200.0,2177.0243175215237,22.9756824784763
2025,11,4,Yumbe,Aringa,Bidibidi (refugee settlement),3.36,31.35,miscellaneous food,Salt,KG,2000.0,2000.0,0.0,0.0,1991.3333333333333,1910.0,2000.0,1931.4378359370373,68.56216406296267
2025,11,4,Lamwo,Lamwo,Palabek (refugee settlement),3.34,32.47,cereals and tubers,Millet flour,KG,3500.0,3750.0,-250.0,-0.0666666666666666,3416.6666666666665,3888.8333333333335,3417.0,3658.7160679661333,-241.71606796613332
2025,11,4,Kiryandongo,Kibanda,Kiryandongo (refugee settlement),1.94,32.21,cereals and tubers,Millet flour,KG,4850.0,4200.0,650.0,0.1547619047619047,4683.333333333333,4932.833333333333,4667.0,4420.331859953763,246.66814004623666
2025,11,4,Isingiro,Bukanga,Nakivale (refugee settlement),-0.78,30.96,cereals and tubers,Millet flour,KG,5000.0,4523.0,477.0,0.1054609772275038,4534.0,4246.333333333333,4638.0,4826.485487158004,-188.4854871580037
2025,11,4,Gulu,Gulu Municipality,Gulu,2.77,32.31,cereals and tubers,Millet,KG,3500.0,3400.0,100.0,0.0294117647058823,3413.333333333333,4317.833333333333,2786.0,3765.8537606522705,-979.8537606522705
2025,11,4,Iganga,Kigulu,Iganga,0.61,33.47,cereals and tubers,Maize flour,KG,1963.0,1920.0,43.0,0.0223958333333333,2036.0,2213.1666666666665,2078.0,1971.9954462734115,106.00455372658848
2025,11,4,Nakapiripirit,Pian,Nabilatuk,2.05,34.57,oil and fats,Oil (vegetable),L,7000.0,7000.0,0.0,0.0,7055.666666666667,7583.333333333333,7000.0,7077.949143413629,-77.94914341362892
2025,11,4,Gulu,Gulu Municipality,Gulu,2.77,32.31,cereals and tubers,Maize flour,KG,3000.0,3000.0,0.0,0.0,3000.0,3033.333333333333,2500.0,2877.0785862501234,-377.0785862501234
2025,11,4,Masaka,Masaka Municipality,Masaka,-0.35,31.74,oil and fats,Oil (vegetable),L,7000.0,7250.0,-250.0,-0.0344827586206896,7083.333333333333,7215.333333333333,7250.0,7355.96879782138,-105.96879782137967
2025,11,4,Jinja,Jinja Municipality,Jinja,0.42,33.2,cereals and tubers,Millet,KG,3188.0,3200.0,-12.0,-0.00375,3333.6666666666665,3631.5,3000.0,3149.2080982931857,-149.20809829318569
2025,11,4,Kabarole,Fort Portal Municipality,Fort Portal,0.66,30.28,pulses and nuts,Beans,KG,3875.0,4250.0,-375.0,-0.088235294117647,4375.0,4375.0,4250.0,3906.9998964541073,343.00010354589267
2025,11,4,Moyo,Obongi,Palorinya (refugee settlement),3.47,31.63,miscellaneous food,Salt,KG,2000.0,1950.0,50.0,0.0256410256410256,1983.3333333333333,1957.3333333333333,1983.0,2021.8467544830053,-38.84675448300527
2025,11,4,Lira,Lira Municipality,Lira,2.23,32.91,cereals and tubers,Maize flour,KG,1767.0,1850.0,-83.0,-0.0448648648648648,1879.0,2111.6666666666665,1740.0,1770.946482869776,-30.94648286977599
2025,11,4,Iganga,Kigulu,Iganga,0.61,33.47,cereals and tubers,Millet,KG,2763.0,2820.0,-57.0,-0.0202127659574468,2761.0,2923.0,2856.0,2616.7432790361913,239.25672096380868
2025,11,4,Arua,Terego,Imvepi (refugee settlement),3.23,31.28,pulses and nuts,Beans,KG,3688.0,3544.0,144.0,0.0406320541760722,3619.0,4035.3333333333335,4056.0,4075.1259875563683,-19.125987556368273
2025,11,4,Lamwo,Lamwo,Palabek (refugee settlement),3.34,32.47,oil and fats,Oil (vegetable),L,8000.0,8000.0,0.0,0.0,8000.0,7916.0,8000.0,8151.568661470109,-151.56866147010896
2025,11,4,Isingiro,Bukanga,Nakivale (refugee settlement),-0.78,30.96,vegetables and fruits,Leafy vegetables,KG,1255.0,2128.0,-873.0,-0.4102443609022556,1470.3333333333333,1538.1666666666667,1470.0,1405.2120442690614,64.78795573093862
2025,11,4,Yumbe,Aringa,Bidibidi (refugee settlement),3.36,31.35,cereals and tubers,Maize flour,KG,3000.0,2988.0,12.0,0.0040160642570281,2983.0,2779.0,3000.0,2864.359629567064,135.64037043293592
2025,11,4,Kaabong,Dodoth,Kaabong,3.54,34.12,pulses and nuts,Beans,KG,2713.0,3380.0,-667.0,-0.1973372781065088,3197.6666666666665,3857.1666666666665,3000.0,3128.45,-128.44999999999982
2025,11,4,Yumbe,Aringa,Bidibidi (refugee settlement),3.36,31.35,pulses and nuts,Beans,KG,4138.0,3938.0,200.0,0.0507872016251904,4095.6666666666665,4289.333333333333,4205.0,4184.347216923059,20.652783076940977
2025,11,4,Hoima,Buhaguzi,Kyangwali (refugee settlement),1.16,30.75,pulses and nuts,Beans,KG,2243.0,2250.0,-7.0,-0.0031111111111111,2296.333333333333,2861.1666666666665,2296.0,2427.5030628602685,-131.50306286026853
2025,11,4,Masindi,Buruli M,Masindi,1.69,31.71,cereals and tubers,Cassava flour,KG,2286.0,2282.0,4.0,0.0017528483786152,2263.333333333333,2246.333333333333,2333.0,2730.88430084239,-397.8843008423901
2025,11,4,Kyegegwa,Kyaka,Kyaka II (refugee settlement),0.36,31.09,oil and fats,Oil (vegetable),L,8000.0,8000.0,0.0,0.0,7835.0,7917.5,8000.0,7778.9824997588885,221.01750024111152
2025,11,4,Moroto,Moroto Municipality,Moroto,2.53,34.65,cereals and tubers,Cassava flour,KG,1593.0,1811.0,-218.0,-0.1203754831584759,1816.6666666666667,2001.3333333333333,1607.0,1558.0312604702758,48.96873952972419
2025,11,4,Arua,Arua Municipality,Arua,3.02,30.91,cereals and tubers,Cassava flour,KG,1400.0,1300.0,100.0,0.0769230769230769,1300.0,1150.0,1467.0,1385.1085831705104,81.89141682948957
2025,11,4,Soroti,Soroti Municipality,Soroti,1.71,33.62,pulses and nuts,Beans,KG,3608.0,3720.0,-112.0,-0.0301075268817204,3692.6666666666665,3900.1666666666665,3560.0,3786.5561454467656,-226.55614544676564
2025,11,4,Hoima,Buhaguzi,Kyangwali (refugee settlement),1.16,30.75,vegetables and fruits,Leafy vegetables,KG,5000.0,3333.0,1667.0,0.5001500150015001,3352.333333333333,3320.6666666666665,3352.0,3446.5,-94.5
2025,11,4,Moyo,Obongi,Palorinya (refugee settlement),3.47,31.63,cereals and tubers,Millet flour,KG,5250.0,6000.0,-750.0,-0.125,5750.0,5875.0,5750.0,7934.8867,-2184.8867
2025,11,4,Kamwenge,Kibale,Rwamwanja (refugee settlement),0.31,30.68,oil and fats,Oil (vegetable),L,9952.0,10964.0,-1012.0,-0.0923020795330171,9953.333333333334,10274.833333333334,9000.0,8720.7467,279.2533000000003
2025,11,4,Arua,Terego,Rhino Camp (refugee settlement),3.17,31.31,pulses and nuts,Beans,KG,4000.0,2800.0,1200.0,0.4285714285714285,3280.6666666666665,3637.0,3281.0,3663.875582527901,-382.87558252790086
2025,11,4,Arua,Terego,Imvepi (refugee settlement),3.23,31.28,"meat, fish and eggs",Fish (dry),KG,29167.0,20000.0,9167.0,0.45835,28384.666666666668,26440.666666666668,28385.0,27536.86,848.1399999999994
2025,11,4,Kamwenge,Kibale,Rwamwanja (refugee settlement),0.31,30.68,cereals and tubers,Maize flour,KG,2810.0,3000.0,-190.0,-0.0633333333333333,2936.6666666666665,2935.833333333333,2750.0,2475.7165971067616,274.2834028932384
2025,11,4,Moyo,Obongi,Palorinya (refugee settlement),3.47,31.63,pulses and nuts,Beans,KG,3210.0,2950.0,260.0,0.0881355932203389,3303.333333333333,3715.1666666666665,3303.0,3350.763991196791,-47.76399119679081
2025,11,4,Kotido,Jie,Kotido,3.0,34.11,cereals and tubers,Millet,KG,1875.0,1640.0,235.0,0.1432926829268292,1792.6666666666667,2599.6666666666665,1790.0,2148.9288659529284,-358.9288659529284
2025,11,4,Masaka,Masaka Municipality,Masaka,-0.35,31.74,cereals and tubers,Cassava flour,KG,1400.0,1400.0,0.0,0.0,1400.0,1400.0,1525.0,1401.1959897141965,123.80401028580354
2025,11,4,Abim,Labwor,Makaratin,2.71,33.64,cereals and tubers,Millet,KG,2238.0,2663.0,-425.0,-0.1595944423582425,2460.333333333333,2856.833333333333,2240.0,2371.965005430166,-131.965005430166
2025,11,4,Napak,Bokora,Napak,2.22,34.26,cereals and tubers,Cassava flour,KG,800.0,1400.0,-600.0,-0.4285714285714285,1000.0,1055.6666666666667,749.0,943.1843912895431,-194.1843912895431
2025,11,4,Adjumani,Adjumani,Adjumani (refugee settlement),3.34,31.78,"meat, fish and eggs",Fish (dry),KG,25000.0,26316.0,-1316.0,-0.0500075999392004,23515.666666666668,23064.5,23516.0,23667.61166666667,-151.61166666667123
2025,11,4,Mbarara,Mbarara Municipality,Mbarara,-0.61,30.65,cereals and tubers,Millet,KG,4000.0,4000.0,0.0,0.0,4166.666666666667,4275.0,4011.0,4039.4417011697974,-28.441701169797398
2025,11,4,Kaabong,Dodoth,Karenga,3.57,33.7,cereals and tubers,Cassava flour,KG,1893.0,1583.0,310.0,0.1958307012002526,1682.3333333333333,1613.8333333333333,1800.0,1879.9097933955945,-79.90979339559453
2025,11,4,Kasese,Busongora,Kasese,0.17,30.07,cereals and tubers,Cassava flour,KG,925.0,920.0,5.0,0.0054347826086956,931.6666666666666,1108.3333333333333,886.0,983.3178377164213,-97.31783771642131
2025,11,4,Napak,Bokora,Napak,2.22,34.26,pulses and nuts,Beans,KG,4500.0,4000.0,500.0,0.125,4166.666666666667,4247.333333333333,4516.0,4384.999559891233,131.00044010876718
2025,11,4,Busia,Samia-bugwe,Busia,0.47,34.09,cereals and tubers,Millet,KG,2413.0,2540.0,-127.0,-0.05,2517.6666666666665,3217.333333333333,2463.0,2511.4428993581255,-48.44289935812549
2025,11,4,Kaabong,Dodoth,Karenga,3.57,33.7,cereals and tubers,Maize flour,KG,2914.0,2942.0,-28.0,-0.009517335146159,2987.6666666666665,3141.0,3100.0,2864.781973966295,235.21802603370497
2025,11,4,Busia,Samia-bugwe,Busia,0.47,34.09,oil and fats,Oil (vegetable),L,6938.0,7250.0,-312.0,-0.0430344827586206,7229.333333333333,7306.333333333333,7250.0,7083.622782766306,166.37721723369395
2025,11,4,Arua,Terego,Rhino Camp (refugee settlement),3.17,31.31,cereals and tubers,Sorghum,KG,2000.0,2400.0,-400.0,-0.1666666666666666,2249.0,2271.6666666666665,2249.0,2000.301634896179,248.69836510382106
2025,11,4,Kween,Kween,Kapchorwa,1.38,34.52,oil and fats,Oil (vegetable),L,7000.0,7375.0,-375.0,-0.0508474576271186,7291.666666666667,7395.833333333333,7000.0,7135.2537845600755,-135.25378456007547
2025,11,4,Kotido,Jie,Kotido,3.0,34.11,cereals and tubers,Maize (white),KG,975.0,830.0,145.0,0.1746987951807229,868.3333333333334,1240.1666666666667,1030.0,1056.6876819819556,-26.68768198195562
2025,11,4,Arua,Arua Municipality,Arua,3.02,30.91,cereals and tubers,Sorghum,KG,2600.0,2750.0,-150.0,-0.0545454545454545,2783.333333333333,2433.333333333333,2133.0,2133.467195174134,-0.4671951741338489
2025,11,4,Abim,Labwor,Makaratin,2.71,33.64,cereals and tubers,Maize (white),KG,925.0,1025.0,-100.0,-0.0975609756097561,1080.0,1524.6666666666667,930.0,983.8275884247206,-53.8275884247206
2025,11,4,Yumbe,Aringa,Bidibidi (refugee settlement),3.36,31.35,cereals and tubers,Maize (white),KG,1683.0,1503.0,180.0,0.1197604790419161,1693.6666666666667,1628.3333333333333,1514.0,1629.6309625190452,-115.63096251904517
2025,11,4,Adjumani,Adjumani,Adjumani (refugee settlement),3.34,31.78,cereals and tubers,Maize flour,KG,2283.0,2525.0,-242.0,-0.0958415841584158,2221.6666666666665,2471.333333333333,2222.0,2236.602068337382,-14.602068337382207
2025,11,4,Arua,Terego,Rhino Camp (refugee settlement),3.17,31.31,cereals and tubers,Millet flour,KG,5000.0,4900.0,100.0,0.0204081632653061,4907.0,4851.5,4907.0,4893.067802391516,13.932197608483875
2025,11,4,Arua,Terego,Imvepi (refugee settlement),3.23,31.28,cereals and tubers,Sorghum,KG,1858.0,1783.0,75.0,0.0420639371845204,1838.6666666666667,1699.3333333333333,1367.0,1865.5834749897094,-498.58347498970943
2025,11,4,Kamwenge,Kibale,Rwamwanja (refugee settlement),0.31,30.68,cereals and tubers,Cassava (fresh),KG,833.0,1026.0,-193.0,-0.1881091617933723,805.0,688.5,805.0,889.1725055358692,-84.17250553586916
2025,11,4,Hoima,Buhaguzi,Kyangwali (refugee settlement),1.16,30.75,cereals and tubers,Millet flour,KG,4586.0,4250.0,336.0,0.0790588235294117,4367.333333333333,4618.833333333333,4367.0,4294.3527317178605,72.64726828213952
2025,11,4,Arua,Terego,Imvepi (refugee settlement),3.23,31.28,cereals and tubers,Millet flour,KG,4667.0,4444.0,223.0,0.0501800180018001,4731.333333333333,4665.0,4528.0,4412.495111864074,115.5048881359262
2025,11,4,Arua,Terego,Rhino Camp (refugee settlement),3.17,31.31,milk and dairy,Milk (fresh),L,2000.0,2000.0,0.0,0.0,2333.333333333333,2333.333333333333,2000.0,2014.144441805184,-14.144441805183988
2025,11,4,Yumbe,Aringa,Bidibidi (refugee settlement),3.36,31.35,milk and dairy,Milk (fresh),L,2000.0,2063.0,-63.0,-0.0305380513814832,2021.0,1899.8333333333333,2021.0,1997.0524725715995,23.947527428400463
2025,11,4,Kyegegwa,Kyaka,Kyaka II (refugee settlement),0.36,31.09,vegetables and fruits,Leafy vegetables,KG,1587.0,1515.0,72.0,0.0475247524752475,1370.6666666666667,1439.8333333333333,1371.0,1608.0000643175385,-237.00006431753854
2025,11,4,Kabarole,Fort Portal Municipality,Fort Portal,0.66,30.28,cereals and tubers,Maize (white),KG,2500.0,1970.0,530.0,0.2690355329949238,2344.333333333333,2172.1666666666665,2250.0,2424.103690377799,-174.103690377799
2025,11,4,Koboko,Koboko,Lobule (refugee settlement),3.39,31.03,cereals and tubers,Maize (white),KG,1763.0,1508.0,255.0,0.1690981432360742,1401.0,1448.3333333333333,1728.0,1656.9901798850956,71.00982011490441
2025,11,4,Adjumani,Adjumani,Adjumani (refugee settlement),3.34,31.78,miscellaneous food,Salt,KG,2000.0,2000.0,0.0,0.0,2000.0,2000.0,2000.0,1975.1392999549917,24.860700045008343
2025,11,4,Lamwo,Lamwo,Palabek (refugee settlement),3.34,32.47,milk and dairy,Milk (fresh),L,2000.0,2000.0,0.0,0.0,2000.0,2000.0,2000.0,1970.2599842594866,29.7400157405134
2025,11,4,Kasese,Busongora,Kasese,0.17,30.07,cereals and tubers,Sorghum,KG,2475.0,2940.0,-465.0,-0.1581632653061224,2871.6666666666665,3301.6666666666665,2629.0,2571.2141244743575,57.785875525642496
2025,11,4,Hoima,Bugahya,Hoima,1.43,31.35,cereals and tubers,Maize (white),KG,1500.0,1500.0,0.0,0.0,1500.0,1800.0,1500.0,1660.0052791701933,-160.00527917019326
2025,11,4,Arua,Terego,Imvepi (refugee settlement),3.23,31.28,cereals and tubers,Maize flour,KG,2842.0,2722.0,120.0,0.0440852314474651,2747.6666666666665,2931.333333333333,2667.0,2639.168455666343,27.831544333656893
2025,11,4,Isingiro,Bukanga,Nakivale (refugee settlement),-0.78,30.96,cereals and tubers,Sorghum,KG,1667.0,1885.0,-218.0,-0.1156498673740053,1797.0,1736.6666666666667,1767.0,1701.9043553557694,65.09564464423056
2025,11,4,Hoima,Buhaguzi,Kyangwali (refugee settlement),1.16,30.75,miscellaneous food,Salt,KG,1943.0,2000.0,-57.0,-0.0285,1842.0,1921.0,1842.0,1895.4619113442893,-53.46191134428932
2025,11,4,Hoima,Bugahya,Hoima,1.43,31.35,oil and fats,Oil (vegetable),L,10000.0,10000.0,0.0,0.0,10000.0,10000.0,10000.0,8673.313840705128,1326.6861592948717
2025,11,4,Kiryandongo,Kibanda,Kiryandongo (refugee settlement),1.94,32.21,cereals and tubers,Maize (white),KG,1325.0,1240.0,85.0,0.0685483870967741,1213.3333333333333,1332.0,1517.0,1323.1967616318257,193.80323836817433
2025,11,4,Lira,Lira Municipality,Lira,2.23,32.91,pulses and nuts,Beans,KG,3833.0,4000.0,-167.0,-0.04175,3711.0,3698.8333333333335,3500.0,3789.8905550573104,-289.8905550573104
2025,11,4,Hoima,Buhaguzi,Kyangwali (refugee settlement),1.16,30.75,cereals and tubers,Sorghum,KG,2971.0,3210.0,-239.0,-0.0744548286604361,2844.0,3023.833333333333,2844.0,2957.964155084767,-113.96415508476684
2025,11,4,Lira,Lira Municipality,Lira,2.23,32.91,cereals and tubers,Sorghum,KG,1100.0,1100.0,0.0,0.0,1175.0,1089.6666666666667,920.0,1111.5202072067386,-191.52020720673863
2025,11,4,Iganga,Kigulu,Iganga,0.61,33.47,pulses and nuts,Beans,KG,3075.0,3110.0,-35.0,-0.0112540192926045,3266.0,3651.0,3289.0,3185.0807222543604,103.91927774563965
2025,11,4,Hoima,Buhaguzi,Kyangwali (refugee settlement),1.16,30.75,milk and dairy,Milk (fresh),L,2000.0,2000.0,0.0,0.0,1940.0,2170.0,1940.0,1959.4785564381602,-19.47855643816024
2025,11,4,Gulu,Gulu Municipality,Gulu,2.77,32.31,oil and fats,Oil (vegetable),L,8000.0,8000.0,0.0,0.0,7966.666666666667,7670.833333333333,8214.0,7600.014579536891,613.9854204631092
2025,11,4,Nakapiripirit,Kadani,Namalu,1.79,34.6,cereals and tubers,Sorghum,KG,1100.0,900.0,200.0,0.2222222222222222,941.6666666666666,1125.0,1150.0,1116.759192575336,33.2408074246639
2025,11,4,Adjumani,Adjumani,Adjumani (refugee settlement),3.34,31.78,cereals and tubers,Sorghum,KG,1800.0,1381.0,419.0,0.3034033309196234,1502.0,1628.8333333333333,1502.0,1729.8293432484393,-227.82934324843927
2025,11,4,Moroto,Moroto Municipality,Moroto,2.53,34.65,cereals and tubers,Sorghum,KG,1327.0,1356.0,-29.0,-0.021386430678466,1442.3333333333333,1579.8333333333333,1337.0,1521.8527597165116,-184.85275971651163
2025,11,4,Moroto,Moroto Municipality,Moroto,2.53,34.65,oil and fats,Oil (vegetable),L,7133.0,7167.0,-34.0,-0.0047439653969582,7155.666666666667,7196.0,7067.0,7126.214982742295,-59.21498274229543
2025,11,4,Lamwo,Lamwo,Palabek (refugee settlement),3.34,32.47,cereals and tubers,Maize (white),KG,1000.0,1117.0,-117.0,-0.1047448522829006,1205.6666666666667,1484.3333333333333,1206.0,1166.6641731804918,39.335826819508156
2025,11,4,Arua,Terego,Rhino Camp (refugee settlement),3.17,31.31,miscellaneous food,Salt,KG,2000.0,2080.0,-80.0,-0.0384615384615384,2014.3333333333333,1920.5,2014.0,1963.624281000529,50.37571899947102
2025,11,4,Masindi,Buruli M,Masindi,1.69,31.71,cereals and tubers,Sorghum,KG,2286.0,2000.0,286.0,0.143,2095.333333333333,2047.6666666666667,3333.0,2741.707209349725,591.292790650275
2025,11,4,Masaka,Masaka Municipality,Masaka,-0.35,31.74,cereals and tubers,Maize flour,KG,3000.0,2817.0,183.0,0.0649627263045793,2939.0,2952.833333333333,2875.0,2954.2918202596024,-79.29182025960245
2025,11,4,Hoima,Buhaguzi,Kyangwali (refugee settlement),1.16,30.75,cereals and tubers,Cassava (fresh),KG,1364.0,833.0,531.0,0.6374549819927972,859.3333333333334,820.3333333333334,859.0,1073.9182882025762,-214.91828820257615
2025,11,4,Kween,Kween,Kapchorwa,1.38,34.52,cereals and tubers,Sorghum,KG,2000.0,2000.0,0.0,0.0,2000.0,2000.0,2000.0,2026.8604691460416,-26.860469146041623
2025,11,4,Iganga,Kigulu,Iganga,0.61,33.47,cereals and tubers,Maize (white),KG,1563.0,1590.0,-27.0,-0.0169811320754716,1567.6666666666667,1699.3333333333333,1533.0,1629.2818084471346,-96.28180844713461
2025,11,4,Arua,Arua Municipality,Arua,3.02,30.91,oil and fats,Oil (vegetable),L,6000.0,6500.0,-500.0,-0.0769230769230769,6500.0,6625.0,6167.0,6434.753383071664,-267.75338307166385
2025,11,4,Jinja,Jinja Municipality,Jinja,0.42,33.2,pulses and nuts,Beans,KG,3875.0,4000.0,-125.0,-0.03125,3958.3333333333335,4106.333333333333,4343.0,3960.831912517334,382.1680874826661
2025,11,4,Busia,Samia-bugwe,Busia,0.47,34.09,cereals and tubers,Sorghum,KG,1463.0,1340.0,123.0,0.0917910447761194,1334.3333333333333,1286.5,1438.0,1445.8752644743859,-7.875264474385858
2025,11,4,Gulu,Gulu Municipality,Gulu,2.77,32.31,cereals and tubers,Sorghum,KG,3000.0,2560.0,440.0,0.171875,2640.0,2197.833333333333,1971.0,2721.669297641074,-750.6692976410741
2025,11,4,Gulu,Gulu Municipality,Gulu,2.77,32.31,cereals and tubers,Maize (white),KG,2000.0,1820.0,180.0,0.0989010989010989,1786.6666666666667,1748.8333333333333,1871.0,1916.1700030649802,-45.170003064980165
2025,11,4,Isingiro,Bukanga,Nakivale (refugee settlement),-0.78,30.96,cereals and tubers,Cassava (fresh),KG,585.0,599.0,-14.0,-0.023372287145242,513.3333333333334,525.1666666666666,513.0,621.1899976394175,-108.18999763941747
2025,11,4,Moyo,Obongi,Palorinya (refugee settlement),3.47,31.63,cereals and tubers,Maize (white),KG,1140.0,775.0,365.0,0.4709677419354838,971.6666666666666,1525.3333333333333,972.0,1314.745569014711,-342.745569014711
2025,11,4,Mbarara,Mbarara Municipality,Mbarara,-0.61,30.65,cereals and tubers,Maize (white),KG,2500.0,2500.0,0.0,0.0,2500.0,2500.0,2467.0,2474.009562557342,-7.0095625573421785
2025,11,4,Isingiro,Bukanga,Oruchinga (refugee settlement),-0.94,30.76,cereals and tubers,Cassava (fresh),KG,595.0,595.0,0.0,0.0,563.3333333333334,549.3333333333334,563.0,817.7974734014309,-254.79747340143092
2025,11,4,Adjumani,Adjumani,Adjumani (refugee settlement),3.34,31.78,milk and dairy,Milk (fresh),L,2000.0,2000.0,0.0,0.0,2000.0,2000.0,2000.0,1970.6597214636129,29.34027853638713
2025,11,4,Soroti,Soroti Municipality,Soroti,1.71,33.62,cereals and tubers,Sorghum,KG,1217.0,1050.0,167.0,0.159047619047619,1136.3333333333333,1211.5,1260.0,1166.268930858946,93.73106914105392
2025,11,4,Lira,Lira Municipality,Lira,2.23,32.91,cereals and tubers,Maize (white),KG,883.0,950.0,-67.0,-0.0705263157894736,921.0,1060.6666666666667,920.0,916.4939450550529,3.5060549449470955
2025,11,4,Jinja,Jinja Municipality,Jinja,0.42,33.2,oil and fats,Oil (vegetable),L,7500.0,7500.0,0.0,0.0,7500.0,7450.0,7475.0,7547.757661572426,-72.7576615724256
2025,11,4,Moyo,Obongi,Palorinya (refugee settlement),3.47,31.63,vegetables and fruits,Leafy vegetables,KG,2000.0,1108.0,892.0,0.8050541516245487,1244.3333333333333,1435.5,1244.0,1617.099369047619,-373.0993690476189
2025,11,4,Arua,Terego,Imvepi (refugee settlement),3.23,31.28,miscellaneous food,Salt,KG,1826.0,1600.0,226.0,0.14125,1783.6666666666667,1762.0,1756.0,1784.4104658041476,-28.410465804147634
2025,11,4,Kyegegwa,Kyaka,Kyaka II (refugee settlement),0.36,31.09,cereals and tubers,Maize (white),KG,1192.0,1187.0,5.0,0.004212299915754,1385.3333333333333,1398.8333333333333,1235.0,1140.515816456099,94.48418354390105
2025,11,4,Arua,Terego,Imvepi (refugee settlement),3.23,31.28,milk and dairy,Milk (fresh),L,2000.0,2000.0,0.0,0.0,2000.0,2000.0,2000.0,1910.0205194118973,89.97948058810266
2025,11,4,Arua,Terego,Imvepi (refugee settlement),3.23,31.28,cereals and tubers,Cassava (fresh),KG,808.0,526.0,282.0,0.5361216730038023,671.6666666666666,595.3333333333334,602.0,759.8347974992972,-157.83479749929722
2025,11,4,Masindi,Buruli M,Masindi,1.69,31.71,oil and fats,Oil (vegetable),L,8000.0,8000.0,0.0,0.0,7963.0,7981.5,8000.0,7945.314862142314,54.68513785768573
2025,11,4,Iganga,Kigulu,Iganga,0.61,33.47,oil and fats,Oil (vegetable),L,7463.0,7370.0,93.0,0.012618724559023,7427.666666666667,7442.333333333333,7433.0,7477.296728862623,-44.29672886262324
2025,11,4,Lamwo,Lamwo,Palabek (refugee settlement),3.34,32.47,vegetables and fruits,Leafy vegetables,KG,2738.0,3333.0,-595.0,-0.1785178517851785,2430.333333333333,2126.1666666666665,2430.0,2491.8236084532905,-61.82360845329049
2025,11,4,Kabarole,Fort Portal Municipality,Fort Portal,0.66,30.28,oil and fats,Oil (vegetable),L,8250.0,8000.0,250.0,0.03125,8083.333333333333,8041.666666666667,8750.0,8347.717433056452,402.28256694354786
2025,11,4,Arua,Terego,Rhino Camp (refugee settlement),3.17,31.31,cereals and tubers,Cassava (fresh),KG,427.0,526.0,-99.0,-0.188212927756654,699.3333333333334,534.5,699.0,616.0104447579777,82.98955524202233
2025,11,4,Kaabong,Dodoth,Karenga,3.57,33.7,cereals and tubers,Sorghum,KG,929.0,846.0,83.0,0.0981087470449172,1008.3333333333334,1333.8333333333333,1030.0,999.2967208678424,30.703279132157604
2025,11,4,Nakapiripirit,Pian,Nabilatuk,2.05,34.57,cereals and tubers,Sorghum,KG,952.0,695.0,257.0,0.3697841726618705,811.0,959.8333333333334,1224.0,958.6468043648913,265.3531956351087
2025,11,4,Kiryandongo,Kibanda,Kiryandongo (refugee settlement),1.94,32.21,cereals and tubers,Cassava (fresh),KG,970.0,697.0,273.0,0.3916786226685796,847.0,804.1666666666666,847.0,930.1568305536133,-83.1568305536133
2025,11,4,Kween,Kween,Kapchorwa,1.38,34.52,cereals and tubers,Maize (white),KG,1000.0,1150.0,-150.0,-0.1304347826086956,1116.6666666666667,1338.3333333333333,1000.0,1047.1344227875177,-47.13442278751768
2025,11,4,Isingiro,Bukanga,Nakivale (refugee settlement),-0.78,30.96,cereals and tubers,Maize (white),KG,1300.0,1631.0,-331.0,-0.2029429797670141,1453.0,1374.5,1267.0,1359.546087358739,-92.54608735873899
2025,11,4,Yumbe,Aringa,Bidibidi (refugee settlement),3.36,31.35,cereals and tubers,Cassava (fresh),KG,651.0,630.0,21.0,0.0333333333333333,640.3333333333334,688.1666666666666,640.0,690.1362784798789,-50.13627847987891
2025,11,4,Gulu,Gulu Municipality,Gulu,2.77,32.31,pulses and nuts,Beans,KG,5250.0,4900.0,350.0,0.0714285714285714,4883.333333333333,4644.666666666667,5000.0,4970.916937877598,29.083062122402225
2025,11,4,Koboko,Koboko,Lobule (refugee settlement),3.39,31.03,milk and dairy,Milk (fresh),L,2000.0,2000.0,0.0,0.0,2000.0,1907.5,2000.0,1947.3692378362387,52.63076216376135
2025,11,4,Nakapiripirit,Kadani,Namalu,1.79,34.6,cereals and tubers,Maize (white),KG,1067.0,980.0,87.0,0.0887755102040816,974.0,1201.6666666666667,1150.0,1147.0658188468008,2.9341811531992334
2025,11,4,Adjumani,Adjumani,Adjumani (refugee settlement),3.34,31.78,cereals and tubers,Millet flour,KG,5000.0,5000.0,0.0,0.0,4972.333333333333,4746.666666666667,4972.0,4681.090933525996,290.90906647400425
2025,11,4,Kabarole,Fort Portal Municipality,Fort Portal,0.66,30.28,cereals and tubers,Sorghum,KG,4000.0,4000.0,0.0,0.0,4000.0,4000.0,3813.0,3127.4850166721717,685.5149833278283
2025,11,4,Abim,Labwor,Makaratin,2.71,33.64,oil and fats,Oil (vegetable),L,7500.0,7438.0,62.0,0.0083355740790535,7529.333333333333,7575.166666666667,6250.0,7564.725460586212,-1314.7254605862117
2025,11,4,Nakapiripirit,Pian,Nabilatuk,2.05,34.57,cereals and tubers,Maize flour,KG,2656.0,2700.0,-44.0,-0.0162962962962962,2668.6666666666665,2810.0,2450.0,2638.9665404758043,-188.96654047580432
2025,11,4,Koboko,Koboko,Lobule (refugee settlement),3.39,31.03,cereals and tubers,Sorghum,KG,2150.0,2271.0,-121.0,-0.0532804931748128,2413.0,1887.3333333333333,2139.0,2056.8521010029676,82.14789899703237
2025,11,4,Mbarara,Mbarara Municipality,Mbarara,-0.61,30.65,pulses and nuts,Beans,KG,3500.0,4000.0,-500.0,-0.125,3833.3333333333335,3805.5,3411.0,3475.2379050915165,-64.2379050915165
2025,11,4,Nakapiripirit,Kadani,Namalu,1.79,34.6,oil and fats,Oil (vegetable),L,7000.0,7000.0,0.0,0.0,7000.0,7000.0,7000.0,7020.302795389839,-20.302795389839048
2025,11,4,Soroti,Soroti Municipality,Soroti,1.71,33.62,oil and fats,Oil (vegetable),L,8083.0,8200.0,-117.0,-0.0142682926829268,8205.333333333334,8274.833333333334,7867.0,8160.600733357023,-293.6007333570233
2025,11,4,Kiryandongo,Kibanda,Kiryandongo (refugee settlement),1.94,32.21,milk and dairy,Milk (fresh),L,1667.0,2000.0,-333.0,-0.1665,1889.0,1889.0,1889.0,1741.5253276072472,147.47467239275284
2025,11,4,Kaabong,Dodoth,Kaabong,3.54,34.12,cereals and tubers,Sorghum,KG,1206.0,1310.0,-104.0,-0.0793893129770992,1238.6666666666667,1699.8333333333333,1385.0,1298.7737874685338,86.22621253146622
2025,11,4,Yumbe,Aringa,Bidibidi (refugee settlement),3.36,31.35,cereals and tubers,Sorghum,KG,2100.0,2266.0,-166.0,-0.0732568402471315,2134.333333333333,1705.3333333333333,2045.0,2124.2511372987933,-79.25113729879331
2025,11,4,Isingiro,Bukanga,Oruchinga (refugee settlement),-0.94,30.76,miscellaneous food,Salt,KG,1600.0,1600.0,0.0,0.0,1533.3333333333333,1502.3333333333333,1800.0,1729.6531397269719,70.34686027302814
2025,11,4,Kyegegwa,Kyaka,Kyaka II (refugee settlement),0.36,31.09,cereals and tubers,Sorghum,KG,2449.0,2471.0,-22.0,-0.008903278025091,2287.0,2293.1666666666665,2339.0,2414.463767042252,-75.46376704225213
2025,11,4,Kyegegwa,Kyaka,Kyaka II (refugee settlement),0.36,31.09,cereals and tubers,Cassava (fresh),KG,397.0,322.0,75.0,0.2329192546583851,452.6666666666667,379.5,453.0,445.116295,7.88370500000002
2025,11,4,Soroti,Soroti Municipality,Soroti,1.71,33.62,cereals and tubers,Maize (white),KG,1071.0,1013.0,58.0,0.0572556762092793,1153.0,1236.1666666666667,987.0,1098.7098573946434,-111.70985739464345
2025,11,4,Kotido,Jie,Kotido,3.0,34.11,oil and fats,Oil (vegetable),L,7100.0,7250.0,-150.0,-0.0206896551724137,7283.333333333333,7420.5,7080.0,7240.9642564145115,-160.9642564145115
2025,11,4,Masindi,Buruli M,Masindi,1.69,31.71,cereals and tubers,Maize (white),KG,1100.0,1010.0,90.0,0.0891089108910891,1036.6666666666667,1251.6666666666667,1017.0,1110.0873115486515,-93.08731154865154
2025,11,4,Busia,Samia-bugwe,Busia,0.47,34.09,cereals and tubers,Maize (white),KG,1100.0,1135.0,-35.0,-0.0308370044052863,1105.3333333333333,1192.5,1250.0,1086.5307458418383,163.46925415816168
2025,11,4,Abim,Labwor,Makaratin,2.71,33.64,cereals and tubers,Sorghum,KG,1000.0,1663.0,-663.0,-0.3986770895971137,1501.0,1746.0,811.0,1138.4684282596484,-327.46842825964836
2025,11,4,Isingiro,Bukanga,Oruchinga (refugee settlement),-0.94,30.76,milk and dairy,Milk (fresh),L,1600.0,2000.0,-400.0,-0.2,1800.0,1815.0,1800.0,1682.9029367966943,117.09706320330565
2025,11,4,Kaabong,Dodoth,Karenga,3.57,33.7,pulses and nuts,Beans,KG,3393.0,3650.0,-257.0,-0.0704109589041095,3490.6666666666665,3757.1666666666665,3690.0,3374.9342672397906,315.06573276020936
2025,11,4,Lamwo,Lamwo,Palabek (refugee settlement),3.34,32.47,cereals and tubers,Sorghum,KG,1133.0,1450.0,-317.0,-0.2186206896551724,1405.0,1486.3333333333333,1405.0,1193.117659718214,211.8823402817859
2025,11,4,Kiryandongo,Kibanda,Kiryandongo (refugee settlement),1.94,32.21,cereals and tubers,Sorghum,KG,2208.0,2233.0,-25.0,-0.0111957008508732,2202.6666666666665,2200.6666666666665,2167.0,2238.9501528530186,-71.95015285301861
2025,11,4,Kaabong,Dodoth,Kaabong,3.54,34.12,oil and fats,Oil (vegetable),L,7500.0,7880.0,-380.0,-0.0482233502538071,7785.0,7892.5,7980.0,7568.175874939008,411.8241250609917
2025,11,4,Napak,Bokora,Napak,2.22,34.26,cereals and tubers,Maize flour,KG,2000.0,2200.0,-200.0,-0.0909090909090909,2066.6666666666665,2165.1666666666665,1982.0,2000.5818507766744,-18.5818507766744
2025,11,4,Kaabong,Dodoth,Kaabong,3.54,34.12,cereals and tubers,Maize (white),KG,1156.0,1110.0,46.0,0.0414414414414414,1113.6666666666667,1456.1666666666667,1250.0,1128.427385786409,121.5726142135909
2025,11,4,Isingiro,Bukanga,Nakivale (refugee settlement),-0.78,30.96,miscellaneous food,Salt,KG,1600.0,1600.0,0.0,0.0,2159.333333333333,1883.0,1600.0,1800.7261183155524,-200.7261183155524
2025,11,4,Isingiro,Bukanga,Oruchinga (refugee settlement),-0.94,30.76,cereals and tubers,Sorghum,KG,1800.0,1925.0,-125.0,-0.0649350649350649,1908.3333333333333,2291.333333333333,1800.0,2266.6139922049238,-466.61399220492376
2025,11,4,Kyegegwa,Kyaka,Kyaka II (refugee settlement),0.36,31.09,milk and dairy,Milk (fresh),L,1692.0,1877.0,-185.0,-0.0985615343633457,1856.3333333333333,1811.6666666666667,1856.0,1725.8305456860974,130.16945431390263
2025,11,4,Moyo,Obongi,Palorinya (refugee settlement),3.47,31.63,cereals and tubers,Sorghum,KG,2000.0,1750.0,250.0,0.1428571428571428,1750.0,2239.6666666666665,1750.0,2013.1943087955497,-263.19430879554966
2025,11,4,Arua,Arua Municipality,Arua,3.02,30.91,cereals and tubers,Maize (white),KG,1400.0,1350.0,50.0,0.037037037037037,1583.3333333333333,1375.0,1667.0,1417.800769607841,249.19923039215905
2025,11,4,Kamwenge,Kibale,Rwamwanja (refugee settlement),0.31,30.68,cereals and tubers,Maize (white),KG,1376.0,1154.0,222.0,0.1923743500866551,1239.6666666666667,1304.6666666666667,1828.0,1312.0435108961972,515.9564891038028
2025,11,4,Hoima,Bugahya,Hoima,1.43,31.35,cereals and tubers,Sorghum,KG,3500.0,3500.0,0.0,0.0,3500.0,3391.6666666666665,3500.0,3467.679525969448,32.32047403055185
2025,11,4,Lira,Lira Municipality,Lira,2.23,32.91,oil and fats,Oil (vegetable),L,7500.0,7250.0,250.0,0.0344827586206896,7383.333333333333,7441.666666666667,7500.0,7507.894898694991,-7.894898694990843
2025,11,4,Koboko,Koboko,Lobule (refugee settlement),3.39,31.03,cereals and tubers,Cassava (fresh),KG,604.0,648.0,-44.0,-0.0679012345679012,1023.3333333333334,733.0,1023.0,810.3481340138159,212.65186598618413
2025,11,4,Kamwenge,Kibale,Rwamwanja (refugee settlement),0.31,30.68,milk and dairy,Milk (fresh),L,1500.0,1500.0,0.0,0.0,1500.0,1491.6666666666667,1500.0,1496.3097530439527,3.6902469560473037
2025,11,4,Isingiro,Bukanga,Nakivale (refugee settlement),-0.78,30.96,milk and dairy,Milk (fresh),L,1800.0,2000.0,-200.0,-0.1,1911.0,1830.5,1911.0,1568.451856534425,342.5481434655751
2025,11,4,Kasese,Busongora,Kasese,0.17,30.07,cereals and tubers,Maize (white),KG,1513.0,1600.0,-87.0,-0.054375,1596.0,1612.1666666666667,2000.0,1533.271227728249,466.72877227175104
2025,11,4,Yumbe,Aringa,Bidibidi (refugee settlement),3.36,31.35,vegetables and fruits,Leafy vegetables,KG,1115.0,1060.0,55.0,0.0518867924528301,1072.0,1293.1666666666667,1072.0,1299.6453369143862,-227.64533691438623
2025,11,4,Koboko,Koboko,Lobule (refugee settlement),3.39,31.03,vegetables and fruits,Leafy vegetables,KG,1120.0,1146.0,-26.0,-0.0226876090750436,1866.3333333333333,1731.3333333333333,1866.0,1707.5385483754892,158.4614516245108
2025,11,4,Moroto,Moroto Municipality,Moroto,2.53,34.65,cereals and tubers,Maize (white),KG,1360.0,1394.0,-34.0,-0.024390243902439,1491.0,1631.6666666666667,1380.0,1513.6028469873074,-133.60284698730743
2025,11,4,Mbarara,Mbarara Municipality,Mbarara,-0.61,30.65,oil and fats,Oil (vegetable),L,8000.0,8583.0,-583.0,-0.0679249679599207,8361.0,8236.0,8056.0,8073.639346237531,-17.639346237530845
2025,11,4,Mbarara,Mbarara Municipality,Mbarara,-0.61,30.65,cereals and tubers,Sorghum,KG,4000.0,4000.0,0.0,0.0,4000.0,3700.0,3944.0,3899.6858402314074,44.31415976859262
2025,11,4,Kasese,Busongora,Kasese,0.17,30.07,oil and fats,Oil (vegetable),L,7500.0,7400.0,100.0,0.0135135135135135,7466.666666666667,7491.666666666667,8000.0,7664.733414242004,335.2665857579959
2025,11,4,Moyo,Obongi,Palorinya (refugee settlement),3.47,31.63,cereals and tubers,Cassava (fresh),KG,427.0,578.0,-151.0,-0.2612456747404844,573.0,621.1666666666666,573.0,524.0850335314001,48.914966468599914
2025,11,4,Yumbe,Aringa,Bidibidi (refugee settlement),3.36,31.35,oil and fats,Oil (vegetable),L,7113.0,7250.0,-137.0,-0.0188965517241379,7143.0,7162.0,7023.0,7140.6777359367825,-117.67773593678248
2025,12,4,Adjumani,Adjumani,Adjumani (refugee settlement),3.34,31.78,vegetables and fruits,Leafy vegetables,KG,1783.0,1538.0,245.0,0.159297789336801,1583.3333333333333,1803.6666666666667,2286.0,1748.4759581657252,537.5240418342748
2025,12,4,Lamwo,Lamwo,Palabek (refugee settlement),3.34,32.47,cereals and tubers,Cassava (fresh),KG,538.0,454.0,84.0,0.185022026431718,545.6666666666666,532.8333333333334,424.0,675.9614311129928,-251.96143111299284
2025,12,4,Arua,Arua Municipality,Arua,3.02,30.91,cereals and tubers,Maize (white),KG,1667.0,1400.0,267.0,0.1907142857142857,1472.3333333333333,1469.5,2186.0,1774.9238472722782,411.0761527277218
2025,12,4,Hoima,Buhaguzi,Kyangwali (refugee settlement),1.16,30.75,"meat, fish and eggs",Fish (dry),KG,25254.0,20313.0,4941.0,0.2432432432432432,22133.33333333333,24405.33333333333,21858.0,24596.13,-2738.130000000001
2025,12,4,Gulu,Gulu Municipality,Gulu,2.77,32.31,cereals and tubers,Cassava flour,KG,4143.0,4000.0,143.0,0.03575,4270.0,4344.0,3967.0,3900.3227005204267,66.67729947957332
2025,12,4,Moroto,Moroto Municipality,Moroto,2.53,34.65,cereals and tubers,Maize (white),KG,1380.0,1360.0,20.0,0.0147058823529411,1378.0,1568.6666666666667,1382.0,1493.5410214062265,-111.54102140622649
2025,12,4,Kyegegwa,Kyaka,Kyaka II (refugee settlement),0.36,31.09,cereals and tubers,Maize flour,KG,2958.0,3000.0,-42.0,-0.014,3024.333333333333,3052.5,2575.0,2836.2439854703657,-261.2439854703657
2025,12,4,Moyo,Obongi,Palorinya (refugee settlement),3.47,31.63,cereals and tubers,Cassava (fresh),KG,573.0,427.0,146.0,0.3419203747072599,526.0,602.8333333333334,1058.0,555.3591715846356,502.64082841536435
2025,12,4,Kyegegwa,Kyaka,Kyaka II (refugee settlement),0.36,31.09,"meat, fish and eggs",Fish (dry),KG,30474.0,31746.0,-1272.0,-0.04006804006804,30909.33333333333,30719.83333333333,39563.0,34544.68,5018.32
2025,12,4,Isingiro,Bukanga,Oruchinga (refugee settlement),-0.94,30.76,cereals and tubers,Cassava (fresh),KG,563.0,595.0,-32.0,-0.053781512605042,584.3333333333334,549.3333333333334,585.0,841.5783844326038,-256.5783844326038
2025,12,4,Arua,Terego,Rhino Camp (refugee settlement),3.17,31.31,vegetables and fruits,Leafy vegetables,KG,1787.0,2000.0,-213.0,-0.1065,1641.0,1883.1666666666667,2253.0,1747.0053876523548,505.9946123476452
2025,12,4,Gulu,Gulu Municipality,Gulu,2.77,32.31,cereals and tubers,Maize (white),KG,1871.0,2000.0,-129.0,-0.0645,1897.0,1727.3333333333333,1654.0,1804.2404863063214,-150.24048630632137
2025,12,4,Kiryandongo,Kibanda,Kiryandongo (refugee settlement),1.94,32.21,cereals and tubers,Cassava (fresh),KG,847.0,970.0,-123.0,-0.1268041237113402,838.0,767.5,825.0,903.352333874175,-78.35233387417497
2025,12,4,Kiryandongo,Kibanda,Kiryandongo (refugee settlement),1.94,32.21,pulses and nuts,Beans,KG,3083.0,2750.0,333.0,0.1210909090909091,2888.6666666666665,3157.1666666666665,3287.0,3080.56328789986,206.43671210014008
2025,12,4,Koboko,Koboko,Lobule (refugee settlement),3.39,31.03,"meat, fish and eggs",Fish (dry),KG,23657.0,28009.0,-4352.0,-0.155378628298047,25709.666666666668,21282.666666666668,22939.0,26061.53666666667,-3122.5366666666705
2025,12,4,Kaabong,Dodoth,Kaabong,3.54,34.12,cereals and tubers,Maize (white),KG,1250.0,1156.0,94.0,0.0813148788927335,1172.0,1343.6666666666667,1232.0,1272.3023356579604,-40.302335657960384
2025,12,4,Kamwenge,Kibale,Rwamwanja (refugee settlement),0.31,30.68,"meat, fish and eggs",Fish (dry),KG,27938.0,33333.0,-5395.0,-0.1618516185161851,32646.0,22432.5,26884.0,27362.40666666667,-478.4066666666695
2025,12,4,Nakapiripirit,Kadani,Namalu,1.79,34.6,cereals and tubers,Sorghum,KG,1150.0,1100.0,50.0,0.0454545454545454,1050.0,1062.5,1140.0,1148.6277481477598,-8.627748147759803
2025,12,4,Koboko,Koboko,Lobule (refugee settlement),3.39,31.03,cereals and tubers,Cassava (fresh),KG,1023.0,604.0,419.0,0.6937086092715232,758.3333333333334,824.0,770.0,1219.3677924963924,-449.36779249639244
2025,12,4,Arua,Terego,Imvepi (refugee settlement),3.23,31.28,vegetables and fruits,Leafy vegetables,KG,3083.0,7000.0,-3917.0,-0.5595714285714286,3739.6666666666665,2682.6666666666665,2516.0,2682.1033911911513,-166.10339119115133
2025,12,4,Kaabong,Dodoth,Karenga,3.57,33.7,cereals and tubers,Maize flour,KG,3100.0,2914.0,186.0,0.0638297872340425,2985.333333333333,3117.1666666666665,3074.0,2991.9540212934876,82.04597870651241
2025,12,4,Koboko,Koboko,Lobule (refugee settlement),3.39,31.03,oil and fats,Oil (vegetable),L,7139.0,7233.0,-94.0,-0.0129959905986451,7214.333333333333,7442.5,7727.0,7627.916518113541,99.08348188645869
2025,12,4,Kotido,Jie,Kotido,3.0,34.11,cereals and tubers,Maize (white),KG,1030.0,975.0,55.0,0.0564102564102564,945.0,1134.6666666666667,1007.0,1062.3555138226993,-55.35551382269932
2025,12,4,Yumbe,Aringa,Bidibidi (refugee settlement),3.36,31.35,vegetables and fruits,Leafy vegetables,KG,1072.0,1115.0,-43.0,-0.0385650224215246,1082.3333333333333,1187.8333333333333,1017.0,1243.4672151167015,-226.46721511670148
2025,12,4,Kamwenge,Kibale,Rwamwanja (refugee settlement),0.31,30.68,pulses and nuts,Beans,KG,2189.0,2310.0,-121.0,-0.0523809523809523,2196.0,2292.5,2413.0,1991.030388627537,421.9696113724631
2025,12,4,Isingiro,Bukanga,Oruchinga (refugee settlement),-0.94,30.76,"meat, fish and eggs",Fish (dry),KG,15067.0,15000.0,67.0,0.0044666666666666,12879.333333333334,14479.166666666666,16216.0,14836.86,1379.1399999999994
2025,12,4,Abim,Labwor,Makaratin,2.71,33.64,cereals and tubers,Maize (white),KG,930.0,925.0,5.0,0.0054054054054054,960.0,1409.6666666666667,902.0,1011.0111742330886,-109.01117423308858
2025,12,4,Nakapiripirit,Kadani,Namalu,1.79,34.6,pulses and nuts,Beans,KG,3100.0,3000.0,100.0,0.0333333333333333,2933.333333333333,2505.6666666666665,3080.0,3100.124772288529,-20.12477228852913
2025,12,4,Koboko,Koboko,Lobule (refugee settlement),3.39,31.03,cereals and tubers,Maize flour,KG,3000.0,3000.0,0.0,0.0,2983.333333333333,2865.833333333333,2526.0,2708.5124531509477,-182.51245315094775
2025,12,4,Kiryandongo,Kibanda,Kiryandongo (refugee settlement),1.94,32.21,"meat, fish and eggs",Fish (dry),KG,27407.0,28333.0,-926.0,-0.0326827374439699,28580.0,27160.5,33682.0,30779.98,2902.0200000000004
2025,12,4,Nakapiripirit,Kadani,Namalu,1.79,34.6,cereals and tubers,Maize (white),KG,1150.0,1067.0,83.0,0.077788191190253,1065.6666666666667,1120.3333333333333,1123.0,1120.7060438557191,2.2939561442808554
2025,12,4,Kamwenge,Kibale,Rwamwanja (refugee settlement),0.31,30.68,cereals and tubers,Cassava (fresh),KG,805.0,833.0,-28.0,-0.0336134453781512,888.0,765.1666666666666,708.0,819.4658895128883,-111.46588951288834
2025,12,4,Nakapiripirit,Pian,Nabilatuk,2.05,34.57,cereals and tubers,Maize flour,KG,2450.0,2656.0,-206.0,-0.0775602409638554,2602.0,2713.5,2511.0,2400.4713958629586,110.52860413704138
2025,12,4,Isingiro,Bukanga,Oruchinga (refugee settlement),-0.94,30.76,pulses and nuts,Beans,KG,1000.0,1000.0,0.0,0.0,1350.0,1837.5,1095.0,2174.688330528184,-1079.688330528184
2025,12,4,Kamwenge,Kibale,Rwamwanja (refugee settlement),0.31,30.68,cereals and tubers,Millet flour,KG,4417.0,4119.0,298.0,0.0723476571983491,4416.666666666667,4413.166666666667,4088.0,4347.137920833589,-259.1379208335893
2025,12,4,Kaabong,Dodoth,Kaabong,3.54,34.12,cereals and tubers,Sorghum,KG,1385.0,1206.0,179.0,0.148424543946932,1300.3333333333333,1649.3333333333333,1368.0,1364.8796342941453,3.120365705854738
2025,12,4,Kyegegwa,Kyaka,Kyaka II (refugee settlement),0.36,31.09,cereals and tubers,Cassava (fresh),KG,453.0,397.0,56.0,0.1410579345088161,390.6666666666667,406.8333333333333,380.0,606.6576102564102,-226.65761025641018
2025,12,4,Jinja,Jinja Municipality,Jinja,0.42,33.2,cereals and tubers,Cassava flour,KG,1500.0,1538.0,-38.0,-0.0247074122236671,1492.6666666666667,1501.3333333333333,1735.0,1557.7666463373203,177.23335366267975
2025,12,4,Isingiro,Bukanga,Nakivale (refugee settlement),-0.78,30.96,"meat, fish and eggs",Fish (dry),KG,19119.0,17551.0,1568.0,0.0893396387670218,18281.666666666668,19748.666666666668,17932.0,23063.162105263156,-5131.162105263156
2025,12,4,Kiryandongo,Kibanda,Kiryandongo (refugee settlement),1.94,32.21,cereals and tubers,Maize flour,KG,2450.0,2433.0,17.0,0.0069872585285655,2410.0,2589.0,2333.0,2435.91058375395,-102.91058375395005
2025,12,4,Adjumani,Adjumani,Adjumani (refugee settlement),3.34,31.78,milk and dairy,Milk (fresh),L,2000.0,2000.0,0.0,0.0,2000.0,2000.0,1986.0,1967.6710614202123,18.328938579787746
2025,12,4,Hoima,Buhaguzi,Kyangwali (refugee settlement),1.16,30.75,cereals and tubers,Millet flour,KG,4367.0,4586.0,-219.0,-0.0477540340165721,4401.0,4494.833333333333,4495.0,4317.866661908953,177.13333809104734
2025,12,4,Arua,Terego,Imvepi (refugee settlement),3.23,31.28,cereals and tubers,Cassava (fresh),KG,602.0,808.0,-206.0,-0.2549504950495049,645.3333333333334,600.5,426.0,694.405586459936,-268.405586459936
2025,12,4,Isingiro,Bukanga,Nakivale (refugee settlement),-0.78,30.96,cereals and tubers,Cassava (fresh),KG,513.0,585.0,-72.0,-0.123076923076923,565.6666666666666,515.3333333333334,527.0,646.5413708098857,-119.54137080988573
2025,12,4,Koboko,Koboko,Lobule (refugee settlement),3.39,31.03,cereals and tubers,Sorghum,KG,2139.0,2150.0,-11.0,-0.0051162790697674,2186.6666666666665,2014.3333333333333,1814.0,2069.040639673913,-255.04063967391312
2025,12,4,Arua,Terego,Imvepi (refugee settlement),3.23,31.28,oil and fats,Oil (vegetable),L,7083.0,7108.0,-25.0,-0.0035171637591446,7087.666666666667,7316.166666666667,6001.0,7248.660384929007,-1247.6603849290068
2025,12,4,Kaabong,Dodoth,Kaabong,3.54,34.12,cereals and tubers,Maize flour,KG,2120.0,2325.0,-205.0,-0.0881720430107526,2245.0,2441.333333333333,2099.0,2270.62882112567,-171.62882112567013
2025,12,4,Koboko,Koboko,Lobule (refugee settlement),3.39,31.03,milk and dairy,Milk (fresh),L,2000.0,2000.0,0.0,0.0,2000.0,1963.0,1931.0,1955.853488552913,-24.85348855291295
2025,12,4,Kabarole,Fort Portal Municipality,Fort Portal,0.66,30.28,cereals and tubers,Maize flour,KG,3125.0,3063.0,62.0,0.0202415932092719,2996.0,2946.0,2657.0,3067.745614556274,-410.7456145562742
2025,12,4,Kyegegwa,Kyaka,Kyaka II (refugee settlement),0.36,31.09,cereals and tubers,Millet flour,KG,4339.0,4321.0,18.0,0.0041657023837074,4268.0,4328.166666666667,4202.0,4426.848207654589,-224.8482076545888
2025,12,4,Kiryandongo,Kibanda,Kiryandongo (refugee settlement),1.94,32.21,cereals and tubers,Sorghum,KG,2167.0,2208.0,-41.0,-0.0185688405797101,2202.6666666666665,2184.6666666666665,2023.0,2020.0173343163492,2.9826656836507937
2025,12,4,Mbarara,Mbarara Municipality,Mbarara,-0.61,30.65,oil and fats,Oil (vegetable),L,8056.0,8000.0,56.0,0.007,8213.0,8245.333333333334,8000.0,8029.220786465279,-29.22078646527916
2025,12,4,Nakapiripirit,Kadani,Namalu,1.79,34.6,cereals and tubers,Maize flour,KG,2500.0,2500.0,0.0,0.0,2466.6666666666665,2525.0,2457.0,2351.3254692802298,105.67453071977025
2025,12,4,Adjumani,Adjumani,Adjumani (refugee settlement),3.34,31.78,oil and fats,Oil (vegetable),L,7881.0,7917.0,-36.0,-0.00454717696097,7901.333333333333,7899.0,7755.0,7743.967943424067,11.032056575932984
2025,12,4,Abim,Labwor,Makaratin,2.71,33.64,cereals and tubers,Maize flour,KG,1890.0,1900.0,-10.0,-0.0052631578947368,1955.0,2164.1666666666665,1858.0,1875.5624726057608,-17.56247260576083
2025,12,4,Isingiro,Bukanga,Nakivale (refugee settlement),-0.78,30.96,milk and dairy,Milk (fresh),L,1911.0,1800.0,111.0,0.0616666666666666,1903.6666666666667,1877.3333333333333,1883.0,1937.6265466521363,-54.62654665213631
2025,12,4,Mbarara,Mbarara Municipality,Mbarara,-0.61,30.65,cereals and tubers,Maize flour,KG,3011.0,3000.0,11.0,0.0036666666666666,3003.6666666666665,3045.1666666666665,3000.0,3117.960181044644,-117.96018104464383
2025,12,4,Kyegegwa,Kyaka,Kyaka II (refugee settlement),0.36,31.09,milk and dairy,Milk (fresh),L,1856.0,1692.0,164.0,0.0969267139479905,1808.3333333333333,1827.6666666666667,2025.0,1895.7229316939327,129.27706830606735
2025,12,4,Isingiro,Bukanga,Oruchinga (refugee settlement),-0.94,30.76,cereals and tubers,Sorghum,KG,1800.0,1800.0,0.0,0.0,1841.6666666666667,2170.333333333333,2213.0,2293.5647716443145,-80.56477164431453
2025,12,4,Kabarole,Fort Portal Municipality,Fort Portal,0.66,30.28,pulses and nuts,Beans,KG,4250.0,3875.0,375.0,0.0967741935483871,4125.0,4270.833333333333,4160.0,4318.432620436238,-158.4326204362378
2025,12,4,Yumbe,Aringa,Bidibidi (refugee settlement),3.36,31.35,cereals and tubers,Maize flour,KG,3000.0,3000.0,0.0,0.0,2996.0,2817.333333333333,3387.0,2785.392078466605,601.6079215333948
2025,12,4,Masaka,Masaka Municipality,Masaka,-0.35,31.74,oil and fats,Oil (vegetable),L,7250.0,7000.0,250.0,0.0357142857142857,7166.666666666667,7173.666666666667,8333.0,7359.565889968707,973.4341100312931
2025,12,4,Kotido,Jie,Kotido,3.0,34.11,cereals and tubers,Maize flour,KG,2000.0,1950.0,50.0,0.0256410256410256,1983.3333333333333,2181.333333333333,1977.0,1986.3360344404534,-9.336034440453432
2025,12,4,Gulu,Gulu Municipality,Gulu,2.77,32.31,cereals and tubers,Maize flour,KG,2500.0,3000.0,-500.0,-0.1666666666666666,2833.333333333333,2916.6666666666665,2432.0,2488.288993838517,-56.288993838516944
2025,12,4,Abim,Labwor,Makaratin,2.71,33.64,oil and fats,Oil (vegetable),L,6250.0,7500.0,-1250.0,-0.1666666666666666,7062.666666666667,7316.833333333333,6496.0,6300.406223809524,195.5937761904761
2025,12,4,Yumbe,Aringa,Bidibidi (refugee settlement),3.36,31.35,cereals and tubers,Sorghum,KG,2045.0,2100.0,-55.0,-0.0261904761904761,2137.0,1832.0,1914.0,2102.1433355123463,-188.1433355123463
2025,12,4,Isingiro,Bukanga,Nakivale (refugee settlement),-0.78,30.96,oil and fats,Oil (vegetable),L,7750.0,7667.0,83.0,0.0108256162775531,7716.0,7674.833333333333,8764.0,7691.941326441199,1072.0586735588013
2025,12,4,Moyo,Obongi,Palorinya (refugee settlement),3.47,31.63,cereals and tubers,Sorghum,KG,1750.0,2000.0,-250.0,-0.125,1833.3333333333333,2087.5,1718.0,1794.4374155616233,-76.43741556162331
2025,12,4,Adjumani,Adjumani,Adjumani (refugee settlement),3.34,31.78,cereals and tubers,Millet flour,KG,4972.0,5000.0,-28.0,-0.0056,4990.666666666667,4908.666666666667,3952.0,4567.666335518306,-615.6663355183064
2025,12,4,Arua,Arua Municipality,Arua,3.02,30.91,cereals and tubers,Maize flour,KG,3000.0,3100.0,-100.0,-0.032258064516129,3066.6666666666665,3283.333333333333,3000.0,3012.171753574655,-12.171753574655213
2025,12,4,Kamwenge,Kibale,Rwamwanja (refugee settlement),0.31,30.68,milk and dairy,Milk (fresh),L,1500.0,1500.0,0.0,0.0,1500.0,1500.0,1501.0,1478.4302832697517,22.569716730248274
2025,12,4,Moroto,Moroto Municipality,Moroto,2.53,34.65,cereals and tubers,Maize flour,KG,2000.0,1933.0,67.0,0.0346611484738748,2025.6666666666667,2287.0,1943.0,2186.840033375845,-243.840033375845
2025,12,4,Lamwo,Lamwo,Palabek (refugee settlement),3.34,32.47,cereals and tubers,Sorghum,KG,1405.0,1133.0,272.0,0.2400706090026478,1329.3333333333333,1428.8333333333333,1210.0,1515.917066339994,-305.9170663399941
2025,12,4,Koboko,Koboko,Lobule (refugee settlement),3.39,31.03,cereals and tubers,Millet flour,KG,4778.0,4750.0,28.0,0.0058947368421052,4717.666666666667,4589.666666666667,4961.0,4387.499733040722,573.5002669592777
2025,12,4,Kiryandongo,Kibanda,Kiryandongo (refugee settlement),1.94,32.21,milk and dairy,Milk (fresh),L,1889.0,1667.0,222.0,0.1331733653269346,1852.0,1892.6666666666667,1691.0,1778.515340894267,-87.51534089426696
2025,12,4,Kaabong,Dodoth,Kaabong,3.54,34.12,oil and fats,Oil (vegetable),L,7980.0,7500.0,480.0,0.064,7786.666666666667,7889.166666666667,7751.0,7796.2941702910175,-45.29417029101751
2025,12,4,Kyegegwa,Kyaka,Kyaka II (refugee settlement),0.36,31.09,cereals and tubers,Sorghum,KG,2339.0,2449.0,-110.0,-0.0449162923642302,2419.6666666666665,2264.0,1764.0,2186.531134264953,-422.5311342649529
2025,12,4,Nakapiripirit,Kadani,Namalu,1.79,34.6,oil and fats,Oil (vegetable),L,7000.0,7000.0,0.0,0.0,7000.0,7000.0,6991.0,7014.053025846768,-23.053025846767923
2025,12,4,Moroto,Moroto Municipality,Moroto,2.53,34.65,pulses and nuts,Beans,KG,3747.0,3620.0,127.0,0.0350828729281767,3700.0,3852.3333333333335,3707.0,3647.1011059639545,59.898894036045476
2025,12,4,Isingiro,Bukanga,Oruchinga (refugee settlement),-0.94,30.76,milk and dairy,Milk (fresh),L,1800.0,1600.0,200.0,0.125,1800.0,1832.6666666666667,1772.0,1912.5201625966392,-140.52016259663924
2025,12,4,Kotido,Jie,Kotido,3.0,34.11,oil and fats,Oil (vegetable),L,7080.0,7100.0,-20.0,-0.0028169014084507,7143.333333333333,7333.833333333333,7004.0,7222.66085040101,-218.66085040101007
2025,12,4,Arua,Terego,Rhino Camp (refugee settlement),3.17,31.31,oil and fats,Oil (vegetable),L,7110.0,7000.0,110.0,0.0157142857142857,6956.666666666667,7412.166666666667,6870.0,7359.860956937234,-489.8609569372338
2025,12,4,Arua,Arua Municipality,Arua,3.02,30.91,pulses and nuts,Beans,KG,3100.0,3000.0,100.0,0.0333333333333333,3366.6666666666665,3478.333333333333,4459.0,3019.1626598111993,1439.8373401888007
2025,12,4,Isingiro,Bukanga,Oruchinga (refugee settlement),-0.94,30.76,oil and fats,Oil (vegetable),L,8000.0,8000.0,0.0,0.0,7854.333333333333,7967.333333333333,8675.0,7773.090457860106,901.9095421398943
2025,12,4,Hoima,Buhaguzi,Kyangwali (refugee settlement),1.16,30.75,oil and fats,Oil (vegetable),L,8014.0,8000.0,14.0,0.00175,8004.666666666667,8342.833333333334,7774.0,8089.1546616628,-315.1546616628002
2025,12,4,Koboko,Koboko,Lobule (refugee settlement),3.39,31.03,pulses and nuts,Beans,KG,4222.0,4167.0,55.0,0.0131989440844732,4136.666666666667,3939.8333333333335,3740.0,4012.0238666164946,-272.0238666164946
2025,12,4,Lamwo,Lamwo,Palabek (refugee settlement),3.34,32.47,milk and dairy,Milk (fresh),L,2000.0,2000.0,0.0,0.0,2000.0,2000.0,1976.0,1961.5053282995705,14.494671700429535
2025,12,4,Kiryandongo,Kibanda,Kiryandongo (refugee settlement),1.94,32.21,cereals and tubers,Millet flour,KG,4667.0,4850.0,-183.0,-0.0377319587628866,4572.333333333333,4880.166666666667,4231.0,4183.406661117568,47.59333888243236
2025,12,4,Adjumani,Adjumani,Adjumani (refugee settlement),3.34,31.78,cereals and tubers,Sorghum,KG,1502.0,1800.0,-298.0,-0.1655555555555555,1561.0,1557.1666666666667,1219.0,1635.3886728014975,-416.3886728014975
2025,12,4,Yumbe,Aringa,Bidibidi (refugee settlement),3.36,31.35,"meat, fish and eggs",Fish (dry),KG,25230.0,27631.0,-2401.0,-0.0868951539937027,25188.666666666668,23030.5,23550.0,26005.50051282051,-2455.5005128205084
2025,12,4,Lamwo,Lamwo,Palabek (refugee settlement),3.34,32.47,pulses and nuts,Beans,KG,3333.0,2800.0,533.0,0.1903571428571428,3111.0,3403.6666666666665,2893.0,2952.8404832084348,-59.84048320843476
2025,12,4,Moyo,Obongi,Palorinya (refugee settlement),3.47,31.63,cereals and tubers,Maize flour,KG,1832.0,2571.0,-739.0,-0.2874367950213924,1967.6666666666667,2078.5,1999.0,1856.626847945529,142.3731520544709
2025,12,4,Moyo,Obongi,Palorinya (refugee settlement),3.47,31.63,"meat, fish and eggs",Fish (dry),KG,16997.0,25000.0,-8003.0,-0.32012,19329.0,16291.5,18199.0,18195.61,3.389999999999418
2025,12,4,Arua,Terego,Rhino Camp (refugee settlement),3.17,31.31,cereals and tubers,Cassava (fresh),KG,699.0,427.0,272.0,0.6370023419203747,550.6666666666666,567.3333333333334,536.0,573.8245424401271,-37.82454244012706
2025,12,4,Kyegegwa,Kyaka,Kyaka II (refugee settlement),0.36,31.09,pulses and nuts,Beans,KG,1642.0,1915.0,-273.0,-0.1425587467362924,1908.0,2426.833333333333,2013.0,1865.8757863492513,147.12421365074874
2025,12,4,Yumbe,Aringa,Bidibidi (refugee settlement),3.36,31.35,cereals and tubers,Millet flour,KG,4795.0,4838.0,-43.0,-0.0088879702356345,4778.666666666667,4787.0,4539.0,4229.3352063777165,309.66479362228347
2025,12,4,Moroto,Moroto Municipality,Moroto,2.53,34.65,cereals and tubers,Sorghum,KG,1337.0,1327.0,10.0,0.0075357950263752,1340.0,1519.3333333333333,1327.0,1577.0458160328833,-250.0458160328833
2025,12,4,Arua,Terego,Imvepi (refugee settlement),3.23,31.28,milk and dairy,Milk (fresh),L,2000.0,2000.0,0.0,0.0,2000.0,2000.0,2920.0,1916.3873710901087,1003.6126289098913
2025,12,4,Kotido,Jie,Kotido,3.0,34.11,cereals and tubers,Cassava flour,KG,2000.0,2063.0,-63.0,-0.0305380513814832,2021.0,1975.1666666666667,2015.0,1982.1514775504288,32.84852244957119
2025,12,4,Abim,Labwor,Makaratin,2.71,33.64,cereals and tubers,Cassava flour,KG,500.0,675.0,-175.0,-0.2592592592592592,583.3333333333334,695.8333333333334,478.0,573.6914078532818,-95.69140785328182
2025,12,4,Moroto,Moroto Municipality,Moroto,2.53,34.65,oil and fats,Oil (vegetable),L,7067.0,7133.0,-66.0,-0.0092527688209729,7122.333333333333,7158.5,7058.0,7137.244556749271,-79.2445567492714
2025,12,4,Hoima,Buhaguzi,Kyangwali (refugee settlement),1.16,30.75,cereals and tubers,Cassava (fresh),KG,859.0,1364.0,-505.0,-0.3702346041055718,1018.6666666666666,786.1666666666666,901.0,929.3165597028826,-28.316559702882614
2025,12,4,Lamwo,Lamwo,Palabek (refugee settlement),3.34,32.47,"meat, fish and eggs",Fish (dry),KG,21621.0,29750.0,-8129.0,-0.2732436974789916,22901.666666666668,19486.83333333333,21744.0,25010.6,-3266.5999999999985
2025,12,4,Kiryandongo,Kibanda,Kiryandongo (refugee settlement),1.94,32.21,oil and fats,Oil (vegetable),L,7500.0,7400.0,100.0,0.0135135135135135,7551.0,7532.333333333333,7029.0,7465.777734026156,-436.7777340261564
2025,12,4,Mbarara,Mbarara Municipality,Mbarara,-0.61,30.65,cereals and tubers,Cassava flour,KG,1933.0,2000.0,-67.0,-0.0335,1977.6666666666667,1988.8333333333333,1985.0,1931.4282096234083,53.57179037659171
2025,12,4,Arua,Arua Municipality,Arua,3.02,30.91,oil and fats,Oil (vegetable),L,6167.0,6000.0,167.0,0.0278333333333333,6222.333333333333,6527.833333333333,7000.0,6218.9111,781.0888999999997
2025,12,4,Lamwo,Lamwo,Palabek (refugee settlement),3.34,32.47,cereals and tubers,Maize flour,KG,3083.0,2500.0,583.0,0.2332,2777.6666666666665,2999.0,2752.0,2964.313799911866,-212.31379991186623
2025,12,4,Nakapiripirit,Pian,Nabilatuk,2.05,34.57,oil and fats,Oil (vegetable),L,7000.0,7000.0,0.0,0.0,7000.0,7361.166666666667,6975.0,7009.145703114103,-34.145703114102616
2025,12,4,Jinja,Jinja Municipality,Jinja,0.42,33.2,oil and fats,Oil (vegetable),L,7475.0,7500.0,-25.0,-0.0033333333333333,7491.666666666667,7445.833333333333,10000.0,7476.5660245908,2523.4339754092
2025,12,4,Arua,Terego,Imvepi (refugee settlement),3.23,31.28,cereals and tubers,Millet flour,KG,4528.0,4667.0,-139.0,-0.0297835868866509,4546.333333333333,4669.666666666667,4285.0,4301.071277978638,-16.071277978638136
2025,12,4,Lamwo,Lamwo,Palabek (refugee settlement),3.34,32.47,cereals and tubers,Millet flour,KG,3417.0,3500.0,-83.0,-0.0237142857142857,3555.6666666666665,3803.5,3555.0,3349.855858890669,205.14414110933103
2025,12,4,Isingiro,Bukanga,Nakivale (refugee settlement),-0.78,30.96,cereals and tubers,Sorghum,KG,1767.0,1667.0,100.0,0.05998800239952,1773.0,1749.6666666666667,1674.0,1780.7268544139285,-106.72685441392855
2025,12,4,Gulu,Gulu Municipality,Gulu,2.77,32.31,oil and fats,Oil (vegetable),L,8214.0,8000.0,214.0,0.02675,8071.333333333333,7873.166666666667,10000.0,7913.520750499485,2086.479249500515
2025,12,4,Hoima,Buhaguzi,Kyangwali (refugee settlement),1.16,30.75,cereals and tubers,Sorghum,KG,2844.0,2971.0,-127.0,-0.0427465499831706,3008.333333333333,2812.6666666666665,2571.0,2956.621127756706,-385.62112775670585
2025,12,4,Kaabong,Dodoth,Karenga,3.57,33.7,oil and fats,Oil (vegetable),L,8000.0,7907.0,93.0,0.0117617301125584,7969.0,7984.5,8020.0,7968.996234003857,51.00376599614265
2025,12,4,Moyo,Obongi,Palorinya (refugee settlement),3.47,31.63,milk and dairy,Milk (fresh),L,2000.0,2000.0,0.0,0.0,2000.0,2000.0,2113.0,1988.8376039503578,124.16239604964221
2025,12,4,Hoima,Buhaguzi,Kyangwali (refugee settlement),1.16,30.75,milk and dairy,Milk (fresh),L,1940.0,2000.0,-60.0,-0.03,1980.0,2160.0,2001.0,1933.2240601028398,67.77593989716024
2025,12,4,Yumbe,Aringa,Bidibidi (refugee settlement),3.36,31.35,pulses and nuts,Beans,KG,4205.0,4138.0,67.0,0.0161913968100531,4093.6666666666665,4251.166666666667,4610.0,4241.6651427401175,368.3348572598825
2025,12,4,Arua,Terego,Rhino Camp (refugee settlement),3.17,31.31,milk and dairy,Milk (fresh),L,2000.0,2000.0,0.0,0.0,2000.0,2333.333333333333,2000.0,2113.809267736141,-113.80926773614101
2025,12,4,Kaabong,Dodoth,Karenga,3.57,33.7,cereals and tubers,Cassava flour,KG,1800.0,1893.0,-93.0,-0.0491283676703645,1758.6666666666667,1657.8333333333333,1779.0,1803.3786640300075,-24.378664030007485
2025,12,4,Arua,Arua Municipality,Arua,3.02,30.91,cereals and tubers,Sorghum,KG,2133.0,2600.0,-467.0,-0.1796153846153846,2494.333333333333,2413.833333333333,2483.0,2414.889899255295,68.11010074470505
2025,12,4,Moyo,Obongi,Palorinya (refugee settlement),3.47,31.63,pulses and nuts,Beans,KG,3303.0,3210.0,93.0,0.0289719626168224,3154.333333333333,3478.1666666666665,3408.0,3479.851977486984,-71.8519774869842
2025,12,4,Kamwenge,Kibale,Rwamwanja (refugee settlement),0.31,30.68,oil and fats,Oil (vegetable),L,9000.0,9952.0,-952.0,-0.0956591639871382,9972.0,9976.666666666666,8747.0,8952.087659574468,-205.0876595744685
2025,12,4,Yumbe,Aringa,Bidibidi (refugee settlement),3.36,31.35,milk and dairy,Milk (fresh),L,2021.0,2000.0,21.0,0.0105,2028.0,1963.0,2407.0,2085.0662162059707,321.9337837940293
2025,12,4,Moyo,Obongi,Palorinya (refugee settlement),3.47,31.63,cereals and tubers,Millet flour,KG,5750.0,5250.0,500.0,0.0952380952380952,5666.666666666667,5833.333333333333,4894.0,4872.366733333333,21.633266666666714
2025,12,4,Arua,Arua Municipality,Arua,3.02,30.91,cereals and tubers,Cassava flour,KG,1467.0,1400.0,67.0,0.0478571428571428,1389.0,1227.8333333333333,1383.0,1346.4364027807903,36.56359721920967
2025,12,4,Arua,Terego,Imvepi (refugee settlement),3.23,31.28,cereals and tubers,Sorghum,KG,1367.0,1858.0,-491.0,-0.2642626480086114,1669.3333333333333,1673.6666666666667,1426.0,1478.2476376717873,-52.24763767178729
2025,12,4,Moroto,Moroto Municipality,Moroto,2.53,34.65,cereals and tubers,Cassava flour,KG,1607.0,1593.0,14.0,0.0087884494664155,1670.3333333333333,1920.6666666666667,1594.0,1595.9247208062113,-1.924720806211326
2025,12,4,Arua,Terego,Rhino Camp (refugee settlement),3.17,31.31,cereals and tubers,Sorghum,KG,2249.0,2000.0,249.0,0.1245,2216.333333333333,2352.333333333333,1815.0,2332.178793832828,-517.178793832828
2025,12,4,Isingiro,Bukanga,Oruchinga (refugee settlement),-0.94,30.76,cereals and tubers,Millet flour,KG,4750.0,4500.0,250.0,0.0555555555555555,4625.0,4295.666666666667,4446.0,4302.443776092142,143.5562239078581
2025,12,4,Nakapiripirit,Pian,Nabilatuk,2.05,34.57,pulses and nuts,Beans,KG,3383.0,3444.0,-61.0,-0.017711962833914,3290.333333333333,3367.333333333333,3358.0,3431.435628903342,-73.43562890334215
2025,12,4,Moyo,Obongi,Palorinya (refugee settlement),3.47,31.63,miscellaneous food,Salt,KG,1983.0,2000.0,-17.0,-0.0085,1977.6666666666667,1983.6666666666667,1992.0,2028.6640096821743,-36.66400968217431
2025,12,4,Arua,Terego,Imvepi (refugee settlement),3.23,31.28,"meat, fish and eggs",Fish (dry),KG,28385.0,29167.0,-782.0,-0.0268111221586039,25850.666666666668,26597.5,28084.0,26698.4,1385.5999999999985
2025,12,4,Adjumani,Adjumani,Adjumani (refugee settlement),3.34,31.78,miscellaneous food,Salt,KG,2000.0,2000.0,0.0,0.0,2000.0,2000.0,2037.0,1970.7447496527689,66.25525034723114
2025,12,4,Adjumani,Adjumani,Adjumani (refugee settlement),3.34,31.78,cereals and tubers,Maize flour,KG,2222.0,2283.0,-61.0,-0.0267192290845378,2343.333333333333,2384.1666666666665,1938.0,2237.6821213301873,-299.68212133018733
2025,12,4,Kyegegwa,Kyaka,Kyaka II (refugee settlement),0.36,31.09,vegetables and fruits,Leafy vegetables,KG,1371.0,1587.0,-216.0,-0.1361058601134215,1491.0,1423.1666666666667,1779.0,1493.1629781912782,285.83702180872183
2025,12,4,Hoima,Buhaguzi,Kyangwali (refugee settlement),1.16,30.75,vegetables and fruits,Leafy vegetables,KG,3352.0,5000.0,-1648.0,-0.3296,3895.0,3184.833333333333,3571.0,3119.9925630624225,451.0074369375775
2025,12,4,Adjumani,Adjumani,Adjumani (refugee settlement),3.34,31.78,cereals and tubers,Maize (white),KG,1637.0,1367.0,270.0,0.1975128017556693,1430.6666666666667,1669.0,1601.0,1779.0733828357882,-178.07338283578815
2025,12,4,Adjumani,Adjumani,Adjumani (refugee settlement),3.34,31.78,pulses and nuts,Beans,KG,2969.0,2967.0,2.0,0.0006740815638692,2968.333333333333,2980.6666666666665,3085.0,2820.0513371159036,264.9486628840964
2025,12,4,Kiryandongo,Kibanda,Kiryandongo (refugee settlement),1.94,32.21,vegetables and fruits,Leafy vegetables,KG,4056.0,4000.0,56.0,0.014,3555.6666666666665,3987.1666666666665,4192.0,3712.8608204764337,479.1391795235663
2025,12,4,Lamwo,Lamwo,Palabek (refugee settlement),3.34,32.47,vegetables and fruits,Leafy vegetables,KG,2430.0,2738.0,-308.0,-0.112490869247626,2833.6666666666665,2114.5,2946.0,2228.130975035071,717.8690249649289
2025,12,4,Isingiro,Bukanga,Oruchinga (refugee settlement),-0.94,30.76,cereals and tubers,Maize flour,KG,2450.0,2500.0,-50.0,-0.02,2441.6666666666665,2266.6666666666665,2312.0,2274.9564917353277,37.043508264672255
2025,12,4,Yumbe,Aringa,Bidibidi (refugee settlement),3.36,31.35,oil and fats,Oil (vegetable),L,7023.0,7113.0,-90.0,-0.012652889076339,7128.666666666667,7110.666666666667,7326.0,7486.005847948392,-160.00584794839233
2025,12,4,Kyegegwa,Kyaka,Kyaka II (refugee settlement),0.36,31.09,oil and fats,Oil (vegetable),L,8000.0,8000.0,0.0,0.0,8000.0,7917.5,7299.0,7976.214531274616,-677.2145312746161
2025,12,4,Isingiro,Bukanga,Nakivale (refugee settlement),-0.78,30.96,miscellaneous food,Salt,KG,1600.0,1600.0,0.0,0.0,1600.0,1883.0,2172.0,1698.9726083262108,473.0273916737892
2025,12,4,Arua,Terego,Rhino Camp (refugee settlement),3.17,31.31,pulses and nuts,Beans,KG,3281.0,4000.0,-719.0,-0.17975,3360.333333333333,3479.833333333333,2757.0,3556.870293270127,-799.8702932701271
2025,12,4,Kaabong,Dodoth,Karenga,3.57,33.7,pulses and nuts,Beans,KG,3690.0,3393.0,297.0,0.0875331564986737,3577.6666666666665,3693.6666666666665,3686.0,3558.5948846579804,127.4051153420196
2025,12,4,Hoima,Buhaguzi,Kyangwali (refugee settlement),1.16,30.75,pulses and nuts,Beans,KG,2296.0,2243.0,53.0,0.0236290682122157,2263.0,2697.5,2429.0,2520.828936264933,-91.82893626493296
2025,12,4,Mbarara,Mbarara Municipality,Mbarara,-0.61,30.65,pulses and nuts,Beans,KG,3411.0,3500.0,-89.0,-0.0254285714285714,3637.0,3707.3333333333335,3078.0,3319.3346392974863,-241.33463929748632
2025,12,4,Kamwenge,Kibale,Rwamwanja (refugee settlement),0.31,30.68,cereals and tubers,Maize (white),KG,1828.0,1376.0,452.0,0.3284883720930232,1452.6666666666667,1358.5,868.0,1645.915034777442,-777.9150347774421
2025,12,4,Yumbe,Aringa,Bidibidi (refugee settlement),3.36,31.35,cereals and tubers,Cassava (fresh),KG,640.0,651.0,-11.0,-0.0168970814132104,640.3333333333334,673.1666666666666,816.0,777.8351587531246,38.164841246875426
2025,12,4,Hoima,Buhaguzi,Kyangwali (refugee settlement),1.16,30.75,cereals and tubers,Maize flour,KG,2914.0,2557.0,357.0,0.1396167383652718,2857.0,2942.6666666666665,2845.0,2940.101214900226,-95.10121490022584
2025,12,4,Kamwenge,Kibale,Rwamwanja (refugee settlement),0.31,30.68,cereals and tubers,Maize flour,KG,2750.0,2810.0,-60.0,-0.0213523131672597,2853.333333333333,2907.333333333333,2400.0,2487.795058008113,-87.79505800811285
2025,12,4,Lamwo,Lamwo,Palabek (refugee settlement),3.34,32.47,oil and fats,Oil (vegetable),L,8000.0,8000.0,0.0,0.0,8000.0,7916.0,7423.0,7992.847686467489,-569.8476864674894
2025,12,4,Adjumani,Adjumani,Adjumani (refugee settlement),3.34,31.78,"meat, fish and eggs",Fish (dry),KG,23516.0,25000.0,-1484.0,-0.05936,24944.0,22621.666666666668,21437.0,26758.756666666668,-5321.756666666668
2025,12,4,Arua,Terego,Rhino Camp (refugee settlement),3.17,31.31,cereals and tubers,Millet flour,KG,4907.0,5000.0,-93.0,-0.0186,4935.666666666667,4885.0,4621.0,4250.262123709624,370.73787629037633
2025,12,4,Kyegegwa,Kyaka,Kyaka II (refugee settlement),0.36,31.09,cereals and tubers,Maize (white),KG,1235.0,1192.0,43.0,0.0360738255033557,1204.6666666666667,1340.3333333333333,726.0,1159.5273821359583,-433.5273821359583
2025,12,4,Moyo,Obongi,Palorinya (refugee settlement),3.47,31.63,oil and fats,Oil (vegetable),L,6707.0,6820.0,-113.0,-0.0165689149560117,6775.666666666667,6901.833333333333,7094.0,6846.298262580658,247.70173741934195
2025,12,4,Arua,Terego,Imvepi (refugee settlement),3.23,31.28,pulses and nuts,Beans,KG,4056.0,3688.0,368.0,0.0997830802603036,3762.6666666666665,3927.3333333333335,4233.0,3803.6049586959793,429.39504130402065
2025,12,4,Arua,Terego,Rhino Camp (refugee settlement),3.17,31.31,cereals and tubers,Maize (white),KG,1785.0,1800.0,-15.0,-0.0083333333333333,1961.6666666666667,1949.5,1907.0,1813.9027738005075,93.09722619949252
2025,12,4,Kaabong,Dodoth,Karenga,3.57,33.7,cereals and tubers,Maize (white),KG,990.0,936.0,54.0,0.0576923076923076,1211.3333333333333,1474.5,985.0,1150.3542446758368,-165.35424467583675
2025,12,4,Abim,Labwor,Makaratin,2.71,33.64,cereals and tubers,Millet,KG,2240.0,2238.0,2.0,0.000893655049151,2380.333333333333,2561.833333333333,2286.0,2377.566701711333,-91.56670171133283
2025,12,4,Yumbe,Aringa,Bidibidi (refugee settlement),3.36,31.35,cereals and tubers,Maize (white),KG,1514.0,1683.0,-169.0,-0.1004159239453357,1566.6666666666667,1599.1666666666667,1622.0,1562.350170208631,59.64982979136903
2025,12,4,Arua,Terego,Rhino Camp (refugee settlement),3.17,31.31,cereals and tubers,Maize flour,KG,3001.0,3000.0,1.0,0.0003333333333333,2744.6666666666665,2918.833333333333,2705.0,2863.273531393743,-158.27353139374281
2025,12,4,Kotido,Jie,Kotido,3.0,34.11,cereals and tubers,Millet,KG,1790.0,1875.0,-85.0,-0.0453333333333333,1768.3333333333333,2210.5,1805.0,2002.9152438633382,-197.91524386333822
2025,12,4,Kaabong,Dodoth,Kaabong,3.54,34.12,pulses and nuts,Beans,KG,3000.0,2713.0,287.0,0.1057869517139697,3031.0,3544.6666666666665,2957.0,3056.0962395728634,-99.0962395728634
2025,12,4,Kabarole,Fort Portal Municipality,Fort Portal,0.66,30.28,oil and fats,Oil (vegetable),L,8750.0,8250.0,500.0,0.0606060606060606,8333.333333333334,8166.666666666667,10000.0,8376.334232142857,1623.6657678571428
2025,12,4,Arua,Terego,Imvepi (refugee settlement),3.23,31.28,cereals and tubers,Maize (white),KG,1503.0,1925.0,-422.0,-0.2192207792207792,1690.0,1753.3333333333333,1655.0,1584.8774027488187,70.12259725118133
2025,12,4,Gulu,Gulu Municipality,Gulu,2.77,32.31,cereals and tubers,Sorghum,KG,1971.0,3000.0,-1029.0,-0.343,2510.333333333333,2193.0,2107.0,2149.629120465302,-42.629120465302094
2025,12,4,Lamwo,Lamwo,Palabek (refugee settlement),3.34,32.47,miscellaneous food,Salt,KG,1850.0,1733.0,117.0,0.0675129832660127,1816.6666666666667,1900.3333333333333,1734.0,1851.639379356277,-117.639379356277
2025,12,4,Arua,Terego,Imvepi (refugee settlement),3.23,31.28,miscellaneous food,Salt,KG,1756.0,1826.0,-70.0,-0.0383351588170865,1727.3333333333333,1770.0,1914.0,1786.1652743309655,127.83472566903447
2025,12,4,Lamwo,Lamwo,Palabek (refugee settlement),3.34,32.47,cereals and tubers,Maize (white),KG,1206.0,1000.0,206.0,0.206,1107.6666666666667,1347.0,1051.0,1221.0176056838102,-170.0176056838102
2025,12,4,Isingiro,Bukanga,Oruchinga (refugee settlement),-0.94,30.76,miscellaneous food,Salt,KG,1800.0,1600.0,200.0,0.125,1666.6666666666667,1555.3333333333333,1908.0,1836.16666097002,71.83333902997992
2025,12,4,Isingiro,Bukanga,Nakivale (refugee settlement),-0.78,30.96,pulses and nuts,Beans,KG,1100.0,1467.0,-367.0,-0.2501704158145876,1601.6666666666667,2193.333333333333,1134.0,2289.8700917869423,-1155.8700917869423
2025,12,4,Koboko,Koboko,Lobule (refugee settlement),3.39,31.03,miscellaneous food,Salt,KG,2000.0,2000.0,0.0,0.0,2000.0,1902.6666666666667,2301.0,1931.0030995059005,369.99690049409946
2025,12,4,Arua,Terego,Imvepi (refugee settlement),3.23,31.28,cereals and tubers,Maize flour,KG,2667.0,2842.0,-175.0,-0.0615763546798029,2743.6666666666665,2841.1666666666665,2769.0,2478.4297453376435,290.57025466235655
2025,12,4,Kamwenge,Kibale,Rwamwanja (refugee settlement),0.31,30.68,vegetables and fruits,Leafy vegetables,KG,2265.0,3333.0,-1068.0,-0.3204320432043204,2818.333333333333,2334.833333333333,3425.0,2449.6271780039756,975.3728219960244
2025,12,4,Moyo,Obongi,Palorinya (refugee settlement),3.47,31.63,cereals and tubers,Maize (white),KG,972.0,1140.0,-168.0,-0.1473684210526315,962.3333333333334,1216.5,961.0,1065.0809541147325,-104.08095411473255
2025,12,4,Arua,Terego,Rhino Camp (refugee settlement),3.17,31.31,miscellaneous food,Salt,KG,2014.0,2000.0,14.0,0.007,2031.3333333333333,1940.5,2134.0,1971.0738168847654,162.9261831152346
2025,12,4,Gulu,Gulu Municipality,Gulu,2.77,32.31,pulses and nuts,Beans,KG,5000.0,5250.0,-250.0,-0.0476190476190476,5050.0,4668.0,3797.0,4503.196939655172,-706.1969396551722
2025,12,4,Kiryandongo,Kibanda,Kiryandongo (refugee settlement),1.94,32.21,miscellaneous food,Salt,KG,1400.0,1400.0,0.0,0.0,1400.0,1410.6666666666667,1569.0,1444.6772979820626,124.32270201793744
2025,12,4,Arua,Terego,Rhino Camp (refugee settlement),3.17,31.31,"meat, fish and eggs",Fish (dry),KG,23915.0,25000.0,-1085.0,-0.0434,25219.666666666668,21822.0,22665.0,24549.77,-1884.7700000000004
2025,12,4,Kamwenge,Kibale,Rwamwanja (refugee settlement),0.31,30.68,miscellaneous food,Salt,KG,1822.0,1810.0,12.0,0.0066298342541436,1748.6666666666667,1843.3333333333333,1784.0,1843.4100510692952,-59.41005106929515
2025,12,4,Hoima,Buhaguzi,Kyangwali (refugee settlement),1.16,30.75,miscellaneous food,Salt,KG,1842.0,1943.0,-101.0,-0.0519814719505918,1928.3333333333333,1894.6666666666667,1890.0,1828.6707793316443,61.329220668355674
2025,12,4,Yumbe,Aringa,Bidibidi (refugee settlement),3.36,31.35,miscellaneous food,Salt,KG,2000.0,2000.0,0.0,0.0,2000.0,1943.6666666666667,1979.0,1967.0759871581772,11.924012841822787
2025,12,4,Isingiro,Bukanga,Nakivale (refugee settlement),-0.78,30.96,vegetables and fruits,Leafy vegetables,KG,1470.0,1255.0,215.0,0.1713147410358565,1617.6666666666667,1507.1666666666667,1326.0,1622.5238507529536,-296.52385075295365
2025,12,4,Koboko,Koboko,Lobule (refugee settlement),3.39,31.03,cereals and tubers,Maize (white),KG,1728.0,1763.0,-35.0,-0.0198525241066364,1666.3333333333333,1458.6666666666667,1560.0,1740.7624059463885,-180.76240594638853
2025,12,4,Kyegegwa,Kyaka,Kyaka II (refugee settlement),0.36,31.09,miscellaneous food,Salt,KG,1600.0,1600.0,0.0,0.0,1600.0,1658.5,1503.0,1618.2329846767118,-115.2329846767118
2025,12,4,Isingiro,Bukanga,Oruchinga (refugee settlement),-0.94,30.76,vegetables and fruits,Leafy vegetables,KG,1445.0,1667.0,-222.0,-0.1331733653269346,1593.0,1542.5,2189.0,1665.0380752445722,523.9619247554278
2025,12,4,Isingiro,Bukanga,Nakivale (refugee settlement),-0.78,30.96,cereals and tubers,Maize flour,KG,2400.0,2367.0,33.0,0.0139416983523447,2353.0,2194.0,2406.0,2217.803157950831,188.19684204916894
2025,12,4,Koboko,Koboko,Lobule (refugee settlement),3.39,31.03,vegetables and fruits,Leafy vegetables,KG,1866.0,1120.0,746.0,0.6660714285714285,1377.3333333333333,1756.5,2030.0,1531.5784649329084,498.42153506709155
2025,12,4,Masaka,Masaka Municipality,Masaka,-0.35,31.74,cereals and tubers,Maize flour,KG,2875.0,3000.0,-125.0,-0.0416666666666666,2897.333333333333,2932.0,2500.0,2723.52920172761,-223.52920172761014
2025,12,4,Moyo,Obongi,Palorinya (refugee settlement),3.47,31.63,vegetables and fruits,Leafy vegetables,KG,1244.0,2000.0,-756.0,-0.378,1450.6666666666667,1323.3333333333333,1754.0,1436.2979168154925,317.7020831845075
2025,12,4,Isingiro,Bukanga,Nakivale (refugee settlement),-0.78,30.96,cereals and tubers,Maize (white),KG,1267.0,1300.0,-33.0,-0.0253846153846153,1399.3333333333333,1363.0,797.0,1324.7222086188576,-527.7222086188576
2025,12,4,Nakapiripirit,Pian,Nabilatuk,2.05,34.57,cereals and tubers,Maize (white),KG,1071.0,1032.0,39.0,0.0377906976744186,1039.6666666666667,1177.0,1042.0,1035.4857307970472,6.514269202952846
2025,12,4,Hoima,Buhaguzi,Kyangwali (refugee settlement),1.16,30.75,cereals and tubers,Maize (white),KG,989.0,886.0,103.0,0.1162528216704289,927.3333333333334,1109.3333333333333,575.0,1061.1131122857892,-486.11311228578916
2025,12,4,Kotido,Jie,Kotido,3.0,34.11,pulses and nuts,Beans,KG,3000.0,3000.0,0.0,0.0,3000.0,3087.5,2997.0,2944.384774347749,52.615225652250956
2025,12,4,Kiryandongo,Kibanda,Kiryandongo (refugee settlement),1.94,32.21,cereals and tubers,Maize (white),KG,1517.0,1325.0,192.0,0.1449056603773585,1360.6666666666667,1357.0,1493.0,1377.5915254485333,115.40847455146672
2025,12,4,Kaabong,Dodoth,Kaabong,3.54,34.12,cereals and tubers,Millet,KG,2460.0,2675.0,-215.0,-0.0803738317757009,2555.0,3017.6666666666665,3068.0,2515.854608069719,552.1453919302812
2026,1,1,Kamwenge,Kibale,Rwamwanja (refugee settlement),0.31,30.68,vegetables and fruits,Leafy vegetables,KG,3425.0,2265.0,1160.0,0.5121412803532008,3007.6666666666665,2644.0,1961.0,2723.282725117626,-762.2827251176259
2026,1,1,Arua,Terego,Rhino Camp (refugee settlement),3.17,31.31,cereals and tubers,Cassava (fresh),KG,536.0,699.0,-163.0,-0.2331902718168812,554.0,602.8333333333334,515.0,520.884990211638,-5.884990211637955
2026,1,1,Koboko,Koboko,Lobule (refugee settlement),3.39,31.03,milk and dairy,Milk (fresh),L,1931.0,2000.0,-69.0,-0.0345,1977.0,1970.0,1950.0,1897.075854893944,52.9241451060559
2026,1,1,Arua,Terego,Imvepi (refugee settlement),3.23,31.28,cereals and tubers,Maize (white),KG,1655.0,1503.0,152.0,0.1011310711909514,1694.3333333333333,1621.5,1798.0,1717.8559708958087,80.1440291041913
2026,1,1,Isingiro,Bukanga,Nakivale (refugee settlement),-0.78,30.96,cereals and tubers,Millet flour,KG,4638.0,5000.0,-362.0,-0.0724,4720.333333333333,4361.0,4752.0,4487.963582157523,264.036417842477
2026,1,1,Kampala,Central Kampala,Owino,0.32,32.57,pulses and nuts,Beans,KG,4486.0,4707.0,-221.0,-0.0469513490545995,4586.0,4501.333333333333,4497.0,4480.118490751072,16.881509248927614
2026,1,1,Moyo,Obongi,Palorinya (refugee settlement),3.47,31.63,"meat, fish and eggs",Fish (dry),KG,18199.0,16997.0,1202.0,0.0707183620638936,20065.33333333333,16447.666666666668,17922.0,19415.79,-1493.7900000000009
2026,1,1,Mbarara,Mbarara Municipality,Mbarara,-0.61,30.65,cereals and tubers,Cassava flour,KG,1985.0,1933.0,52.0,0.0269011898603207,1972.6666666666667,1986.3333333333333,1983.0,1945.9161140407941,37.08388595920587
2026,1,1,Arua,Terego,Imvepi (refugee settlement),3.23,31.28,pulses and nuts,Beans,KG,4233.0,4056.0,177.0,0.0436390532544378,3992.3333333333335,3853.8333333333335,3935.0,4189.508252771803,-254.5082527718032
2026,1,1,Yumbe,Aringa,Bidibidi (refugee settlement),3.36,31.35,oil and fats,Oil (vegetable),L,7326.0,7023.0,303.0,0.0431439555745407,7154.0,7108.833333333333,7176.0,7169.42507043063,6.574929569370397
2026,1,1,Koboko,Koboko,Lobule (refugee settlement),3.39,31.03,vegetables and fruits,Leafy vegetables,KG,2030.0,1866.0,164.0,0.0878885316184351,1672.0,1824.8333333333333,2640.0,1987.8891147970123,652.1108852029877
2026,1,1,Kabarole,Fort Portal Municipality,Fort Portal,0.66,30.28,cereals and tubers,Maize flour,KG,2657.0,3125.0,-468.0,-0.14976,2948.333333333333,2888.833333333333,3000.0,2647.351352979769,352.6486470202308
2026,1,1,Lamwo,Lamwo,Palabek (refugee settlement),3.34,32.47,cereals and tubers,Maize (white),KG,1051.0,1206.0,-155.0,-0.1285240464344942,1085.6666666666667,1188.8333333333333,1019.0,1082.036255172174,-63.036255172173924
2026,1,1,Arua,Terego,Rhino Camp (refugee settlement),3.17,31.31,miscellaneous food,Salt,KG,2134.0,2014.0,120.0,0.0595829195630585,2049.333333333333,1990.1666666666667,2081.0,2185.575048869588,-104.57504886958804
2026,1,1,Mbale,Mbale Municipality,Mbale,1.07,34.18,oil and fats,Oil (vegetable),L,11017.0,7750.0,3267.0,0.4215483870967741,8696.0,7864.833333333333,11017.0,10415.601540616246,601.398459383754
2026,1,1,Kiryandongo,Kibanda,Kiryandongo (refugee settlement),1.94,32.21,cereals and tubers,Sorghum,KG,2023.0,2167.0,-144.0,-0.0664513151822796,2132.6666666666665,2153.833333333333,2218.0,2040.1834079272032,177.81659207279677
2026,1,1,Arua,Terego,Imvepi (refugee settlement),3.23,31.28,milk and dairy,Milk (fresh),L,2920.0,2000.0,920.0,0.46,2306.6666666666665,2153.333333333333,2381.0,2892.5893623209627,-511.58936232096266
2026,1,1,Hoima,Buhaguzi,Kyangwali (refugee settlement),1.16,30.75,cereals and tubers,Cassava (fresh),KG,901.0,859.0,42.0,0.0488940628637951,1041.3333333333333,815.6666666666666,782.0,926.3757644955413,-144.37576449554126
2026,1,1,Moyo,Obongi,Palorinya (refugee settlement),3.47,31.63,miscellaneous food,Salt,KG,1992.0,1983.0,9.0,0.0045385779122541,1991.6666666666667,1987.5,1984.0,2642.2006614808065,-658.2006614808065
2026,1,1,Kiryandongo,Kibanda,Kiryandongo (refugee settlement),1.94,32.21,oil and fats,Oil (vegetable),L,7029.0,7500.0,-471.0,-0.0628,7309.666666666667,7453.833333333333,7269.0,7260.185238345383,8.814761654616632
2026,1,1,Adjumani,Adjumani,Adjumani (refugee settlement),3.34,31.78,oil and fats,Oil (vegetable),L,7755.0,7881.0,-126.0,-0.0159878188047202,7851.0,7867.5,7591.0,7806.473029226423,-215.47302922642302
2026,1,1,Lamwo,Lamwo,Palabek (refugee settlement),3.34,32.47,oil and fats,Oil (vegetable),L,7423.0,8000.0,-577.0,-0.072125,7807.666666666667,7819.833333333333,7635.0,7490.727795472612,144.27220452738766
2026,1,1,Isingiro,Bukanga,Nakivale (refugee settlement),-0.78,30.96,vegetables and fruits,Leafy vegetables,KG,1326.0,1470.0,-144.0,-0.0979591836734693,1350.3333333333333,1464.6666666666667,1628.0,1363.7606159689042,264.2393840310958
2026,1,1,Kamwenge,Kibale,Rwamwanja (refugee settlement),0.31,30.68,cereals and tubers,Sorghum,KG,2172.0,3180.0,-1008.0,-0.3169811320754717,2454.0,2146.333333333333,3357.0,2153.2860611627343,1203.7139388372657
2026,1,1,Kyegegwa,Kyaka,Kyaka II (refugee settlement),0.36,31.09,pulses and nuts,Beans,KG,2013.0,1642.0,371.0,0.2259439707673569,1856.6666666666667,2360.5,2273.0,2219.6426740006646,53.357325999335444
2026,1,1,Mbale,Mbale Municipality,Mbale,1.07,34.18,pulses and nuts,Beans,KG,3129.0,3500.0,-371.0,-0.106,3429.6666666666665,3473.1666666666665,3225.0,3265.491817976603,-40.491817976603215
2026,1,1,Kyegegwa,Kyaka,Kyaka II (refugee settlement),0.36,31.09,cereals and tubers,Millet flour,KG,4202.0,4339.0,-137.0,-0.0315740954136897,4287.333333333333,4338.166666666667,4111.0,4220.043255474598,-109.04325547459757
2026,1,1,Lamwo,Lamwo,Palabek (refugee settlement),3.34,32.47,"meat, fish and eggs",Fish (dry),KG,21744.0,21621.0,123.0,0.0056889135562647,24371.666666666668,20134.666666666668,24731.0,24308.3,422.7000000000007
2026,1,1,Yumbe,Aringa,Bidibidi (refugee settlement),3.36,31.35,cereals and tubers,Millet flour,KG,4539.0,4795.0,-256.0,-0.0533889468196037,4724.0,4778.833333333333,4809.0,4690.843689860837,118.156310139163
2026,1,1,Arua,Arua Municipality,Arua,3.02,30.91,cereals and tubers,Maize (white),KG,2186.0,1667.0,519.0,0.3113377324535093,1751.0,1633.8333333333333,2204.0,1984.3825787221203,219.61742127787966
2026,1,1,Adjumani,Adjumani,Adjumani (refugee settlement),3.34,31.78,cereals and tubers,Maize flour,KG,1938.0,2222.0,-284.0,-0.1278127812781278,2147.6666666666665,2235.0,2003.0,2059.3448892938236,-56.3448892938236
2026,1,1,Mbale,Mbale Municipality,Mbale,1.07,34.18,cereals and tubers,Cassava flour,KG,1651.0,1750.0,-99.0,-0.0565714285714285,1656.6666666666667,1582.0,1687.0,1624.9791942965053,62.020805703494716
2026,1,1,Kabarole,Fort Portal Municipality,Fort Portal,0.66,30.28,cereals and tubers,Cassava flour,KG,1500.0,1875.0,-375.0,-0.2,1791.6666666666667,1671.6666666666667,1500.0,1554.5165484081037,-54.516548408103745
2026,1,1,Kamwenge,Kibale,Rwamwanja (refugee settlement),0.31,30.68,oil and fats,Oil (vegetable),L,8747.0,9000.0,-253.0,-0.0281111111111111,9233.0,9562.666666666666,9157.0,8985.852240251574,171.14775974842632
2026,1,1,Gulu,Gulu Municipality,Gulu,2.77,32.31,cereals and tubers,Maize flour,KG,2432.0,2500.0,-68.0,-0.0272,2644.0,2822.0,2665.0,2410.943644336338,254.0563556636621
2026,1,1,Moyo,Obongi,Palorinya (refugee settlement),3.47,31.63,pulses and nuts,Beans,KG,3408.0,3303.0,105.0,0.0317892824704813,3307.0,3385.833333333333,3275.0,3553.426271897444,-278.42627189744417
2026,1,1,Isingiro,Bukanga,Nakivale (refugee settlement),-0.78,30.96,cereals and tubers,Maize flour,KG,2406.0,2400.0,6.0,0.0025,2391.0,2230.333333333333,2035.0,2383.7832557178135,-348.7832557178135
2026,1,1,Lamwo,Lamwo,Palabek (refugee settlement),3.34,32.47,milk and dairy,Milk (fresh),L,1976.0,2000.0,-24.0,-0.012,1992.0,1996.0,1944.0,1950.6927176666736,-6.692717666673616
2026,1,1,Arua,Arua Municipality,Arua,3.02,30.91,cereals and tubers,Sorghum,KG,2483.0,2133.0,350.0,0.164088138771683,2405.333333333333,2494.333333333333,2504.0,2185.072132387444,318.92786761255593
2026,1,1,Arua,Terego,Rhino Camp (refugee settlement),3.17,31.31,cereals and tubers,Sorghum,KG,1815.0,2249.0,-434.0,-0.192974655402401,2021.3333333333333,2218.5,1948.0,1924.972463937465,23.02753606253509
2026,1,1,Hoima,Buhaguzi,Kyangwali (refugee settlement),1.16,30.75,miscellaneous food,Salt,KG,1890.0,1842.0,48.0,0.0260586319218241,1891.6666666666667,1876.3333333333333,1810.0,1852.2338679890577,-42.23386798905767
2026,1,1,Koboko,Koboko,Lobule (refugee settlement),3.39,31.03,miscellaneous food,Salt,KG,2301.0,2000.0,301.0,0.1505,2100.333333333333,2001.3333333333333,2380.0,2323.8844063099623,56.11559369003771
2026,1,1,Hoima,Buhaguzi,Kyangwali (refugee settlement),1.16,30.75,milk and dairy,Milk (fresh),L,2001.0,1940.0,61.0,0.0314432989690721,1980.3333333333333,1960.1666666666667,2000.0,1960.5832783386647,39.41672166133526
2026,1,1,Isingiro,Bukanga,Oruchinga (refugee settlement),-0.94,30.76,vegetables and fruits,Leafy vegetables,KG,2189.0,1445.0,744.0,0.514878892733564,1767.0,1617.6666666666667,1898.0,1704.219676252603,193.780323747397
2026,1,1,Kampala,Central Kampala,Owino,0.32,32.57,cereals and tubers,Maize flour,KG,2648.0,2615.0,33.0,0.0126195028680688,2599.6666666666665,2383.1666666666665,2699.0,2519.647432522207,179.35256747779295
2026,1,1,Isingiro,Bukanga,Nakivale (refugee settlement),-0.78,30.96,miscellaneous food,Salt,KG,2172.0,1600.0,572.0,0.3575,1790.6666666666667,1977.1666666666667,1777.0,2108.9704768552965,-331.9704768552965
2026,1,1,Lamwo,Lamwo,Palabek (refugee settlement),3.34,32.47,cereals and tubers,Millet flour,KG,3555.0,3417.0,138.0,0.0403863037752414,3490.6666666666665,3646.0,2976.0,3549.490733724434,-573.490733724434
2026,1,1,Kiryandongo,Kibanda,Kiryandongo (refugee settlement),1.94,32.21,cereals and tubers,Millet flour,KG,4231.0,4667.0,-436.0,-0.093421898435826,4582.666666666667,4713.5,4482.0,4321.981258800241,160.01874119975855
2026,1,1,Yumbe,Aringa,Bidibidi (refugee settlement),3.36,31.35,pulses and nuts,Beans,KG,4610.0,4205.0,405.0,0.0963139120095124,4317.666666666667,4277.666666666667,4382.0,4382.823939742619,-0.823939742618677
2026,1,1,Koboko,Koboko,Lobule (refugee settlement),3.39,31.03,cereals and tubers,Maize (white),KG,1560.0,1728.0,-168.0,-0.0972222222222222,1683.6666666666667,1430.1666666666667,1177.0,1637.5656290745073,-460.56562907450734
2026,1,1,Moyo,Obongi,Palorinya (refugee settlement),3.47,31.63,milk and dairy,Milk (fresh),L,2113.0,2000.0,113.0,0.0565,2037.6666666666667,2018.8333333333333,2146.0,2194.7318783325236,-48.73187833252359
2026,1,1,Arua,Terego,Imvepi (refugee settlement),3.23,31.28,cereals and tubers,Maize flour,KG,2769.0,2667.0,102.0,0.0382452193475815,2759.333333333333,2752.0,2549.0,2700.8982055541433,-151.89820555414326
2026,1,1,Isingiro,Bukanga,Nakivale (refugee settlement),-0.78,30.96,cereals and tubers,Sorghum,KG,1674.0,1767.0,-93.0,-0.0526315789473684,1702.6666666666667,1734.8333333333333,1352.0,1643.9231804519095,-291.9231804519095
2026,1,1,Hoima,Buhaguzi,Kyangwali (refugee settlement),1.16,30.75,cereals and tubers,Sorghum,KG,2571.0,2844.0,-273.0,-0.0959915611814345,2795.333333333333,2741.1666666666665,3078.0,2436.250386660813,641.7496133391869
2026,1,1,Kyegegwa,Kyaka,Kyaka II (refugee settlement),0.36,31.09,miscellaneous food,Salt,KG,1503.0,1600.0,-97.0,-0.060625,1567.6666666666667,1648.0,1493.0,1519.3483228525279,-26.348322852527872
2026,1,1,Yumbe,Aringa,Bidibidi (refugee settlement),3.36,31.35,cereals and tubers,Maize flour,KG,3387.0,3000.0,387.0,0.129,3129.0,2919.833333333333,2874.0,3217.1057030174443,-343.1057030174443
2026,1,1,Kabarole,Fort Portal Municipality,Fort Portal,0.66,30.28,oil and fats,Oil (vegetable),L,10000.0,8750.0,1250.0,0.1428571428571428,9000.0,8500.0,10000.0,9718.749892704482,281.2501072955183
2026,1,1,Yumbe,Aringa,Bidibidi (refugee settlement),3.36,31.35,milk and dairy,Milk (fresh),L,2407.0,2021.0,386.0,0.1909945571499257,2142.6666666666665,2056.333333333333,2180.0,2382.7366382816163,-202.73663828161625
2026,1,1,Moyo,Obongi,Palorinya (refugee settlement),3.47,31.63,cereals and tubers,Millet flour,KG,4894.0,5750.0,-856.0,-0.1488695652173913,5298.0,5649.0,5499.0,5074.193366666666,424.8066333333336
2026,1,1,Moyo,Obongi,Palorinya (refugee settlement),3.47,31.63,cereals and tubers,Maize flour,KG,1999.0,1832.0,167.0,0.0911572052401746,2134.0,1887.8333333333333,1699.0,2233.1105029775013,-534.1105029775013
2026,1,1,Kyegegwa,Kyaka,Kyaka II (refugee settlement),0.36,31.09,cereals and tubers,Maize (white),KG,726.0,1235.0,-509.0,-0.4121457489878543,1051.0,1214.1666666666667,820.0,752.7519877878867,67.24801221211328
2026,1,1,Arua,Terego,Imvepi (refugee settlement),3.23,31.28,cereals and tubers,Cassava (fresh),KG,426.0,602.0,-176.0,-0.292358803986711,612.0,603.1666666666666,404.0,590.0429618611264,-186.0429618611264
2026,1,1,Isingiro,Bukanga,Nakivale (refugee settlement),-0.78,30.96,milk and dairy,Milk (fresh),L,1883.0,1911.0,-28.0,-0.0146520146520146,1864.6666666666667,1889.5,1810.0,1830.0720306072958,-20.0720306072958
2026,1,1,Lamwo,Lamwo,Palabek (refugee settlement),3.34,32.47,pulses and nuts,Beans,KG,2893.0,3333.0,-440.0,-0.132013201320132,3008.6666666666665,3302.5,3055.0,2867.5202924944247,187.47970750557533
2026,1,1,Mbarara,Mbarara Municipality,Mbarara,-0.61,30.65,cereals and tubers,Maize flour,KG,3000.0,3011.0,-11.0,-0.0036532713384257,3003.6666666666665,3001.833333333333,2932.0,3014.877035373886,-82.87703537388597
2026,1,1,Adjumani,Adjumani,Adjumani (refugee settlement),3.34,31.78,cereals and tubers,Sorghum,KG,1219.0,1502.0,-283.0,-0.1884154460719041,1507.0,1427.0,1230.0,1228.2317639027228,1.7682360972771676
2026,1,1,Yumbe,Aringa,Bidibidi (refugee settlement),3.36,31.35,"meat, fish and eggs",Fish (dry),KG,23550.0,25230.0,-1680.0,-0.0665873959571938,25470.33333333333,23312.0,27476.0,23980.584,3495.416000000001
2026,1,1,Moyo,Obongi,Palorinya (refugee settlement),3.47,31.63,oil and fats,Oil (vegetable),L,7094.0,6707.0,387.0,0.0577009094975398,6873.666666666667,6840.5,6844.0,7136.823518571836,-292.82351857183585
2026,1,1,Kamwenge,Kibale,Rwamwanja (refugee settlement),0.31,30.68,cereals and tubers,Maize (white),KG,868.0,1828.0,-960.0,-0.5251641137855579,1357.3333333333333,1298.0,989.0,1092.0118252968703,-103.01182529687026
2026,1,1,Lamwo,Lamwo,Palabek (refugee settlement),3.34,32.47,miscellaneous food,Salt,KG,1734.0,1850.0,-116.0,-0.0627027027027027,1772.3333333333333,1856.0,1906.0,1792.951938986519,113.04806101348095
2026,1,1,Kyegegwa,Kyaka,Kyaka II (refugee settlement),0.36,31.09,milk and dairy,Milk (fresh),L,2025.0,1856.0,169.0,0.0910560344827586,1857.6666666666667,1850.8333333333333,1872.0,2066.893439010848,-194.89343901084794
2026,1,1,Jinja,Jinja Municipality,Jinja,0.42,33.2,oil and fats,Oil (vegetable),L,10000.0,7475.0,2525.0,0.3377926421404682,8325.0,7912.5,10217.0,9508.731410130898,708.2685898691016
2026,1,1,Arua,Terego,Rhino Camp (refugee settlement),3.17,31.31,milk and dairy,Milk (fresh),L,2000.0,2000.0,0.0,0.0,2000.0,2333.333333333333,1984.0,2050.7710151884853,-66.77101518848531
2026,1,1,Kyegegwa,Kyaka,Kyaka II (refugee settlement),0.36,31.09,vegetables and fruits,Leafy vegetables,KG,1779.0,1371.0,408.0,0.2975929978118162,1579.0,1459.1666666666667,1632.0,1512.1840914754837,119.81590852451632
2026,1,1,Adjumani,Adjumani,Adjumani (refugee settlement),3.34,31.78,cereals and tubers,Maize (white),KG,1601.0,1637.0,-36.0,-0.0219914477703115,1535.0,1594.1666666666667,1557.0,1810.9881491480912,-253.98814914809122
2026,1,1,Adjumani,Adjumani,Adjumani (refugee settlement),3.34,31.78,pulses and nuts,Beans,KG,3085.0,2969.0,116.0,0.0390703940720781,3007.0,2981.0,3110.0,3039.2533763706747,70.74662362932531
2026,1,1,Arua,Terego,Imvepi (refugee settlement),3.23,31.28,cereals and tubers,Sorghum,KG,1426.0,1367.0,59.0,0.0431602048280907,1550.3333333333333,1628.6666666666667,1395.0,1491.3186433598844,-96.31864335988439
2026,1,1,Isingiro,Bukanga,Oruchinga (refugee settlement),-0.94,30.76,cereals and tubers,Maize flour,KG,2312.0,2450.0,-138.0,-0.0563265306122449,2420.6666666666665,2312.333333333333,2377.0,2265.07852671163,111.92147328837018
2026,1,1,Arua,Arua Municipality,Arua,3.02,30.91,cereals and tubers,Cassava flour,KG,1383.0,1467.0,-84.0,-0.0572597137014314,1416.6666666666667,1291.6666666666667,1348.0,1408.0745782174492,-60.07457821744924
2026,1,1,Arua,Terego,Imvepi (refugee settlement),3.23,31.28,cereals and tubers,Millet flour,KG,4285.0,4528.0,-243.0,-0.0536660777385159,4493.333333333333,4609.5,4026.0,4607.57781363375,-581.5778136337503
2026,1,1,Isingiro,Bukanga,Oruchinga (refugee settlement),-0.94,30.76,cereals and tubers,Sorghum,KG,2213.0,1800.0,413.0,0.2294444444444444,1937.6666666666667,2055.5,2271.0,2174.7409566491992,96.25904335080077
2026,1,1,Kabarole,Fort Portal Municipality,Fort Portal,0.66,30.28,pulses and nuts,Beans,KG,4160.0,4250.0,-90.0,-0.0211764705882352,4095.0,4297.5,4160.0,4256.759133485964,-96.75913348596441
2026,1,1,Masaka,Masaka Municipality,Masaka,-0.35,31.74,oil and fats,Oil (vegetable),L,8333.0,7250.0,1083.0,0.1493793103448276,7527.666666666667,7333.333333333333,8333.0,8027.214816666667,305.7851833333334
2026,1,1,Isingiro,Bukanga,Nakivale (refugee settlement),-0.78,30.96,cereals and tubers,Cassava (fresh),KG,527.0,513.0,14.0,0.0272904483430799,541.6666666666666,510.1666666666667,520.0,622.4508493465837,-102.45084934658371
2026,1,1,Yumbe,Aringa,Bidibidi (refugee settlement),3.36,31.35,miscellaneous food,Salt,KG,1979.0,2000.0,-21.0,-0.0105,1993.0,1966.0,1835.0,1952.35019967547,-117.3501996754701
2026,1,1,Mbarara,Mbarara Municipality,Mbarara,-0.61,30.65,oil and fats,Oil (vegetable),L,8000.0,8056.0,-56.0,-0.0069513406156901,8018.666666666667,8245.333333333334,8000.0,7992.023134571709,7.976865428290694
2026,1,1,Yumbe,Aringa,Bidibidi (refugee settlement),3.36,31.35,vegetables and fruits,Leafy vegetables,KG,1017.0,1072.0,-55.0,-0.0513059701492537,1068.0,1108.0,1278.0,1218.5231267720867,59.4768732279133
2026,1,1,Yumbe,Aringa,Bidibidi (refugee settlement),3.36,31.35,cereals and tubers,Sorghum,KG,1914.0,2045.0,-131.0,-0.0640586797066014,2019.6666666666667,1926.0,1799.0,1983.7697063615828,-184.76970636158285
2026,1,1,Koboko,Koboko,Lobule (refugee settlement),3.39,31.03,cereals and tubers,Cassava (fresh),KG,770.0,1023.0,-253.0,-0.2473118279569892,799.0,876.8333333333334,651.0,859.9225729145318,-208.92257291453177
2026,1,1,Kamwenge,Kibale,Rwamwanja (refugee settlement),0.31,30.68,"meat, fish and eggs",Fish (dry),KG,26884.0,27938.0,-1054.0,-0.0377263941584938,29385.0,25098.83333333333,26477.0,27345.88375,-868.8837500000009
2026,1,1,Kiryandongo,Kibanda,Kiryandongo (refugee settlement),1.94,32.21,vegetables and fruits,Leafy vegetables,KG,4192.0,4056.0,136.0,0.0335305719921104,4082.6666666666665,4069.1666666666665,3906.0,3968.1681532225007,-62.16815322250068
2026,1,1,Hoima,Buhaguzi,Kyangwali (refugee settlement),1.16,30.75,oil and fats,Oil (vegetable),L,7774.0,8014.0,-240.0,-0.0299475917144996,7929.333333333333,8305.166666666666,7862.0,7914.9848952273205,-52.98489522732052
2026,1,1,Hoima,Buhaguzi,Kyangwali (refugee settlement),1.16,30.75,vegetables and fruits,Leafy vegetables,KG,3571.0,3352.0,219.0,0.0653341288782816,3974.3333333333335,3163.333333333333,3393.0,3245.528274630057,147.47172536994321
2026,1,1,Adjumani,Adjumani,Adjumani (refugee settlement),3.34,31.78,miscellaneous food,Salt,KG,2037.0,2000.0,37.0,0.0185,2012.3333333333333,2006.1666666666667,2056.0,2038.0240687951955,17.97593120480451
2026,1,1,Kiryandongo,Kibanda,Kiryandongo (refugee settlement),1.94,32.21,cereals and tubers,Cassava (fresh),KG,825.0,847.0,-22.0,-0.0259740259740259,880.6666666666666,794.8333333333334,741.0,877.4004812342044,-136.40048123420445
2026,1,1,Isingiro,Bukanga,Oruchinga (refugee settlement),-0.94,30.76,oil and fats,Oil (vegetable),L,8675.0,8000.0,675.0,0.084375,8225.0,8081.5,8351.0,8193.856941475095,157.14305852490543
2026,1,1,Arua,Terego,Imvepi (refugee settlement),3.23,31.28,"meat, fish and eggs",Fish (dry),KG,28084.0,28385.0,-301.0,-0.0106041923551171,28545.33333333333,26919.5,28149.0,26630.87,1518.130000000001
2026,1,1,Hoima,Buhaguzi,Kyangwali (refugee settlement),1.16,30.75,cereals and tubers,Maize (white),KG,575.0,989.0,-414.0,-0.4186046511627907,816.6666666666666,905.1666666666666,509.0,664.0113115820131,-155.01131158201315
2026,1,1,Arua,Terego,Imvepi (refugee settlement),3.23,31.28,vegetables and fruits,Leafy vegetables,KG,2516.0,3083.0,-567.0,-0.1839117742458644,4199.666666666667,2754.5,2609.0,2379.7107107163088,229.28928928369123
2026,1,1,Kyegegwa,Kyaka,Kyaka II (refugee settlement),0.36,31.09,cereals and tubers,Sorghum,KG,1764.0,2339.0,-575.0,-0.2458315519452757,2184.0,2180.0,1848.0,1993.9525915323748,-145.95259153237475
2026,1,1,Kamwenge,Kibale,Rwamwanja (refugee settlement),0.31,30.68,cereals and tubers,Maize flour,KG,2400.0,2750.0,-350.0,-0.1272727272727272,2653.333333333333,2801.0,2387.0,2354.8602172975357,32.139782702464345
2026,1,1,Kampala,Central Kampala,Owino,0.32,32.57,oil and fats,Oil (vegetable),L,9934.0,12550.0,-2616.0,-0.2084462151394422,11552.333333333334,11873.333333333334,9916.0,10931.58,-1015.5799999999999
2026,1,1,Kampala,Central Kampala,Owino,0.32,32.57,cereals and tubers,Cassava flour,KG,1945.0,2092.0,-147.0,-0.0702676864244741,2022.0,1961.0,1959.0,1995.605086909941,-36.605086909941065
2026,1,1,Koboko,Koboko,Lobule (refugee settlement),3.39,31.03,oil and fats,Oil (vegetable),L,7727.0,7139.0,588.0,0.0823644768174814,7366.333333333333,7438.666666666667,6871.0,7657.205333333333,-786.2053333333333
2026,1,1,Arua,Terego,Rhino Camp (refugee settlement),3.17,31.31,cereals and tubers,Maize flour,KG,2705.0,3001.0,-296.0,-0.0986337887370876,2902.0,2811.333333333333,2618.0,2555.004880727769,62.99511927223102
2026,1,1,Kamwenge,Kibale,Rwamwanja (refugee settlement),0.31,30.68,pulses and nuts,Beans,KG,2413.0,2189.0,224.0,0.102329830973047,2304.0,2258.833333333333,2524.0,2480.7699557422825,43.23004425771751
2026,1,1,Yumbe,Aringa,Bidibidi (refugee settlement),3.36,31.35,cereals and tubers,Maize (white),KG,1622.0,1514.0,108.0,0.071334214002642,1606.3333333333333,1562.6666666666667,1382.0,1563.6430637447736,-181.6430637447736
2026,1,1,Kiryandongo,Kibanda,Kiryandongo (refugee settlement),1.94,32.21,milk and dairy,Milk (fresh),L,1691.0,1889.0,-198.0,-0.1048173636844891,1749.0,1874.5,1849.0,1735.0418225208716,113.95817747912838
2026,1,1,Arua,Terego,Rhino Camp (refugee settlement),3.17,31.31,cereals and tubers,Millet flour,KG,4621.0,4907.0,-286.0,-0.0582840839616873,4842.666666666667,4874.833333333333,4731.0,4634.885698092745,96.11430190725514
2026,1,1,Hoima,Buhaguzi,Kyangwali (refugee settlement),1.16,30.75,cereals and tubers,Maize flour,KG,2845.0,2914.0,-69.0,-0.0236787920384351,2772.0,2750.1666666666665,2595.0,2973.8398458633183,-378.83984586331826
2026,1,1,Gulu,Gulu Municipality,Gulu,2.77,32.31,cereals and tubers,Sorghum,KG,2107.0,1971.0,136.0,0.0690005073566717,2359.333333333333,2210.833333333333,1977.0,2068.427507936242,-91.42750793624191
2026,1,1,Isingiro,Bukanga,Oruchinga (refugee settlement),-0.94,30.76,milk and dairy,Milk (fresh),L,1772.0,1800.0,-28.0,-0.0155555555555555,1724.0,1811.6666666666667,1556.0,1989.7002943376608,-433.7002943376608
2026,1,1,Hoima,Buhaguzi,Kyangwali (refugee settlement),1.16,30.75,pulses and nuts,Beans,KG,2429.0,2296.0,133.0,0.0579268292682926,2322.6666666666665,2435.6666666666665,2109.0,2540.2735975049895,-431.27359750498954
2026,1,1,Koboko,Koboko,Lobule (refugee settlement),3.39,31.03,cereals and tubers,Millet flour,KG,4961.0,4778.0,183.0,0.0383005441607367,4829.666666666667,4693.333333333333,4641.0,4698.90454738396,-57.90454738395965
2026,1,1,Hoima,Buhaguzi,Kyangwali (refugee settlement),1.16,30.75,"meat, fish and eggs",Fish (dry),KG,21858.0,25254.0,-3396.0,-0.1344737467331908,22475.0,24923.33333333333,21422.0,24229.83,-2807.8300000000017
2026,1,1,Isingiro,Bukanga,Oruchinga (refugee settlement),-0.94,30.76,cereals and tubers,Millet flour,KG,4446.0,4750.0,-304.0,-0.064,4565.333333333333,4356.166666666667,3986.0,4458.141323415539,-472.14132341553886
2026,1,1,Moyo,Obongi,Palorinya (refugee settlement),3.47,31.63,vegetables and fruits,Leafy vegetables,KG,1754.0,1244.0,510.0,0.409967845659164,1666.0,1412.0,1912.0,1630.3129010961936,281.6870989038064
2026,1,1,Moyo,Obongi,Palorinya (refugee settlement),3.47,31.63,cereals and tubers,Sorghum,KG,1718.0,1750.0,-32.0,-0.0182857142857142,1822.6666666666667,1925.1666666666667,1635.0,1738.0628050906867,-103.06280509068665
2026,1,1,Isingiro,Bukanga,Nakivale (refugee settlement),-0.78,30.96,pulses and nuts,Beans,KG,1134.0,1100.0,34.0,0.0309090909090909,1233.6666666666667,1876.6666666666667,1141.0,1438.1408070351813,-297.1408070351813
2026,1,1,Moyo,Obongi,Palorinya (refugee settlement),3.47,31.63,cereals and tubers,Cassava (fresh),KG,1058.0,573.0,485.0,0.8464223385689355,686.0,674.0,525.0,800.7268885281384,-275.7268885281384
2026,1,1,Isingiro,Bukanga,Nakivale (refugee settlement),-0.78,30.96,oil and fats,Oil (vegetable),L,8764.0,7750.0,1014.0,0.1308387096774193,8060.333333333333,7860.166666666667,8219.0,8250.391283333332,-31.391283333332467
2026,1,1,Arua,Terego,Rhino Camp (refugee settlement),3.17,31.31,vegetables and fruits,Leafy vegetables,KG,2253.0,1787.0,466.0,0.2607722439843313,2013.3333333333333,1894.0,3546.0,2594.612971658902,951.3870283410979
2026,1,1,Adjumani,Adjumani,Adjumani (refugee settlement),3.34,31.78,cereals and tubers,Millet flour,KG,3952.0,4972.0,-1020.0,-0.2051488334674175,4641.333333333333,4796.5,4043.0,4203.6879414738105,-160.6879414738105
2026,1,1,Kiryandongo,Kibanda,Kiryandongo (refugee settlement),1.94,32.21,cereals and tubers,Maize flour,KG,2333.0,2450.0,-117.0,-0.0477551020408163,2405.333333333333,2484.1666666666665,2205.0,2300.350477491645,-95.35047749164505
2026,1,1,Kamwenge,Kibale,Rwamwanja (refugee settlement),0.31,30.68,miscellaneous food,Salt,KG,1784.0,1822.0,-38.0,-0.0208562019758507,1805.3333333333333,1863.6666666666667,1873.0,1846.453219427695,26.546780572304897
2026,1,1,Isingiro,Bukanga,Oruchinga (refugee settlement),-0.94,30.76,"meat, fish and eggs",Fish (dry),KG,16216.0,15067.0,1149.0,0.076259374792593,15427.666666666666,15068.5,16137.0,16235.19,-98.19000000000051
2026,1,1,Lamwo,Lamwo,Palabek (refugee settlement),3.34,32.47,cereals and tubers,Cassava (fresh),KG,424.0,538.0,-114.0,-0.2118959107806691,472.0,515.8333333333334,490.0,562.9399454277485,-72.93994542774851
2026,1,1,Isingiro,Bukanga,Nakivale (refugee settlement),-0.78,30.96,"meat, fish and eggs",Fish (dry),KG,17932.0,19119.0,-1187.0,-0.0620848370730686,18200.666666666668,19400.0,17375.0,21961.92,-4586.919999999998
2026,1,1,Arua,Terego,Rhino Camp (refugee settlement),3.17,31.31,"meat, fish and eggs",Fish (dry),KG,22665.0,23915.0,-1250.0,-0.0522684507631193,23860.0,20932.83333333333,24396.0,21838.08,2557.9199999999983
2026,1,1,Kamwenge,Kibale,Rwamwanja (refugee settlement),0.31,30.68,milk and dairy,Milk (fresh),L,1501.0,1500.0,1.0,0.0006666666666666,1500.3333333333333,1500.1666666666667,1496.0,1508.6520610546881,-12.652061054688147
2026,1,1,Kyegegwa,Kyaka,Kyaka II (refugee settlement),0.36,31.09,oil and fats,Oil (vegetable),L,7299.0,8000.0,-701.0,-0.087625,7766.333333333333,7800.666666666667,7509.0,7296.343818308412,212.65618169158824
2026,1,1,Gulu,Gulu Municipality,Gulu,2.77,32.31,pulses and nuts,Beans,KG,3797.0,5000.0,-1203.0,-0.2406,4682.333333333333,4580.0,3849.0,3909.215490046664,-60.215490046663945
2026,1,1,Isingiro,Bukanga,Nakivale (refugee settlement),-0.78,30.96,cereals and tubers,Maize (white),KG,797.0,1267.0,-470.0,-0.3709550118389897,1121.3333333333333,1262.6666666666667,951.0,945.610477809734,5.389522190266007
2026,1,1,Lamwo,Lamwo,Palabek (refugee settlement),3.34,32.47,cereals and tubers,Sorghum,KG,1210.0,1405.0,-195.0,-0.1387900355871886,1249.3333333333333,1369.3333333333333,1063.0,1224.2910310559705,-161.2910310559705
2026,1,1,Isingiro,Bukanga,Oruchinga (refugee settlement),-0.94,30.76,pulses and nuts,Beans,KG,1095.0,1000.0,95.0,0.095,1031.6666666666667,1584.1666666666667,668.0,1171.060466673732,-503.060466673732
2026,1,1,Kyegegwa,Kyaka,Kyaka II (refugee settlement),0.36,31.09,cereals and tubers,Cassava (fresh),KG,380.0,453.0,-73.0,-0.1611479028697571,410.0,420.8333333333333,327.0,455.9265861111112,-128.9265861111112
2026,1,1,Koboko,Koboko,Lobule (refugee settlement),3.39,31.03,cereals and tubers,Maize flour,KG,2526.0,3000.0,-474.0,-0.158,2842.0,2791.1666666666665,2755.0,2733.014078777364,21.98592122263608
2026,1,1,Yumbe,Aringa,Bidibidi (refugee settlement),3.36,31.35,cereals and tubers,Cassava (fresh),KG,816.0,640.0,176.0,0.275,702.3333333333334,678.0,677.0,826.2853543158234,-149.28535431582338
2026,1,1,Arua,Arua Municipality,Arua,3.02,30.91,cereals and tubers,Maize flour,KG,3000.0,3000.0,0.0,0.0,3033.333333333333,3183.333333333333,3000.0,3020.6465006714334,-20.646500671433387
2026,1,1,Kiryandongo,Kibanda,Kiryandongo (refugee settlement),1.94,32.21,"meat, fish and eggs",Fish (dry),KG,33682.0,27407.0,6275.0,0.2289561061042799,29807.33333333333,28329.666666666668,32443.0,30485.65,1957.3499999999985
2026,1,1,Gulu,Gulu Municipality,Gulu,2.77,32.31,oil and fats,Oil (vegetable),L,10000.0,8214.0,1786.0,0.2174336498660823,8738.0,8352.333333333334,10000.0,9426.551207045537,573.448792954463
2026,1,1,Mbarara,Mbarara Municipality,Mbarara,-0.61,30.65,pulses and nuts,Beans,KG,3078.0,3411.0,-333.0,-0.0976253298153034,3329.6666666666665,3637.0,3078.0,3031.7528323093907,46.24716769060933
2026,1,1,Isingiro,Bukanga,Oruchinga (refugee settlement),-0.94,30.76,cereals and tubers,Maize (white),KG,678.0,1500.0,-822.0,-0.548,1130.0,1288.3333333333333,771.0,925.5290892565198,-154.5290892565198
2026,1,1,Adjumani,Adjumani,Adjumani (refugee settlement),3.34,31.78,milk and dairy,Milk (fresh),L,1986.0,2000.0,-14.0,-0.007,1995.3333333333333,1997.6666666666667,1988.0,1953.4240241516557,34.57597584834434
2026,1,1,Jinja,Jinja Municipality,Jinja,0.42,33.2,pulses and nuts,Beans,KG,4343.0,3875.0,468.0,0.1207741935483871,4072.6666666666665,4069.6666666666665,4258.0,4331.479857904792,-73.47985790479197
2026,1,1,Koboko,Koboko,Lobule (refugee settlement),3.39,31.03,"meat, fish and eggs",Fish (dry),KG,22939.0,23657.0,-718.0,-0.0303504248214059,24868.33333333333,21872.666666666668,17198.0,23830.48,-6632.48
2026,1,1,Kiryandongo,Kibanda,Kiryandongo (refugee settlement),1.94,32.21,miscellaneous food,Salt,KG,1569.0,1400.0,169.0,0.1207142857142857,1456.3333333333333,1433.6666666666667,1708.0,1680.4633471248765,27.536652875123536
2026,1,1,Kyegegwa,Kyaka,Kyaka II (refugee settlement),0.36,31.09,cereals and tubers,Maize flour,KG,2575.0,2958.0,-383.0,-0.1294793779580798,2844.333333333333,2962.833333333333,2938.0,2495.47972747987,442.5202725201302
2026,1,1,Arua,Terego,Imvepi (refugee settlement),3.23,31.28,oil and fats,Oil (vegetable),L,6001.0,7083.0,-1082.0,-0.1527601298884653,6730.666666666667,7022.5,6299.0,6645.8170259740255,-346.81702597402546
2026,1,1,Arua,Arua Municipality,Arua,3.02,30.91,oil and fats,Oil (vegetable),L,7000.0,6167.0,833.0,0.1350737797956867,6389.0,6527.833333333333,7000.0,6764.060124814543,235.9398751854569
2026,1,1,Moyo,Obongi,Palorinya (refugee settlement),3.47,31.63,cereals and tubers,Maize (white),KG,961.0,972.0,-11.0,-0.0113168724279835,1024.3333333333333,1033.0,859.0,1005.0301011270238,-146.03010112702384
2026,1,1,Lamwo,Lamwo,Palabek (refugee settlement),3.34,32.47,cereals and tubers,Maize flour,KG,2752.0,3083.0,-331.0,-0.1073629581576386,2778.333333333333,2929.833333333333,3069.0,2534.491546945646,534.508453054354
2026,1,1,Jinja,Jinja Municipality,Jinja,0.42,33.2,cereals and tubers,Cassava flour,KG,1735.0,1500.0,235.0,0.1566666666666666,1591.0,1535.5,1741.0,1698.6264502656236,42.37354973437641
2026,1,1,Lamwo,Lamwo,Palabek (refugee settlement),3.34,32.47,vegetables and fruits,Leafy vegetables,KG,2946.0,2430.0,516.0,0.2123456790123457,2704.6666666666665,2345.0,3031.0,2738.303850023433,292.6961499765671
2026,1,1,Arua,Terego,Rhino Camp (refugee settlement),3.17,31.31,pulses and nuts,Beans,KG,2757.0,3281.0,-524.0,-0.1597074062785736,3346.0,3393.833333333333,3031.0,2926.0095370576473,104.99046294235268
2026,1,1,Arua,Terego,Imvepi (refugee settlement),3.23,31.28,miscellaneous food,Salt,KG,1914.0,1756.0,158.0,0.0899772209567198,1832.0,1800.1666666666667,1825.0,1927.537380535515,-102.53738053551501
2026,1,1,Arua,Terego,Rhino Camp (refugee settlement),3.17,31.31,cereals and tubers,Maize (white),KG,1907.0,1785.0,122.0,0.0683473389355742,1830.6666666666667,1790.0,1764.0,1903.8831566372987,-139.88315663729873
2026,1,1,Arua,Arua Municipality,Arua,3.02,30.91,pulses and nuts,Beans,KG,4459.0,3100.0,1359.0,0.4383870967741936,3519.6666666666665,3649.5,4404.0,4506.125642632524,-102.12564263252443
2026,1,1,Kiryandongo,Kibanda,Kiryandongo (refugee settlement),1.94,32.21,pulses and nuts,Beans,KG,3287.0,3083.0,204.0,0.0661693156016866,3040.0,3075.5,3213.0,3409.5926983624654,-196.5926983624654
2026,1,1,Isingiro,Bukanga,Oruchinga (refugee settlement),-0.94,30.76,miscellaneous food,Salt,KG,1908.0,1800.0,108.0,0.06,1769.3333333333333,1629.1666666666667,1725.0,1904.9986135244678,-179.99861352446783
2026,1,1,Kamwenge,Kibale,Rwamwanja (refugee settlement),0.31,30.68,cereals and tubers,Millet flour,KG,4088.0,4417.0,-329.0,-0.0744849445324881,4208.0,4363.666666666667,4040.0,4125.3741280913555,-85.37412809135549
2026,1,1,Adjumani,Adjumani,Adjumani (refugee settlement),3.34,31.78,"meat, fish and eggs",Fish (dry),KG,21437.0,23516.0,-2079.0,-0.0884078924987242,23317.666666666668,23218.33333333333,25592.0,23242.92,2349.0800000000017
2026,1,1,Gulu,Gulu Municipality,Gulu,2.77,32.31,cereals and tubers,Maize (white),KG,1654.0,1871.0,-217.0,-0.1159807589524318,1841.6666666666667,1703.0,1772.0,1690.1600874924106,81.83991250758936
2026,1,1,Koboko,Koboko,Lobule (refugee settlement),3.39,31.03,pulses and nuts,Beans,KG,3740.0,4222.0,-482.0,-0.1141639033633349,4043.0,3841.5,3806.0,3652.01928220635,153.98071779365
2026,1,1,Kiryandongo,Kibanda,Kiryandongo (refugee settlement),1.94,32.21,cereals and tubers,Maize (white),KG,1493.0,1517.0,-24.0,-0.015820698747528,1445.0,1343.0,1324.0,1383.548106000364,-59.54810600036399
2026,1,1,Kyegegwa,Kyaka,Kyaka II (refugee settlement),0.36,31.09,"meat, fish and eggs",Fish (dry),KG,39563.0,30474.0,9089.0,0.2982542495241845,33927.666666666664,31758.166666666668,33434.0,30840.85,2593.1500000000015
2026,1,1,Masaka,Masaka Municipality,Masaka,-0.35,31.74,cereals and tubers,Maize flour,KG,2500.0,2875.0,-375.0,-0.1304347826086956,2791.6666666666665,2865.333333333333,2565.0,2569.2404081951345,-4.240408195134478
2026,1,1,Arua,Terego,Rhino Camp (refugee settlement),3.17,31.31,oil and fats,Oil (vegetable),L,6870.0,7110.0,-240.0,-0.0337552742616033,6993.333333333333,7072.333333333333,6943.0,6835.21297283532,107.78702716467978
2026,1,1,Isingiro,Bukanga,Oruchinga (refugee settlement),-0.94,30.76,cereals and tubers,Cassava (fresh),KG,585.0,563.0,22.0,0.039076376554174,581.0,553.5,604.0,874.0854180355233,-270.0854180355233
2026,1,1,Kamwenge,Kibale,Rwamwanja (refugee settlement),0.31,30.68,cereals and tubers,Cassava (fresh),KG,708.0,805.0,-97.0,-0.1204968944099378,782.0,749.8333333333334,705.0,733.7711651474694,-28.771165147469446
2026,1,1,Koboko,Koboko,Lobule (refugee settlement),3.39,31.03,cereals and tubers,Sorghum,KG,1814.0,2139.0,-325.0,-0.1519401589527816,2034.3333333333333,2077.1666666666665,1561.0,1886.965409639069,-325.9654096390691
2026,1,1,Mbale,Mbale Municipality,Mbale,1.07,34.18,cereals and tubers,Maize flour,KG,2330.0,2400.0,-70.0,-0.0291666666666666,2204.333333333333,2006.5,2466.0,2290.1025717001985,175.8974282998015
2026,1,1,Adjumani,Adjumani,Adjumani (refugee settlement),3.34,31.78,vegetables and fruits,Leafy vegetables,KG,2286.0,1783.0,503.0,0.282108805384184,1869.0,1924.1666666666667,2432.0,2321.7873637917332,110.21263620826676
2026,2,1,Kamwenge,Kibale,Rwamwanja (refugee settlement),0.31,30.68,milk and dairy,Milk (fresh),L,1496.0,1501.0,-5.0,-0.0033311125916055,1499.0,1499.5,1500.0,1453.8619713929886,46.13802860701139
2026,2,1,Koboko,Koboko,Lobule (refugee settlement),3.39,31.03,miscellaneous food,Salt,KG,2380.0,2301.0,79.0,0.0343328987396784,2227.0,2113.5,2190.0,2295.111524688597,-105.111524688597
2026,2,1,Koboko,Koboko,Lobule (refugee settlement),3.39,31.03,vegetables and fruits,Leafy vegetables,KG,2640.0,2030.0,610.0,0.3004926108374384,2178.6666666666665,2022.5,1950.0,2399.6401838440647,-449.6401838440647
2026,2,1,Isingiro,Bukanga,Nakivale (refugee settlement),-0.78,30.96,cereals and tubers,Maize (white),KG,951.0,797.0,154.0,0.1932245922208281,1005.0,1229.0,1190.0,1118.6424718933072,71.35752810669283
2026,2,1,Kyegegwa,Kyaka,Kyaka II (refugee settlement),0.36,31.09,cereals and tubers,Millet flour,KG,4111.0,4202.0,-91.0,-0.0216563541170871,4217.333333333333,4340.0,4234.0,4176.957514955825,57.04248504417501
2026,2,1,Isingiro,Bukanga,Oruchinga (refugee settlement),-0.94,30.76,cereals and tubers,Maize (white),KG,771.0,678.0,93.0,0.1371681415929203,983.0,1178.0,1100.0,823.793580624754,276.206419375246
2026,2,1,Kamwenge,Kibale,Rwamwanja (refugee settlement),0.31,30.68,cereals and tubers,Maize (white),KG,989.0,868.0,121.0,0.1394009216589861,1228.3333333333333,1234.0,1429.0,1180.8751391708786,248.12486082912142
2026,2,1,Kabarole,Fort Portal Municipality,Fort Portal,0.66,30.28,cereals and tubers,Maize flour,KG,3000.0,2657.0,343.0,0.1290929619872036,2927.333333333333,2930.5,3000.0,2998.851700270738,1.1482997292619075
2026,2,1,Moyo,Obongi,Palorinya (refugee settlement),3.47,31.63,cereals and tubers,Sorghum,KG,1635.0,1718.0,-83.0,-0.0483119906868451,1701.0,1725.5,1767.0,1685.972557823646,81.02744217635404
2026,2,1,Isingiro,Bukanga,Nakivale (refugee settlement),-0.78,30.96,cereals and tubers,Sorghum,KG,1352.0,1674.0,-322.0,-0.1923536439665472,1597.6666666666667,1697.3333333333333,2355.0,1424.0383913649341,930.9616086350659
2026,2,1,Koboko,Koboko,Lobule (refugee settlement),3.39,31.03,milk and dairy,Milk (fresh),L,1950.0,1931.0,19.0,0.0098394614189539,1960.3333333333333,1980.1666666666667,2000.0,1831.1136020241174,168.88639797588257
2026,2,1,Mbarara,Mbarara Municipality,Mbarara,-0.61,30.65,oil and fats,Oil (vegetable),L,8000.0,8000.0,0.0,0.0,8018.666666666667,8189.833333333333,8000.0,8007.546113150271,-7.546113150270685
2026,2,1,Kiryandongo,Kibanda,Kiryandongo (refugee settlement),1.94,32.21,cereals and tubers,Maize (white),KG,1324.0,1493.0,-169.0,-0.1131949095780308,1444.6666666666667,1329.0,1267.0,1432.0415855106723,-165.04158551067235
2026,2,1,Arua,Terego,Imvepi (refugee settlement),3.23,31.28,oil and fats,Oil (vegetable),L,6299.0,6001.0,298.0,0.0496583902682886,6461.0,6783.5,7500.0,6413.948142857142,1086.0518571428584
2026,2,1,Arua,Arua Municipality,Arua,3.02,30.91,cereals and tubers,Maize flour,KG,3000.0,3000.0,0.0,0.0,3000.0,3116.6666666666665,3000.0,3033.379876389454,-33.379876389453784
2026,2,1,Hoima,Buhaguzi,Kyangwali (refugee settlement),1.16,30.75,cereals and tubers,Millet flour,KG,4495.0,4367.0,128.0,0.0293107396381955,4482.666666666667,4327.333333333333,4426.0,4245.112000102209,180.8879998977909
2026,2,1,Kamwenge,Kibale,Rwamwanja (refugee settlement),0.31,30.68,miscellaneous food,Salt,KG,1873.0,1784.0,89.0,0.0498878923766816,1826.3333333333333,1895.0,2000.0,1863.7567222425403,136.24327775745974
2026,2,1,Yumbe,Aringa,Bidibidi (refugee settlement),3.36,31.35,oil and fats,Oil (vegetable),L,7176.0,7326.0,-150.0,-0.0204750204750204,7175.0,7159.0,8019.0,7285.343437785802,733.656562214198
2026,2,1,Isingiro,Bukanga,Nakivale (refugee settlement),-0.78,30.96,miscellaneous food,Salt,KG,1777.0,2172.0,-395.0,-0.1818600368324125,1849.6666666666667,2004.5,1889.0,1830.2566727564888,58.7433272435112
2026,2,1,Isingiro,Bukanga,Nakivale (refugee settlement),-0.78,30.96,oil and fats,Oil (vegetable),L,8219.0,8764.0,-545.0,-0.0621862163395709,8244.333333333334,7913.0,8895.0,8399.14387085728,495.8561291427195
2026,2,1,Adjumani,Adjumani,Adjumani (refugee settlement),3.34,31.78,cereals and tubers,Millet flour,KG,4043.0,3952.0,91.0,0.0230263157894736,4322.333333333333,4647.333333333333,4175.0,3965.2844388784433,209.71556112155668
2026,2,1,Lamwo,Lamwo,Palabek (refugee settlement),3.34,32.47,cereals and tubers,Millet flour,KG,2976.0,3555.0,-579.0,-0.1628691983122362,3316.0,3366.333333333333,3641.0,2994.699863177099,646.3001368229011
2026,2,1,Arua,Terego,Rhino Camp (refugee settlement),3.17,31.31,cereals and tubers,Maize flour,KG,2618.0,2705.0,-87.0,-0.0321626617375231,2774.6666666666665,2759.5,3211.0,2547.2771507327748,663.7228492672252
2026,2,1,Koboko,Koboko,Lobule (refugee settlement),3.39,31.03,cereals and tubers,Sorghum,KG,1561.0,1814.0,-253.0,-0.139470782800441,1838.0,2125.5,1646.0,1757.7435824322115,-111.7435824322115
2026,2,1,Masaka,Masaka Municipality,Masaka,-0.35,31.74,oil and fats,Oil (vegetable),L,8333.0,8333.0,0.0,0.0,7972.0,7527.666666666667,8333.0,8492.120705555557,-159.12070555555692
2026,2,1,Gulu,Gulu Municipality,Gulu,2.77,32.31,oil and fats,Oil (vegetable),L,10000.0,10000.0,0.0,0.0,9404.666666666666,8685.666666666666,10000.0,9474.039270681902,525.960729318098
2026,2,1,Kampala,Central Kampala,Owino,0.32,32.57,pulses and nuts,Beans,KG,4497.0,4486.0,11.0,0.002452073116362,4563.333333333333,4542.5,4505.0,4521.503347910199,-16.50334791019941
2026,2,1,Hoima,Buhaguzi,Kyangwali (refugee settlement),1.16,30.75,cereals and tubers,Maize flour,KG,2595.0,2845.0,-250.0,-0.0878734622144112,2784.6666666666665,2849.333333333333,2726.0,2592.2579914512976,133.74200854870242
2026,2,1,Arua,Terego,Rhino Camp (refugee settlement),3.17,31.31,oil and fats,Oil (vegetable),L,6943.0,6870.0,73.0,0.0106259097525473,6974.333333333333,7042.0,7583.0,6953.2470387615,629.7529612384997
2026,2,1,Isingiro,Bukanga,Nakivale (refugee settlement),-0.78,30.96,milk and dairy,Milk (fresh),L,1810.0,1883.0,-73.0,-0.0387679235262878,1868.0,1889.5,1655.0,1735.0303471089726,-80.03034710897259
2026,2,1,Kiryandongo,Kibanda,Kiryandongo (refugee settlement),1.94,32.21,milk and dairy,Milk (fresh),L,1849.0,1691.0,158.0,0.0934358367829686,1809.6666666666667,1849.3333333333333,1675.0,1881.1969146179492,-206.19691461794923
2026,2,1,Mbarara,Mbarara Municipality,Mbarara,-0.61,30.65,cereals and tubers,Maize flour,KG,2932.0,3000.0,-68.0,-0.0226666666666666,2981.0,2990.5,2932.0,2984.2562444331056,-52.25624443310562
2026,2,1,Arua,Terego,Imvepi (refugee settlement),3.23,31.28,cereals and tubers,Maize (white),KG,1798.0,1655.0,143.0,0.086404833836858,1652.0,1683.6666666666667,1850.0,1757.5697246005998,92.43027539940022
2026,2,1,Arua,Terego,Rhino Camp (refugee settlement),3.17,31.31,cereals and tubers,Maize (white),KG,1764.0,1907.0,-143.0,-0.0749868904037755,1818.6666666666667,1802.0,1967.0,1786.299720697104,180.70027930289598
2026,2,1,Kiryandongo,Kibanda,Kiryandongo (refugee settlement),1.94,32.21,vegetables and fruits,Leafy vegetables,KG,3906.0,4192.0,-286.0,-0.0682251908396946,4051.3333333333335,4053.5,3382.0,3908.4529268231145,-526.4529268231145
2026,2,1,Isingiro,Bukanga,Oruchinga (refugee settlement),-0.94,30.76,miscellaneous food,Salt,KG,1725.0,1908.0,-183.0,-0.0959119496855346,1811.0,1672.1666666666667,1863.0,1862.7296450263996,0.27035497360043337
2026,2,1,Mbarara,Mbarara Municipality,Mbarara,-0.61,30.65,pulses and nuts,Beans,KG,3078.0,3078.0,0.0,0.0,3189.0,3511.1666666666665,3325.0,3016.3562231037195,308.64377689628054
2026,2,1,Mbale,Mbale Municipality,Mbale,1.07,34.18,oil and fats,Oil (vegetable),L,11017.0,11017.0,0.0,0.0,9928.0,8534.333333333334,11017.0,10412.900735714287,604.0992642857127
2026,2,1,Adjumani,Adjumani,Adjumani (refugee settlement),3.34,31.78,oil and fats,Oil (vegetable),L,7591.0,7755.0,-164.0,-0.0211476466795615,7742.333333333333,7811.833333333333,7344.0,7472.9089522132135,-128.90895221321352
2026,2,1,Kyegegwa,Kyaka,Kyaka II (refugee settlement),0.36,31.09,cereals and tubers,Sorghum,KG,1848.0,1764.0,84.0,0.0476190476190476,1983.6666666666667,2135.333333333333,2603.0,1898.492265880057,704.507734119943
2026,2,1,Hoima,Buhaguzi,Kyangwali (refugee settlement),1.16,30.75,oil and fats,Oil (vegetable),L,7862.0,7774.0,88.0,0.0113197838950347,7883.333333333333,7948.833333333333,8717.0,7857.204218942482,859.7957810575181
2026,2,1,Mbale,Mbale Municipality,Mbale,1.07,34.18,cereals and tubers,Maize flour,KG,2466.0,2330.0,136.0,0.0583690987124463,2398.6666666666665,2117.5,2466.0,2453.5434897869454,12.456510213054571
2026,2,1,Adjumani,Adjumani,Adjumani (refugee settlement),3.34,31.78,cereals and tubers,Maize (white),KG,1557.0,1601.0,-44.0,-0.0274828232354778,1598.3333333333333,1617.8333333333333,1703.0,1616.615507064081,86.38449293591907
2026,2,1,Gulu,Gulu Municipality,Gulu,2.77,32.31,cereals and tubers,Maize flour,KG,2665.0,2432.0,233.0,0.0958059210526315,2532.333333333333,2766.1666666666665,2500.0,2832.7623974650223,-332.76239746502233
2026,2,1,Isingiro,Bukanga,Oruchinga (refugee settlement),-0.94,30.76,oil and fats,Oil (vegetable),L,8351.0,8675.0,-324.0,-0.0373487031700288,8342.0,8098.166666666667,8961.0,8531.875355168904,429.1246448310958
2026,2,1,Yumbe,Aringa,Bidibidi (refugee settlement),3.36,31.35,cereals and tubers,Maize flour,KG,2874.0,3387.0,-513.0,-0.1514614703277236,3087.0,3035.0,2977.0,2820.8967666908616,156.10323330913843
2026,2,1,Koboko,Koboko,Lobule (refugee settlement),3.39,31.03,cereals and tubers,Millet flour,KG,4641.0,4961.0,-320.0,-0.0645031243700866,4793.333333333333,4719.0,4683.0,4632.757531733313,50.242468266686956
2026,2,1,Kiryandongo,Kibanda,Kiryandongo (refugee settlement),1.94,32.21,cereals and tubers,Sorghum,KG,2218.0,2023.0,195.0,0.0963914977755808,2136.0,2169.333333333333,2000.0,2287.0896712703716,-287.0896712703716
2026,2,1,Isingiro,Bukanga,Oruchinga (refugee settlement),-0.94,30.76,milk and dairy,Milk (fresh),L,1556.0,1772.0,-216.0,-0.1218961625282167,1709.3333333333333,1754.6666666666667,1528.0,1768.2588236668394,-240.25882366683936
2026,2,1,Lamwo,Lamwo,Palabek (refugee settlement),3.34,32.47,milk and dairy,Milk (fresh),L,1944.0,1976.0,-32.0,-0.0161943319838056,1973.3333333333333,1986.6666666666667,1840.0,1942.1271021484101,-102.12710214841013
2026,2,1,Isingiro,Bukanga,Nakivale (refugee settlement),-0.78,30.96,cereals and tubers,Maize flour,KG,2035.0,2406.0,-371.0,-0.1541978387364921,2280.333333333333,2258.6666666666665,2446.0,2108.917854716096,337.0821452839041
2026,2,1,Kiryandongo,Kibanda,Kiryandongo (refugee settlement),1.94,32.21,miscellaneous food,Salt,KG,1708.0,1569.0,139.0,0.088591459528362,1559.0,1485.0,1400.0,1759.1039018351971,-359.1039018351971
2026,2,1,Moyo,Obongi,Palorinya (refugee settlement),3.47,31.63,oil and fats,Oil (vegetable),L,6844.0,7094.0,-250.0,-0.0352410487736115,6881.666666666667,6794.166666666667,6971.0,6799.349240668452,171.65075933154822
2026,2,1,Isingiro,Bukanga,Oruchinga (refugee settlement),-0.94,30.76,cereals and tubers,Sorghum,KG,2271.0,2213.0,58.0,0.0262087663804789,2094.6666666666665,2001.5,2814.0,2314.5630544876312,499.43694551236877
2026,2,1,Hoima,Buhaguzi,Kyangwali (refugee settlement),1.16,30.75,cereals and tubers,Maize (white),KG,509.0,575.0,-66.0,-0.1147826086956521,691.0,840.0,969.0,693.6247302150617,275.37526978493827
2026,2,1,Yumbe,Aringa,Bidibidi (refugee settlement),3.36,31.35,cereals and tubers,Sorghum,KG,1799.0,1914.0,-115.0,-0.0600835945663531,1919.3333333333333,2026.8333333333333,1819.0,1812.5768407100695,6.4231592899304815
2026,2,1,Lamwo,Lamwo,Palabek (refugee settlement),3.34,32.47,cereals and tubers,Sorghum,KG,1063.0,1210.0,-147.0,-0.1214876033057851,1226.0,1315.5,1356.0,1178.882638780776,177.117361219224
2026,2,1,Kabarole,Fort Portal Municipality,Fort Portal,0.66,30.28,pulses and nuts,Beans,KG,4160.0,4160.0,0.0,0.0,4190.0,4282.5,4309.0,4229.456761005408,79.54323899459177
2026,2,1,Kyegegwa,Kyaka,Kyaka II (refugee settlement),0.36,31.09,milk and dairy,Milk (fresh),L,1872.0,2025.0,-153.0,-0.0755555555555555,1917.6666666666667,1887.0,1686.0,1859.4514098709772,-173.45140987097716
2026,2,1,Lamwo,Lamwo,Palabek (refugee settlement),3.34,32.47,miscellaneous food,Salt,KG,1906.0,1734.0,172.0,0.09919261822376,1830.0,1840.0,1958.0,1946.09585458284,11.904145417159953
2026,2,1,Hoima,Buhaguzi,Kyangwali (refugee settlement),1.16,30.75,cereals and tubers,Sorghum,KG,3078.0,2571.0,507.0,0.1971995332555426,2831.0,2837.5,3218.0,3036.4524137547537,181.5475862452463
2026,2,1,Arua,Terego,Imvepi (refugee settlement),3.23,31.28,miscellaneous food,Salt,KG,1825.0,1914.0,-89.0,-0.0464994775339602,1831.6666666666667,1807.6666666666667,1856.0,1823.009322148366,32.99067785163402
2026,2,1,Kamwenge,Kibale,Rwamwanja (refugee settlement),0.31,30.68,cereals and tubers,Cassava (fresh),KG,705.0,708.0,-3.0,-0.0042372881355932,739.3333333333334,772.1666666666666,672.0,739.6448887400434,-67.64488874004337
2026,2,1,Kampala,Central Kampala,Owino,0.32,32.57,oil and fats,Oil (vegetable),L,9916.0,9934.0,-18.0,-0.0018119589289309,10800.0,11484.333333333334,9844.0,11352.2593,-1508.2592999999997
2026,2,1,Adjumani,Adjumani,Adjumani (refugee settlement),3.34,31.78,"meat, fish and eggs",Fish (dry),KG,25592.0,21437.0,4155.0,0.1938237626533563,23515.0,23515.33333333333,23330.0,22744.555,585.4449999999997
2026,2,1,Kiryandongo,Kibanda,Kiryandongo (refugee settlement),1.94,32.21,pulses and nuts,Beans,KG,3213.0,3287.0,-74.0,-0.0225129297231518,3194.333333333333,3034.6666666666665,3167.0,3361.9226667534904,-194.92266675349038
2026,2,1,Kamwenge,Kibale,Rwamwanja (refugee settlement),0.31,30.68,cereals and tubers,Maize flour,KG,2387.0,2400.0,-13.0,-0.0054166666666666,2512.333333333333,2724.5,2857.0,2434.584724728265,422.415275271735
2026,2,1,Arua,Arua Municipality,Arua,3.02,30.91,oil and fats,Oil (vegetable),L,7000.0,7000.0,0.0,0.0,6722.333333333333,6611.166666666667,7000.0,7047.275835776045,-47.275835776044914
2026,2,1,Jinja,Jinja Municipality,Jinja,0.42,33.2,pulses and nuts,Beans,KG,4258.0,4343.0,-85.0,-0.0195717246143218,4158.666666666667,4079.3333333333335,4160.0,4320.35205596637,-160.35205596637024
2026,2,1,Koboko,Koboko,Lobule (refugee settlement),3.39,31.03,"meat, fish and eggs",Fish (dry),KG,17198.0,22939.0,-5741.0,-0.2502724617463708,21264.666666666668,22461.0,19133.0,17144.06,1988.9399999999987
2026,2,1,Adjumani,Adjumani,Adjumani (refugee settlement),3.34,31.78,milk and dairy,Milk (fresh),L,1988.0,1986.0,2.0,0.0010070493454179,1991.3333333333333,1995.6666666666667,1862.0,1950.6285869153062,-88.62858691530619
2026,2,1,Jinja,Jinja Municipality,Jinja,0.42,33.2,cereals and tubers,Cassava flour,KG,1741.0,1735.0,6.0,0.0034582132564841,1658.6666666666667,1575.6666666666667,1706.0,1754.608899657548,-48.60889965754791
2026,2,1,Kyegegwa,Kyaka,Kyaka II (refugee settlement),0.36,31.09,cereals and tubers,Maize flour,KG,2938.0,2575.0,363.0,0.1409708737864077,2823.6666666666665,2944.1666666666665,2898.0,2979.696270076156,-81.696270076156
2026,2,1,Arua,Terego,Rhino Camp (refugee settlement),3.17,31.31,pulses and nuts,Beans,KG,3031.0,2757.0,274.0,0.0993833877402974,3023.0,3151.833333333333,3367.0,3175.1762754841266,191.82372451587344
2026,2,1,Kiryandongo,Kibanda,Kiryandongo (refugee settlement),1.94,32.21,"meat, fish and eggs",Fish (dry),KG,32443.0,33682.0,-1239.0,-0.036785226530491,31177.33333333333,29292.33333333333,26755.0,30256.96,-3501.959999999999
2026,2,1,Lamwo,Lamwo,Palabek (refugee settlement),3.34,32.47,vegetables and fruits,Leafy vegetables,KG,3031.0,2946.0,85.0,0.0288526816021724,2802.333333333333,2616.333333333333,2146.0,2448.897897923427,-302.8978979234271
2026,2,1,Isingiro,Bukanga,Oruchinga (refugee settlement),-0.94,30.76,cereals and tubers,Cassava (fresh),KG,604.0,585.0,19.0,0.0324786324786324,584.0,573.6666666666666,638.0,903.6160996682006,-265.6160996682006
2026,2,1,Kyegegwa,Kyaka,Kyaka II (refugee settlement),0.36,31.09,"meat, fish and eggs",Fish (dry),KG,33434.0,39563.0,-6129.0,-0.1549174733968607,34490.333333333336,32482.0,27251.0,28817.46,-1566.4599999999991
2026,2,1,Gulu,Gulu Municipality,Gulu,2.77,32.31,cereals and tubers,Maize (white),KG,1772.0,1654.0,118.0,0.0713422007255139,1765.6666666666667,1776.1666666666667,1875.0,1767.7455481690893,107.25445183091074
2026,2,1,Moyo,Obongi,Palorinya (refugee settlement),3.47,31.63,cereals and tubers,Maize (white),KG,859.0,961.0,-102.0,-0.1061394380853277,930.6666666666666,951.1666666666666,1354.0,929.7663703281223,424.2336296718777
2026,2,1,Lamwo,Lamwo,Palabek (refugee settlement),3.34,32.47,cereals and tubers,Maize flour,KG,3069.0,2752.0,317.0,0.115188953488372,2968.0,3025.6666666666665,2963.0,3146.6566481869568,-183.65664818695677
2026,2,1,Koboko,Koboko,Lobule (refugee settlement),3.39,31.03,pulses and nuts,Beans,KG,3806.0,3740.0,66.0,0.0176470588235294,3922.6666666666665,3735.8333333333335,3958.0,3838.5096969828483,119.49030301715175
2026,2,1,Kyegegwa,Kyaka,Kyaka II (refugee settlement),0.36,31.09,miscellaneous food,Salt,KG,1493.0,1503.0,-10.0,-0.0066533599467731,1532.0,1630.1666666666667,1747.0,1472.7413789274506,274.25862107254943
2026,2,1,Yumbe,Aringa,Bidibidi (refugee settlement),3.36,31.35,miscellaneous food,Salt,KG,1835.0,1979.0,-144.0,-0.0727640222334512,1938.0,1964.6666666666667,1884.0,1838.3087044856925,45.69129551430751
2026,2,1,Gulu,Gulu Municipality,Gulu,2.77,32.31,cereals and tubers,Sorghum,KG,1977.0,2107.0,-130.0,-0.0616990982439487,2018.3333333333333,2329.1666666666665,2093.0,2171.7237948050697,-78.7237948050697
2026,2,1,Isingiro,Bukanga,Nakivale (refugee settlement),-0.78,30.96,cereals and tubers,Cassava (fresh),KG,520.0,527.0,-7.0,-0.0132827324478178,520.0,516.6666666666666,596.0,602.7836920981124,-6.783692098112397
2026,2,1,Mbarara,Mbarara Municipality,Mbarara,-0.61,30.65,cereals and tubers,Cassava flour,KG,1983.0,1985.0,-2.0,-0.0010075566750629,1967.0,1983.5,1999.0,1949.730311307834,49.26968869216603
2026,2,1,Isingiro,Bukanga,Nakivale (refugee settlement),-0.78,30.96,cereals and tubers,Millet flour,KG,4752.0,4638.0,114.0,0.0245795601552393,4796.666666666667,4458.5,4555.0,4572.652760737387,-17.652760737387325
2026,2,1,Kiryandongo,Kibanda,Kiryandongo (refugee settlement),1.94,32.21,oil and fats,Oil (vegetable),L,7269.0,7029.0,240.0,0.0341442594963721,7266.0,7401.5,7833.0,7255.97979339863,577.0202066013699
2026,2,1,Adjumani,Adjumani,Adjumani (refugee settlement),3.34,31.78,vegetables and fruits,Leafy vegetables,KG,2432.0,2286.0,146.0,0.0638670166229221,2167.0,1974.8333333333333,1846.0,2205.8201854647045,-359.82018546470454
2026,2,1,Yumbe,Aringa,Bidibidi (refugee settlement),3.36,31.35,cereals and tubers,Maize (white),KG,1382.0,1622.0,-240.0,-0.1479654747225647,1506.0,1599.8333333333333,1731.0,1469.060213934093,261.9397860659069
2026,2,1,Kampala,Central Kampala,Owino,0.32,32.57,cereals and tubers,Cassava flour,KG,1959.0,1945.0,14.0,0.00719794344473,1998.6666666666667,1970.8333333333333,1972.0,1954.7581205593478,17.241879440652156
2026,2,1,Kamwenge,Kibale,Rwamwanja (refugee settlement),0.31,30.68,pulses and nuts,Beans,KG,2524.0,2413.0,111.0,0.0460008288437629,2375.333333333333,2282.0,2286.0,2568.6632342485864,-282.6632342485864
2026,2,1,Hoima,Buhaguzi,Kyangwali (refugee settlement),1.16,30.75,"meat, fish and eggs",Fish (dry),KG,21422.0,21858.0,-436.0,-0.0199469301857443,22844.666666666668,24049.166666666668,21245.0,21646.34,-401.34000000000015
2026,2,1,Moyo,Obongi,Palorinya (refugee settlement),3.47,31.63,vegetables and fruits,Leafy vegetables,KG,1912.0,1754.0,158.0,0.0900798175598631,1636.6666666666667,1440.5,1250.0,1980.6476423315848,-730.6476423315848
2026,2,1,Isingiro,Bukanga,Nakivale (refugee settlement),-0.78,30.96,pulses and nuts,Beans,KG,1141.0,1134.0,7.0,0.0061728395061728,1125.0,1610.5,1714.0,1108.5856861904683,605.4143138095317
2026,2,1,Moyo,Obongi,Palorinya (refugee settlement),3.47,31.63,cereals and tubers,Cassava (fresh),KG,525.0,1058.0,-533.0,-0.503780718336484,718.6666666666666,645.8333333333334,911.0,822.4330141205352,88.56698587946482
2026,2,1,Isingiro,Bukanga,Oruchinga (refugee settlement),-0.94,30.76,cereals and tubers,Millet flour,KG,3986.0,4446.0,-460.0,-0.103463787674314,4394.0,4340.0,4172.0,4017.59868228886,154.4013177111401
2026,2,1,Arua,Terego,Rhino Camp (refugee settlement),3.17,31.31,vegetables and fruits,Leafy vegetables,KG,3546.0,2253.0,1293.0,0.5739014647137151,2528.6666666666665,2157.6666666666665,1561.0,2271.2182802908414,-710.2182802908414
2026,2,1,Kiryandongo,Kibanda,Kiryandongo (refugee settlement),1.94,32.21,cereals and tubers,Maize flour,KG,2205.0,2333.0,-128.0,-0.0548649807115302,2329.333333333333,2361.333333333333,2531.0,2246.1368157825145,284.86318421748547
2026,2,1,Masaka,Masaka Municipality,Masaka,-0.35,31.74,cereals and tubers,Maize flour,KG,2565.0,2500.0,65.0,0.026,2646.6666666666665,2792.833333333333,2500.0,2639.7580821661595,-139.7580821661595
2026,2,1,Lamwo,Lamwo,Palabek (refugee settlement),3.34,32.47,cereals and tubers,Cassava (fresh),KG,490.0,424.0,66.0,0.1556603773584905,484.0,526.3333333333334,530.33,600.4596268891123,-70.12962688911227
2026,2,1,Isingiro,Bukanga,Nakivale (refugee settlement),-0.78,30.96,"meat, fish and eggs",Fish (dry),KG,17375.0,17932.0,-557.0,-0.0310617889805933,18142.0,18630.33333333333,19221.0,22661.45,-3440.4500000000007
2026,2,1,Arua,Terego,Rhino Camp (refugee settlement),3.17,31.31,"meat, fish and eggs",Fish (dry),KG,24396.0,22665.0,1731.0,0.0763732627399073,23658.666666666668,22332.166666666668,22732.0,22486.26,245.7400000000016
2026,2,1,Kyegegwa,Kyaka,Kyaka II (refugee settlement),0.36,31.09,oil and fats,Oil (vegetable),L,7509.0,7299.0,210.0,0.0287710645293875,7602.666666666667,7718.833333333333,8540.0,7516.295531176725,1023.7044688232754
2026,2,1,Koboko,Koboko,Lobule (refugee settlement),3.39,31.03,cereals and tubers,Maize flour,KG,2755.0,2526.0,229.0,0.0906571654790182,2760.333333333333,2860.0,3083.0,2666.1583191343593,416.8416808656407
2026,2,1,Isingiro,Bukanga,Oruchinga (refugee settlement),-0.94,30.76,pulses and nuts,Beans,KG,668.0,1095.0,-427.0,-0.3899543378995433,921.0,1302.1666666666667,1477.0,827.2350463444849,649.7649536555151
2026,2,1,Kyegegwa,Kyaka,Kyaka II (refugee settlement),0.36,31.09,cereals and tubers,Cassava (fresh),KG,327.0,380.0,-53.0,-0.1394736842105263,386.6666666666667,419.6666666666667,499.0,404.44370000000015,94.55629999999985
2026,2,1,Gulu,Gulu Municipality,Gulu,2.77,32.31,pulses and nuts,Beans,KG,3849.0,3797.0,52.0,0.0136950223860942,4215.333333333333,4549.333333333333,4010.0,4038.2215569848736,-28.221556984873587
2026,2,1,Yumbe,Aringa,Bidibidi (refugee settlement),3.36,31.35,cereals and tubers,Cassava (fresh),KG,677.0,816.0,-139.0,-0.1703431372549019,711.0,675.6666666666666,515.0,712.3966774123927,-197.3966774123927
2026,2,1,Isingiro,Bukanga,Oruchinga (refugee settlement),-0.94,30.76,"meat, fish and eggs",Fish (dry),KG,16137.0,16216.0,-79.0,-0.0048717316230883,15806.666666666666,15436.833333333334,18602.0,18867.811857142857,-265.81185714285675
2026,2,1,Hoima,Buhaguzi,Kyangwali (refugee settlement),1.16,30.75,pulses and nuts,Beans,KG,2109.0,2429.0,-320.0,-0.1317414573898723,2278.0,2287.1666666666665,2198.0,2198.408263025117,-0.40826302511686663
2026,2,1,Yumbe,Aringa,Bidibidi (refugee settlement),3.36,31.35,vegetables and fruits,Leafy vegetables,KG,1278.0,1017.0,261.0,0.2566371681415929,1122.3333333333333,1097.1666666666667,1358.0,1405.7227538585025,-47.72275385850253
2026,2,1,Arua,Terego,Rhino Camp (refugee settlement),3.17,31.31,cereals and tubers,Millet flour,KG,4731.0,4621.0,110.0,0.023804371348193,4753.0,4830.0,5017.0,4553.189965492314,463.8100345076864
2026,2,1,Kamwenge,Kibale,Rwamwanja (refugee settlement),0.31,30.68,"meat, fish and eggs",Fish (dry),KG,26477.0,26884.0,-407.0,-0.0151391162029459,27099.666666666668,27519.0,23772.0,27392.89375,-3620.8937499999993
2026,2,1,Adjumani,Adjumani,Adjumani (refugee settlement),3.34,31.78,miscellaneous food,Salt,KG,2056.0,2037.0,19.0,0.009327442317133,2031.0,2015.5,2033.0,2033.0644289907236,-0.06442899072362707
2026,2,1,Koboko,Koboko,Lobule (refugee settlement),3.39,31.03,cereals and tubers,Cassava (fresh),KG,651.0,770.0,-119.0,-0.1545454545454545,814.6666666666666,919.0,647.0,728.7907751690492,-81.7907751690492
2026,2,1,Hoima,Buhaguzi,Kyangwali (refugee settlement),1.16,30.75,vegetables and fruits,Leafy vegetables,KG,3393.0,3571.0,-178.0,-0.0498459815177821,3438.6666666666665,3395.5,3125.0,3384.081845782837,-259.0818457828368
2026,2,1,Kiryandongo,Kibanda,Kiryandongo (refugee settlement),1.94,32.21,cereals and tubers,Cassava (fresh),KG,741.0,825.0,-84.0,-0.1018181818181818,804.3333333333334,825.6666666666666,690.0,737.6393342576112,-47.639334257611154
2026,2,1,Arua,Terego,Imvepi (refugee settlement),3.23,31.28,vegetables and fruits,Leafy vegetables,KG,2609.0,2516.0,93.0,0.0369634340222575,2736.0,2909.6666666666665,1333.0,2572.7600327930254,-1239.7600327930254
2026,2,1,Arua,Terego,Imvepi (refugee settlement),3.23,31.28,"meat, fish and eggs",Fish (dry),KG,28149.0,28084.0,65.0,0.0023144851160803,28206.0,28295.33333333333,25000.0,26242.44,-1242.4399999999987
2026,2,1,Koboko,Koboko,Lobule (refugee settlement),3.39,31.03,oil and fats,Oil (vegetable),L,6871.0,7727.0,-856.0,-0.110780380484017,7245.666666666667,7373.5,7583.0,7090.621606083652,492.3783939163477
2026,2,1,Lamwo,Lamwo,Palabek (refugee settlement),3.34,32.47,"meat, fish and eggs",Fish (dry),KG,24731.0,21744.0,2987.0,0.1373712288447388,22698.666666666668,22159.666666666668,22899.0,23344.72,-445.72000000000116
2026,2,1,Isingiro,Bukanga,Nakivale (refugee settlement),-0.78,30.96,vegetables and fruits,Leafy vegetables,KG,1628.0,1326.0,302.0,0.2277526395173454,1474.6666666666667,1472.5,2243.0,1767.1378872944624,475.8621127055376
2026,2,1,Kamwenge,Kibale,Rwamwanja (refugee settlement),0.31,30.68,cereals and tubers,Millet flour,KG,4040.0,4088.0,-48.0,-0.0117416829745596,4181.666666666667,4364.0,4357.0,4040.075832914382,316.92416708561814
2026,2,1,Arua,Terego,Imvepi (refugee settlement),3.23,31.28,cereals and tubers,Sorghum,KG,1395.0,1426.0,-31.0,-0.0217391304347826,1396.0,1617.3333333333333,1133.0,1450.9691229383475,-317.9691229383475
2026,2,1,Hoima,Buhaguzi,Kyangwali (refugee settlement),1.16,30.75,milk and dairy,Milk (fresh),L,2000.0,2001.0,-1.0,-0.0004997501249375,1980.3333333333333,1960.1666666666667,1750.0,1960.4401417468966,-210.44014174689664
2026,2,1,Yumbe,Aringa,Bidibidi (refugee settlement),3.36,31.35,milk and dairy,Milk (fresh),L,2180.0,2407.0,-227.0,-0.0943082675529705,2202.6666666666665,2111.833333333333,1200.0,2174.8967317192246,-974.8967317192246
2026,2,1,Isingiro,Bukanga,Oruchinga (refugee settlement),-0.94,30.76,vegetables and fruits,Leafy vegetables,KG,1898.0,2189.0,-291.0,-0.1329374143444495,1844.0,1644.3333333333333,2378.0,1828.8632388189767,549.1367611810233
2026,2,1,Adjumani,Adjumani,Adjumani (refugee settlement),3.34,31.78,cereals and tubers,Sorghum,KG,1230.0,1219.0,11.0,0.0090237899917965,1317.0,1409.5,1439.0,1218.5100337044767,220.48996629552335
2026,2,1,Kabarole,Fort Portal Municipality,Fort Portal,0.66,30.28,oil and fats,Oil (vegetable),L,10000.0,10000.0,0.0,0.0,9583.333333333334,8833.333333333334,10000.0,9624.730217567918,375.26978243208214
2026,2,1,Arua,Arua Municipality,Arua,3.02,30.91,cereals and tubers,Sorghum,KG,2504.0,2483.0,21.0,0.0084575110753121,2373.333333333333,2578.333333333333,2424.0,2139.715300257388,284.2846997426118
2026,2,1,Adjumani,Adjumani,Adjumani (refugee settlement),3.34,31.78,cereals and tubers,Cassava (fresh),KG,767.0,590.0,177.0,0.3,667.3333333333334,623.3333333333334,975.0,724.3530585704062,250.64694142959377
2026,2,1,Arua,Arua Municipality,Arua,3.02,30.91,cereals and tubers,Maize (white),KG,2204.0,2186.0,18.0,0.0082342177493138,2019.0,1801.1666666666667,2216.0,2076.478274580441,139.52172541955906
2026,2,1,Arua,Terego,Rhino Camp (refugee settlement),3.17,31.31,milk and dairy,Milk (fresh),L,1984.0,2000.0,-16.0,-0.008,1994.6666666666667,2164.0,1978.0,1975.0631499819924,2.93685001800759
2026,2,1,Jinja,Jinja Municipality,Jinja,0.42,33.2,oil and fats,Oil (vegetable),L,10217.0,10000.0,217.0,0.0217,9230.666666666666,8365.333333333334,10217.0,10093.659936308319,123.34006369168128
2026,2,1,Kabarole,Fort Portal Municipality,Fort Portal,0.66,30.28,cereals and tubers,Cassava flour,KG,1500.0,1500.0,0.0,0.0,1625.0,1688.3333333333333,1500.0,1565.773523155332,-65.77352315533199
2026,2,1,Mbale,Mbale Municipality,Mbale,1.07,34.18,pulses and nuts,Beans,KG,3225.0,3129.0,96.0,0.0306807286673058,3284.6666666666665,3427.333333333333,3507.0,3505.4324766211894,1.5675233788106198
2026,2,1,Adjumani,Adjumani,Adjumani (refugee settlement),3.34,31.78,pulses and nuts,Beans,KG,3110.0,3085.0,25.0,0.0081037277147487,3054.6666666666665,3011.833333333333,3459.0,3140.817410643377,318.1825893566229
2026,2,1,Arua,Arua Municipality,Arua,3.02,30.91,cereals and tubers,Cassava flour,KG,1348.0,1383.0,-35.0,-0.0253073029645697,1399.3333333333333,1349.6666666666667,1362.0,1348.9479942943033,13.052005705696729
2026,2,1,Arua,Terego,Imvepi (refugee settlement),3.23,31.28,cereals and tubers,Millet flour,KG,4026.0,4285.0,-259.0,-0.060443407234539,4279.666666666667,4505.5,4000.0,4092.6990732913687,-92.69907329136868
2026,2,1,Hoima,Buhaguzi,Kyangwali (refugee settlement),1.16,30.75,miscellaneous food,Salt,KG,1810.0,1890.0,-80.0,-0.0423280423280423,1847.3333333333333,1844.6666666666667,2384.0,1824.6190272061622,559.3809727938378
2026,2,1,Arua,Terego,Rhino Camp (refugee settlement),3.17,31.31,cereals and tubers,Sorghum,KG,1948.0,1815.0,133.0,0.0732782369146005,2004.0,2126.5,1878.0,1980.9038448727422,-102.90384487274218
2026,2,1,Isingiro,Bukanga,Oruchinga (refugee settlement),-0.94,30.76,cereals and tubers,Maize flour,KG,2377.0,2312.0,65.0,0.028114186851211,2379.6666666666665,2419.0,2617.0,2347.7998371453286,269.20016285467136
2026,2,1,Moyo,Obongi,Palorinya (refugee settlement),3.47,31.63,cereals and tubers,Millet flour,KG,5499.0,4894.0,605.0,0.1236207601144258,5381.0,5565.5,4357.0,5463.183267164179,-1106.1832671641787
2026,2,1,Arua,Terego,Imvepi (refugee settlement),3.23,31.28,cereals and tubers,Maize flour,KG,2549.0,2769.0,-220.0,-0.0794510653665583,2661.6666666666665,2704.6666666666665,2611.0,2537.4132211802607,73.58677881973927
2026,2,1,Kyegegwa,Kyaka,Kyaka II (refugee settlement),0.36,31.09,vegetables and fruits,Leafy vegetables,KG,1632.0,1779.0,-147.0,-0.0826306913996627,1594.0,1482.3333333333333,2245.0,1802.262056753553,442.737943246447
2026,2,1,Moyo,Obongi,Palorinya (refugee settlement),3.47,31.63,pulses and nuts,Beans,KG,3275.0,3408.0,-133.0,-0.0390258215962441,3328.6666666666665,3316.0,3883.0,3488.7545366327936,394.2454633672064
2026,2,1,Kamwenge,Kibale,Rwamwanja (refugee settlement),0.31,30.68,oil and fats,Oil (vegetable),L,9157.0,8747.0,410.0,0.0468732136732594,8968.0,9460.666666666666,9571.0,8721.464222222223,849.5357777777772
2026,2,1,Kampala,Central Kampala,Owino,0.32,32.57,cereals and tubers,Maize flour,KG,2699.0,2648.0,51.0,0.0192598187311178,2654.0,2499.6666666666665,2709.0,2637.9230703597914,71.07692964020862
2026,2,1,Lamwo,Lamwo,Palabek (refugee settlement),3.34,32.47,pulses and nuts,Beans,KG,3055.0,2893.0,162.0,0.055997234704459,3093.6666666666665,3213.5,3432.0,3138.8957607093116,293.1042392906884
2026,2,1,Kyegegwa,Kyaka,Kyaka II (refugee settlement),0.36,31.09,cereals and tubers,Maize (white),KG,820.0,726.0,94.0,0.1294765840220385,927.0,1156.1666666666667,1125.0,883.9444761416335,241.05552385836654
2026,2,1,Yumbe,Aringa,Bidibidi (refugee settlement),3.36,31.35,"meat, fish and eggs",Fish (dry),KG,27476.0,23550.0,3926.0,0.1667091295116773,25418.666666666668,25324.33333333333,24373.0,26967.299208333334,-2594.299208333334
2026,2,1,Kiryandongo,Kibanda,Kiryandongo (refugee settlement),1.94,32.21,cereals and tubers,Millet flour,KG,4482.0,4231.0,251.0,0.0593240368707161,4460.0,4571.666666666667,4667.0,4388.182385639654,278.81761436034594
2026,2,1,Moyo,Obongi,Palorinya (refugee settlement),3.47,31.63,miscellaneous food,Salt,KG,1984.0,1992.0,-8.0,-0.0040160642570281,1986.3333333333333,1984.8333333333333,2000.0,2181.34477619309,-181.34477619309018
2026,2,1,Arua,Terego,Imvepi (refugee settlement),3.23,31.28,milk and dairy,Milk (fresh),L,2381.0,2920.0,-539.0,-0.1845890410958904,2433.6666666666665,2216.833333333333,1500.0,2480.488950209788,-980.4889502097881
2026,2,1,Yumbe,Aringa,Bidibidi (refugee settlement),3.36,31.35,cereals and tubers,Millet flour,KG,4809.0,4539.0,270.0,0.0594844679444811,4714.333333333333,4789.5,5000.0,4615.424357621361,384.5756423786388
2026,2,1,Arua,Terego,Imvepi (refugee settlement),3.23,31.28,cereals and tubers,Cassava (fresh),KG,404.0,426.0,-22.0,-0.0516431924882629,477.3333333333333,574.5,551.0,502.4841451754386,48.515854824561416
2026,2,1,Arua,Terego,Rhino Camp (refugee settlement),3.17,31.31,miscellaneous food,Salt,KG,2081.0,2134.0,-53.0,-0.0248359887535145,2076.333333333333,2045.3333333333333,1922.0,2089.228606952126,-167.22860695212603
2026,2,1,Lamwo,Lamwo,Palabek (refugee settlement),3.34,32.47,oil and fats,Oil (vegetable),L,7635.0,7423.0,212.0,0.0285598814495487,7686.0,7843.0,7366.0,7456.011709666775,-90.01170966677455
2026,2,1,Yumbe,Aringa,Bidibidi (refugee settlement),3.36,31.35,pulses and nuts,Beans,KG,4382.0,4610.0,-228.0,-0.0494577006507592,4399.0,4247.333333333333,3985.0,4384.275908045171,-399.2759080451706
2026,2,1,Moyo,Obongi,Palorinya (refugee settlement),3.47,31.63,milk and dairy,Milk (fresh),L,2146.0,2113.0,33.0,0.0156176053005205,2086.333333333333,2043.1666666666667,2000.0,2204.109402635757,-204.10940263575685
2026,2,1,Lamwo,Lamwo,Palabek (refugee settlement),3.34,32.47,cereals and tubers,Maize (white),KG,1019.0,1051.0,-32.0,-0.0304471931493815,1092.0,1148.8333333333333,1434.0,1081.5489027417614,352.45109725823863
2026,2,1,Hoima,Buhaguzi,Kyangwali (refugee settlement),1.16,30.75,cereals and tubers,Cassava (fresh),KG,782.0,901.0,-119.0,-0.1320754716981132,847.3333333333334,853.3333333333334,727.0,841.0899199388987,-114.08991993889867
2026,2,1,Adjumani,Adjumani,Adjumani (refugee settlement),3.34,31.78,cereals and tubers,Maize flour,KG,2003.0,1938.0,65.0,0.0335397316821465,2054.333333333333,2138.0,2430.0,2017.3263935762607,412.67360642373933
2026,2,1,Moyo,Obongi,Palorinya (refugee settlement),3.47,31.63,"meat, fish and eggs",Fish (dry),KG,17922.0,18199.0,-277.0,-0.015220616517391,17706.0,17351.333333333332,19495.0,18896.5,598.5
2026,2,1,Arua,Terego,Rhino Camp (refugee settlement),3.17,31.31,cereals and tubers,Cassava (fresh),KG,515.0,536.0,-21.0,-0.0391791044776119,583.3333333333334,641.3333333333334,582.0,628.9786394657735,-46.97863946577354
2026,2,1,Arua,Terego,Imvepi (refugee settlement),3.23,31.28,pulses and nuts,Beans,KG,3935.0,4233.0,-298.0,-0.0703992440349633,4074.6666666666665,3846.8333333333335,3850.0,3814.1338105524983,35.86618944750171
2026,2,1,Mbale,Mbale Municipality,Mbale,1.07,34.18,cereals and tubers,Cassava flour,KG,1687.0,1651.0,36.0,0.0218049666868564,1696.0,1613.1666666666667,1613.0,1643.8866053787733,-30.88660537877331
2026,2,1,Moyo,Obongi,Palorinya (refugee settlement),3.47,31.63,cereals and tubers,Maize flour,KG,1699.0,1999.0,-300.0,-0.1500750375187594,1843.3333333333333,1837.6666666666667,2400.0,1816.5737111969083,583.4262888030917
2026,2,1,Kyegegwa,Kyaka,Kyaka II (refugee settlement),0.36,31.09,pulses and nuts,Beans,KG,2273.0,2013.0,260.0,0.1291604570293094,1976.0,2324.333333333333,2280.0,2189.3470513468046,90.65294865319538
2026,2,1,Koboko,Koboko,Lobule (refugee settlement),3.39,31.03,cereals and tubers,Maize (white),KG,1177.0,1560.0,-383.0,-0.2455128205128205,1488.3333333333333,1444.6666666666667,1700.0,1214.5857771781066,485.4142228218934
2026,3,1,Gulu,Gulu Municipality,Gulu,2.77,32.31,oil and fats,Oil (vegetable),L,10000.0,10000.0,0.0,0.0,10000.0,9035.666666666666,10000.0,9292.557916544825,707.4420834551747
2026,3,1,Arua,Terego,Rhino Camp (refugee settlement),3.17,31.31,cereals and tubers,Maize flour,KG,3211.0,2618.0,593.0,0.2265087853323147,2844.6666666666665,2794.6666666666665,3367.0,3040.5955940976187,326.4044059023813
2026,3,1,Isingiro,Bukanga,Oruchinga (refugee settlement),-0.94,30.76,oil and fats,Oil (vegetable),L,8961.0,8351.0,610.0,0.0730451442940965,8662.333333333334,8258.333333333334,7750.0,8729.819899999999,-979.8198999999986
2026,3,1,Koboko,Koboko,Lobule (refugee settlement),3.39,31.03,cereals and tubers,Maize flour,KG,3083.0,2755.0,328.0,0.1190562613430127,2788.0,2885.6666666666665,3125.0,3074.051323557929,50.94867644207079
2026,3,1,Isingiro,Bukanga,Oruchinga (refugee settlement),-0.94,30.76,cereals and tubers,Millet flour,KG,4172.0,3986.0,186.0,0.0466633216256899,4201.333333333333,4413.166666666667,4875.0,4063.4443712501393,811.5556287498607
2026,3,1,Hoima,Buhaguzi,Kyangwali (refugee settlement),1.16,30.75,cereals and tubers,Millet flour,KG,4426.0,4495.0,-69.0,-0.0153503893214682,4429.333333333333,4398.333333333333,3000.0,4182.351305533986,-1182.3513055339863
2026,3,1,Yumbe,Aringa,Bidibidi (refugee settlement),3.36,31.35,cereals and tubers,Maize flour,KG,2977.0,2874.0,103.0,0.0358385525400139,3079.333333333333,3037.6666666666665,3061.0,3011.3101917173863,49.68980828261374
2026,3,1,Adjumani,Adjumani,Adjumani (refugee settlement),3.34,31.78,cereals and tubers,Millet flour,KG,4175.0,4043.0,132.0,0.0326490230027207,4056.6666666666665,4523.666666666667,4100.0,4228.174266815629,-128.17426681562938
2026,3,1,Kyegegwa,Kyaka,Kyaka II (refugee settlement),0.36,31.09,oil and fats,Oil (vegetable),L,8540.0,7509.0,1031.0,0.1373019043814089,7782.666666666667,7891.333333333333,7667.0,8034.227471774193,-367.22747177419296
2026,3,1,Kamwenge,Kibale,Rwamwanja (refugee settlement),0.31,30.68,oil and fats,Oil (vegetable),L,9571.0,9157.0,414.0,0.0452113137490444,9158.333333333334,9565.166666666666,9500.0,8570.619609704641,929.3803902953587
2026,3,1,Kiryandongo,Kibanda,Kiryandongo (refugee settlement),1.94,32.21,cereals and tubers,Maize flour,KG,2531.0,2205.0,326.0,0.1478458049886621,2356.333333333333,2383.1666666666665,2473.0,2383.287120550071,89.712879449929
2026,3,1,Masaka,Masaka Municipality,Masaka,-0.35,31.74,cereals and tubers,Maize flour,KG,2500.0,2565.0,-65.0,-0.0253411306042884,2521.6666666666665,2709.5,2533.0,2457.253577183301,75.74642281669912
2026,3,1,Kiryandongo,Kibanda,Kiryandongo (refugee settlement),1.94,32.21,cereals and tubers,Millet flour,KG,4667.0,4482.0,185.0,0.0412762159750111,4460.0,4516.166666666667,4273.0,4628.202144055741,-355.202144055741
2026,3,1,Arua,Terego,Imvepi (refugee settlement),3.23,31.28,cereals and tubers,Maize flour,KG,2611.0,2549.0,62.0,0.0243232640251078,2643.0,2693.333333333333,3000.0,2532.8231226447892,467.17687735521076
2026,3,1,Kiryandongo,Kibanda,Kiryandongo (refugee settlement),1.94,32.21,oil and fats,Oil (vegetable),L,7833.0,7269.0,564.0,0.0775897647544366,7377.0,7464.0,7682.0,7264.09,417.90999999999985
2026,3,1,Gulu,Gulu Municipality,Gulu,2.77,32.31,pulses and nuts,Beans,KG,4010.0,3849.0,161.0,0.0418290465055858,3885.3333333333335,4467.666666666667,4956.0,4153.978128903124,802.0218710968757
2026,3,1,Isingiro,Bukanga,Nakivale (refugee settlement),-0.78,30.96,cereals and tubers,Millet flour,KG,4555.0,4752.0,-197.0,-0.0414562289562289,4648.333333333333,4591.166666666667,4450.0,4527.805862588409,-77.80586258840867
2026,3,1,Yumbe,Aringa,Bidibidi (refugee settlement),3.36,31.35,oil and fats,Oil (vegetable),L,8019.0,7176.0,843.0,0.1174749163879598,7507.0,7317.833333333333,8674.0,7910.438108247018,763.5618917529819
2026,3,1,Adjumani,Adjumani,Adjumani (refugee settlement),3.34,31.78,cereals and tubers,Maize flour,KG,2430.0,2003.0,427.0,0.2131802296555167,2123.6666666666665,2233.5,3200.0,2420.5882023712034,779.4117976287966
2026,3,1,Mbale,Mbale Municipality,Mbale,1.07,34.18,pulses and nuts,Beans,KG,3507.0,3225.0,282.0,0.0874418604651162,3287.0,3428.5,3460.0,3515.1768558408935,-55.176855840893495
2026,3,1,Lamwo,Lamwo,Palabek (refugee settlement),3.34,32.47,oil and fats,Oil (vegetable),L,7366.0,7635.0,-269.0,-0.0352324819908317,7474.666666666667,7737.333333333333,8038.0,7485.146928072744,552.8530719272558
2026,3,1,Kabarole,Fort Portal Municipality,Fort Portal,0.66,30.28,cereals and tubers,Maize flour,KG,3000.0,3000.0,0.0,0.0,2885.6666666666665,2940.833333333333,3000.0,2968.9335062178975,31.066493782102498
2026,3,1,Moyo,Obongi,Palorinya (refugee settlement),3.47,31.63,cereals and tubers,Maize flour,KG,2400.0,1699.0,701.0,0.4125956444967628,2032.6666666666667,2000.1666666666667,2625.0,2327.5559692259603,297.4440307740397
2026,3,1,Mbale,Mbale Municipality,Mbale,1.07,34.18,oil and fats,Oil (vegetable),L,11017.0,11017.0,0.0,0.0,11017.0,9203.833333333334,11207.0,10384.93275,822.0672500000001
2026,3,1,Lamwo,Lamwo,Palabek (refugee settlement),3.34,32.47,cereals and tubers,Maize flour,KG,2963.0,3069.0,-106.0,-0.0345389377647442,2928.0,2852.833333333333,3063.0,3104.580062936819,-41.580062936819104
2026,3,1,Kyegegwa,Kyaka,Kyaka II (refugee settlement),0.36,31.09,cereals and tubers,Maize flour,KG,2898.0,2938.0,-40.0,-0.0136147038801906,2803.6666666666665,2914.0,3333.0,2732.472244898801,600.5277551011991
2026,3,1,Kampala,Central Kampala,Owino,0.32,32.57,pulses and nuts,Beans,KG,4505.0,4497.0,8.0,0.0017789637536135,4496.0,4543.333333333333,4514.0,4494.727049154789,19.2729508452112
2026,3,1,Jinja,Jinja Municipality,Jinja,0.42,33.2,pulses and nuts,Beans,KG,4160.0,4258.0,-98.0,-0.023015500234852,4253.666666666667,4106.0,4211.0,4198.73051268461,12.269487315389597
2026,3,1,Kamwenge,Kibale,Rwamwanja (refugee settlement),0.31,30.68,cereals and tubers,Maize flour,KG,2857.0,2387.0,470.0,0.1968998743192291,2548.0,2700.6666666666665,2875.0,2688.7373184595453,186.26268154045465
2026,3,1,Kabarole,Fort Portal Municipality,Fort Portal,0.66,30.28,oil and fats,Oil (vegetable),L,10000.0,10000.0,0.0,0.0,10000.0,9166.666666666666,10000.0,9559.332430740524,440.6675692594763
2026,3,1,Arua,Arua Municipality,Arua,3.02,30.91,oil and fats,Oil (vegetable),L,7000.0,7000.0,0.0,0.0,7000.0,6611.166666666667,7652.0,7004.195068779015,647.804931220985
2026,3,1,Kampala,Central Kampala,Owino,0.32,32.57,oil and fats,Oil (vegetable),L,9844.0,9916.0,-72.0,-0.0072609923356192,9898.0,11069.5,9762.0,9692.943872727272,69.05612727272819
2026,3,1,Kamwenge,Kibale,Rwamwanja (refugee settlement),0.31,30.68,cereals and tubers,Millet flour,KG,4357.0,4040.0,317.0,0.0784653465346534,4161.666666666667,4289.166666666667,4250.0,4241.880222778756,8.119777221243567
2026,3,1,Koboko,Koboko,Lobule (refugee settlement),3.39,31.03,oil and fats,Oil (vegetable),L,7583.0,6871.0,712.0,0.1036239266482317,7393.666666666667,7304.0,8125.0,8076.489877777777,48.51012222222289
2026,3,1,Hoima,Buhaguzi,Kyangwali (refugee settlement),1.16,30.75,cereals and tubers,Maize flour,KG,2726.0,2595.0,131.0,0.0504816955684007,2722.0,2789.5,3500.0,2611.496101165308,888.5038988346919
2026,3,1,Arua,Terego,Imvepi (refugee settlement),3.23,31.28,cereals and tubers,Millet flour,KG,4000.0,4026.0,-26.0,-0.0064580228514654,4103.666666666667,4325.0,4467.0,3992.1916532097925,474.80834679020745
2026,3,1,Moyo,Obongi,Palorinya (refugee settlement),3.47,31.63,oil and fats,Oil (vegetable),L,6971.0,6844.0,127.0,0.0185563997662185,6969.666666666667,6872.666666666667,8083.0,6886.189322009563,1196.8106779904374
2026,3,1,Isingiro,Bukanga,Nakivale (refugee settlement),-0.78,30.96,cereals and tubers,Maize flour,KG,2446.0,2035.0,411.0,0.2019656019656019,2295.6666666666665,2324.333333333333,2410.0,2468.435053821984,-58.435053821984184
2026,3,1,Isingiro,Bukanga,Oruchinga (refugee settlement),-0.94,30.76,cereals and tubers,Maize flour,KG,2617.0,2377.0,240.0,0.1009676062263357,2435.333333333333,2438.5,2250.0,2689.0527628332343,-439.0527628332343
2026,3,1,Mbarara,Mbarara Municipality,Mbarara,-0.61,30.65,pulses and nuts,Beans,KG,3325.0,3078.0,247.0,0.0802469135802469,3160.333333333333,3398.6666666666665,3604.0,3499.044628564571,104.95537143542879
2026,3,1,Arua,Terego,Rhino Camp (refugee settlement),3.17,31.31,cereals and tubers,Millet flour,KG,5017.0,4731.0,286.0,0.0604523356584231,4789.666666666667,4862.666666666667,5172.0,4945.602690241102,226.3973097588978
2026,3,1,Jinja,Jinja Municipality,Jinja,0.42,33.2,oil and fats,Oil (vegetable),L,10217.0,10217.0,0.0,0.0,10144.666666666666,8818.166666666666,10217.0,10049.95077356322,167.04922643678037
2026,3,1,Mbarara,Mbarara Municipality,Mbarara,-0.61,30.65,oil and fats,Oil (vegetable),L,8000.0,8000.0,0.0,0.0,8000.0,8106.5,8000.0,8012.7668800284355,-12.76688002843548
2026,3,1,Moyo,Obongi,Palorinya (refugee settlement),3.47,31.63,cereals and tubers,Sorghum,KG,1767.0,1635.0,132.0,0.0807339449541284,1706.6666666666667,1770.0,1439.0,1757.6614686710318,-318.6614686710318
2026,3,1,Adjumani,Adjumani,Adjumani (refugee settlement),3.34,31.78,"meat, fish and eggs",Fish (dry),KG,23330.0,25592.0,-2262.0,-0.08838699593623,23453.0,24198.5,26052.0,27578.645,-1526.6450000000004
2026,3,1,Isingiro,Bukanga,Nakivale (refugee settlement),-0.78,30.96,milk and dairy,Milk (fresh),L,1655.0,1810.0,-155.0,-0.0856353591160221,1782.6666666666667,1843.1666666666667,1600.0,1736.096423133547,-136.09642313354698
2026,3,1,Kampala,Central Kampala,Owino,0.32,32.57,cereals and tubers,Cassava flour,KG,1972.0,1959.0,13.0,0.0066360387953037,1958.6666666666667,1999.5,1986.0,1966.4103479192518,19.589652080748237
2026,3,1,Kamwenge,Kibale,Rwamwanja (refugee settlement),0.31,30.68,pulses and nuts,Beans,KG,2286.0,2524.0,-238.0,-0.0942947702060221,2407.6666666666665,2301.833333333333,2500.0,2193.5935728012423,306.4064271987577
2026,3,1,Koboko,Koboko,Lobule (refugee settlement),3.39,31.03,vegetables and fruits,Leafy vegetables,KG,1950.0,2640.0,-690.0,-0.2613636363636363,2206.6666666666665,1792.0,1333.0,1827.517853922716,-494.5178539227161
2026,3,1,Arua,Terego,Imvepi (refugee settlement),3.23,31.28,vegetables and fruits,Leafy vegetables,KG,1333.0,2609.0,-1276.0,-0.4890762744346493,2152.6666666666665,2946.1666666666665,1167.0,1828.0543808692819,-661.0543808692819
2026,3,1,Kamwenge,Kibale,Rwamwanja (refugee settlement),0.31,30.68,"meat, fish and eggs",Fish (dry),KG,23772.0,26477.0,-2705.0,-0.10216414246327,25711.0,29178.5,36667.0,27857.76,8809.240000000002
2026,3,1,Kamwenge,Kibale,Rwamwanja (refugee settlement),0.31,30.68,cereals and tubers,Maize (white),KG,1429.0,989.0,440.0,0.4448938321536906,1095.3333333333333,1274.0,1725.0,1472.2372816598313,252.7627183401687
2026,3,1,Isingiro,Bukanga,Oruchinga (refugee settlement),-0.94,30.76,"meat, fish and eggs",Fish (dry),KG,18602.0,16137.0,2465.0,0.1527545392576067,16985.0,14932.166666666666,18602.0,21176.03,-2574.029999999999
2026,3,1,Kyegegwa,Kyaka,Kyaka II (refugee settlement),0.36,31.09,milk and dairy,Milk (fresh),L,1686.0,1872.0,-186.0,-0.0993589743589743,1861.0,1834.6666666666667,1686.0,1770.8985115249025,-84.89851152490246
2026,3,1,Isingiro,Bukanga,Oruchinga (refugee settlement),-0.94,30.76,pulses and nuts,Beans,KG,1477.0,668.0,809.0,1.2110778443113772,1080.0,1215.0,2625.0,1537.0776718073591,1087.9223281926409
2026,3,1,Isingiro,Bukanga,Oruchinga (refugee settlement),-0.94,30.76,cereals and tubers,Maize (white),KG,1100.0,771.0,329.0,0.4267185473411154,849.6666666666666,1122.0,1325.0,1124.6220086240398,200.37799137596016
2026,3,1,Isingiro,Bukanga,Oruchinga (refugee settlement),-0.94,30.76,cereals and tubers,Sorghum,KG,2814.0,2271.0,543.0,0.2391017173051519,2432.6666666666665,2137.1666666666665,1600.0,2623.5435397666793,-1023.5435397666793
2026,3,1,Isingiro,Bukanga,Oruchinga (refugee settlement),-0.94,30.76,miscellaneous food,Salt,KG,1863.0,1725.0,138.0,0.08,1832.0,1749.3333333333333,2000.0,1877.992785846983,122.007214153017
2026,3,1,Isingiro,Bukanga,Nakivale (refugee settlement),-0.78,30.96,"meat, fish and eggs",Fish (dry),KG,19221.0,17375.0,1846.0,0.1062446043165467,18176.0,18228.83333333333,19221.0,23361.929375,-4140.929375
2026,3,1,Arua,Terego,Imvepi (refugee settlement),3.23,31.28,milk and dairy,Milk (fresh),L,1500.0,2381.0,-881.0,-0.370012599748005,2267.0,2133.5,2000.0,2713.2070310995587,-713.2070310995587
2026,3,1,Arua,Terego,Rhino Camp (refugee settlement),3.17,31.31,cereals and tubers,Cassava (fresh),KG,582.0,515.0,67.0,0.1300970873786407,544.3333333333334,547.5,377.0,536.0900173018291,-159.0900173018291
2026,3,1,Hoima,Buhaguzi,Kyangwali (refugee settlement),1.16,30.75,cereals and tubers,Cassava (fresh),KG,727.0,782.0,-55.0,-0.0703324808184143,803.3333333333334,911.0,667.0,725.1881848715078,-58.188184871507815
2026,3,1,Kiryandongo,Kibanda,Kiryandongo (refugee settlement),1.94,32.21,"meat, fish and eggs",Fish (dry),KG,26755.0,32443.0,-5688.0,-0.1753228739635668,30960.0,29770.0,30000.0,32076.01,-2076.0099999999984
2026,3,1,Gulu,Gulu Municipality,Gulu,2.77,32.31,cereals and tubers,Maize (white),KG,1875.0,1772.0,103.0,0.0581264108352144,1767.0,1832.0,1949.0,1846.5371046201894,102.46289537981056
2026,3,1,Kyegegwa,Kyaka,Kyaka II (refugee settlement),0.36,31.09,"meat, fish and eggs",Fish (dry),KG,27251.0,33434.0,-6183.0,-0.184931506849315,33416.0,32162.666666666668,20000.0,29853.5,-9853.5
2026,3,1,Isingiro,Bukanga,Nakivale (refugee settlement),-0.78,30.96,cereals and tubers,Cassava (fresh),KG,596.0,520.0,76.0,0.1461538461538461,547.6666666666666,556.6666666666666,466.0,608.9647088613441,-142.9647088613441
2026,3,1,Koboko,Koboko,Lobule (refugee settlement),3.39,31.03,milk and dairy,Milk (fresh),L,2000.0,1950.0,50.0,0.0256410256410256,1960.3333333333333,1980.1666666666667,2000.0,1850.7293123662973,149.27068763370266
2026,3,1,Kiryandongo,Kibanda,Kiryandongo (refugee settlement),1.94,32.21,cereals and tubers,Sorghum,KG,2000.0,2218.0,-218.0,-0.0982867448151487,2080.333333333333,2141.5,2227.0,2034.837480687113,192.16251931288707
2026,3,1,Hoima,Buhaguzi,Kyangwali (refugee settlement),1.16,30.75,miscellaneous food,Salt,KG,2384.0,1810.0,574.0,0.3171270718232044,2028.0,1978.1666666666667,2000.0,2453.359020715793,-453.3590207157931
2026,3,1,Isingiro,Bukanga,Nakivale (refugee settlement),-0.78,30.96,miscellaneous food,Salt,KG,1889.0,1777.0,112.0,0.0630275745638716,1946.0,1773.0,2000.0,1791.5948264094704,208.40517359052956
2026,3,1,Adjumani,Adjumani,Adjumani (refugee settlement),3.34,31.78,vegetables and fruits,Leafy vegetables,KG,1846.0,2432.0,-586.0,-0.240953947368421,2188.0,1885.6666666666667,1288.0,1853.2851434476497,-565.2851434476497
2026,3,1,Koboko,Koboko,Lobule (refugee settlement),3.39,31.03,"meat, fish and eggs",Fish (dry),KG,19133.0,17198.0,1935.0,0.1125130829166182,19756.666666666668,22733.166666666668,17664.0,20722.55,-3058.5499999999993
2026,3,1,Koboko,Koboko,Lobule (refugee settlement),3.39,31.03,cereals and tubers,Maize (white),KG,1700.0,1177.0,523.0,0.4443500424808836,1479.0,1572.6666666666667,2067.0,1599.2526584495622,467.7473415504378
2026,3,1,Kyegegwa,Kyaka,Kyaka II (refugee settlement),0.36,31.09,miscellaneous food,Salt,KG,1747.0,1493.0,254.0,0.1701272605492297,1581.0,1590.5,2000.0,1735.7462831225116,264.2537168774884
2026,3,1,Kamwenge,Kibale,Rwamwanja (refugee settlement),0.31,30.68,cereals and tubers,Sorghum,KG,3357.0,2172.0,1185.0,0.5455801104972375,2903.0,2391.0,3313.0,3031.7914701473237,281.2085298526763
2026,3,1,Kiryandongo,Kibanda,Kiryandongo (refugee settlement),1.94,32.21,pulses and nuts,Beans,KG,3167.0,3213.0,-46.0,-0.0143168378462496,3222.333333333333,3055.5,3318.0,3121.148387154662,196.85161284533797
2026,3,1,Kiryandongo,Kibanda,Kiryandongo (refugee settlement),1.94,32.21,cereals and tubers,Maize (white),KG,1267.0,1324.0,-57.0,-0.0430513595166163,1361.3333333333333,1361.0,1582.0,1393.5604503225713,188.43954967742866
2026,3,1,Jinja,Jinja Municipality,Jinja,0.42,33.2,cereals and tubers,Cassava flour,KG,1706.0,1741.0,-35.0,-0.0201033888569787,1727.3333333333333,1610.0,1724.0,1643.928558685194,80.07144131480595
2026,3,1,Arua,Terego,Rhino Camp (refugee settlement),3.17,31.31,vegetables and fruits,Leafy vegetables,KG,1561.0,3546.0,-1985.0,-0.5597856739988719,2453.333333333333,2047.1666666666667,2885.0,2227.0917507326008,657.9082492673992
2026,3,1,Isingiro,Bukanga,Nakivale (refugee settlement),-0.78,30.96,cereals and tubers,Maize (white),KG,1190.0,951.0,239.0,0.2513144058885384,979.3333333333334,1189.3333333333333,1430.0,1208.9399086963704,221.06009130362963
2026,3,1,Lamwo,Lamwo,Palabek (refugee settlement),3.34,32.47,milk and dairy,Milk (fresh),L,1840.0,1944.0,-104.0,-0.0534979423868312,1920.0,1960.0,1995.0,1817.8888868074857,177.11111319251427
2026,3,1,Arua,Terego,Imvepi (refugee settlement),3.23,31.28,cereals and tubers,Maize (white),KG,1850.0,1798.0,52.0,0.028921023359288,1767.6666666666667,1728.8333333333333,2150.0,1848.692495088879,301.307504911121
2026,3,1,Yumbe,Aringa,Bidibidi (refugee settlement),3.36,31.35,miscellaneous food,Salt,KG,1884.0,1835.0,49.0,0.0267029972752043,1899.3333333333333,1949.6666666666667,1870.0,1869.1796760403415,0.8203239596584808
2026,3,1,Adjumani,Adjumani,Adjumani (refugee settlement),3.34,31.78,cereals and tubers,Maize (white),KG,1703.0,1557.0,146.0,0.0937700706486833,1620.3333333333333,1525.5,1720.0,1809.4708273161264,-89.47082731612636
2026,3,1,Isingiro,Bukanga,Nakivale (refugee settlement),-0.78,30.96,vegetables and fruits,Leafy vegetables,KG,2243.0,1628.0,615.0,0.3777641277641277,1732.3333333333333,1675.0,1402.0,2214.749403416001,-812.7494034160009
2026,3,1,Arua,Arua Municipality,Arua,3.02,30.91,cereals and tubers,Sorghum,KG,2424.0,2504.0,-80.0,-0.0319488817891373,2470.333333333333,2482.333333333333,2476.0,2211.3399647694805,264.6600352305195
2026,3,1,Arua,Terego,Rhino Camp (refugee settlement),3.17,31.31,milk and dairy,Milk (fresh),L,1978.0,1984.0,-6.0,-0.003024193548387,1987.3333333333333,1993.6666666666667,2000.0,1937.70674786495,62.2932521350499
2026,3,1,Hoima,Buhaguzi,Kyangwali (refugee settlement),1.16,30.75,milk and dairy,Milk (fresh),L,1750.0,2000.0,-250.0,-0.125,1917.0,1948.5,1750.0,1808.2407936074849,-58.240793607484875
2026,3,1,Moyo,Obongi,Palorinya (refugee settlement),3.47,31.63,miscellaneous food,Salt,KG,2000.0,1984.0,16.0,0.0080645161290322,1992.0,1984.8333333333333,2000.0,2085.4022928577883,-85.40229285778832
2026,3,1,Arua,Terego,Imvepi (refugee settlement),3.23,31.28,pulses and nuts,Beans,KG,3850.0,3935.0,-85.0,-0.0216010165184243,4006.0,3884.3333333333335,4210.0,3909.510107329826,300.48989267017396
2026,3,1,Lamwo,Lamwo,Palabek (refugee settlement),3.34,32.47,miscellaneous food,Salt,KG,1958.0,1906.0,52.0,0.0272822665267576,1866.0,1841.3333333333333,1936.0,1917.5275496923207,18.47245030767931
2026,3,1,Adjumani,Adjumani,Adjumani (refugee settlement),3.34,31.78,pulses and nuts,Beans,KG,3459.0,3110.0,349.0,0.1122186495176848,3218.0,3093.1666666666665,3890.0,3652.0049274905327,237.99507250946726
2026,3,1,Koboko,Koboko,Lobule (refugee settlement),3.39,31.03,miscellaneous food,Salt,KG,2190.0,2380.0,-190.0,-0.0798319327731092,2290.333333333333,2145.1666666666665,1967.0,2068.3953793354826,-101.39537933548263
2026,3,1,Arua,Terego,Imvepi (refugee settlement),3.23,31.28,cereals and tubers,Sorghum,KG,1133.0,1395.0,-262.0,-0.1878136200716846,1318.0,1493.6666666666667,1437.0,1266.9539792267817,170.0460207732183
2026,3,1,Arua,Terego,Rhino Camp (refugee settlement),3.17,31.31,cereals and tubers,Sorghum,KG,1878.0,1948.0,-70.0,-0.0359342915811088,1880.3333333333333,2048.333333333333,1994.0,1831.4767238123716,162.52327618762843
2026,3,1,Yumbe,Aringa,Bidibidi (refugee settlement),3.36,31.35,milk and dairy,Milk (fresh),L,1200.0,2180.0,-980.0,-0.4495412844036697,1929.0,1978.5,2000.0,1601.5777206349208,398.42227936507925
2026,3,1,Kiryandongo,Kibanda,Kiryandongo (refugee settlement),1.94,32.21,miscellaneous food,Salt,KG,1400.0,1708.0,-308.0,-0.180327868852459,1559.0,1479.5,1600.0,1601.1249252179168,-1.1249252179168252
2026,3,1,Arua,Terego,Rhino Camp (refugee settlement),3.17,31.31,pulses and nuts,Beans,KG,3367.0,3031.0,336.0,0.1108545034642032,3051.6666666666665,3206.0,3539.0,3612.5225825853936,-73.5225825853936
2026,3,1,Isingiro,Bukanga,Nakivale (refugee settlement),-0.78,30.96,oil and fats,Oil (vegetable),L,8895.0,8219.0,676.0,0.0822484487163888,8626.0,8171.0,7800.0,8721.1233,-921.1232999999993
2026,3,1,Hoima,Buhaguzi,Kyangwali (refugee settlement),1.16,30.75,"meat, fish and eggs",Fish (dry),KG,21245.0,21422.0,-177.0,-0.008262533843712,21508.33333333333,21820.83333333333,20000.0,19912.694285714286,87.3057142857142
2026,3,1,Arua,Terego,Imvepi (refugee settlement),3.23,31.28,cereals and tubers,Cassava (fresh),KG,551.0,404.0,147.0,0.3638613861386138,460.3333333333333,552.8333333333334,658.0,526.9044998949969,131.0955001050031
2026,3,1,Isingiro,Bukanga,Nakivale (refugee settlement),-0.78,30.96,cereals and tubers,Sorghum,KG,2355.0,1352.0,1003.0,0.7418639053254438,1793.6666666666667,1783.3333333333333,1900.0,2427.1595075016216,-527.1595075016216
2026,3,1,Isingiro,Bukanga,Nakivale (refugee settlement),-0.78,30.96,pulses and nuts,Beans,KG,1714.0,1141.0,573.0,0.5021910604732691,1329.6666666666667,1465.6666666666667,2480.0,1605.3988972548527,874.6011027451473
2026,3,1,Kamwenge,Kibale,Rwamwanja (refugee settlement),0.31,30.68,miscellaneous food,Salt,KG,2000.0,1873.0,127.0,0.0678056593699946,1885.6666666666667,1817.1666666666667,1900.0,1898.723899575465,1.2761004245348886
2026,3,1,Kiryandongo,Kibanda,Kiryandongo (refugee settlement),1.94,32.21,vegetables and fruits,Leafy vegetables,KG,3382.0,3906.0,-524.0,-0.134152585765489,3826.6666666666665,3691.1666666666665,2444.0,3372.3559732302074,-928.3559732302074
2026,3,1,Arua,Terego,Rhino Camp (refugee settlement),3.17,31.31,"meat, fish and eggs",Fish (dry),KG,22732.0,24396.0,-1664.0,-0.0682079029349073,23264.33333333333,24242.0,25134.0,23524.39,1609.6100000000006
2026,3,1,Hoima,Buhaguzi,Kyangwali (refugee settlement),1.16,30.75,pulses and nuts,Beans,KG,2198.0,2109.0,89.0,0.0422000948316737,2245.333333333333,2254.1666666666665,2750.0,2314.241762853665,435.758237146335
2026,3,1,Hoima,Buhaguzi,Kyangwali (refugee settlement),1.16,30.75,cereals and tubers,Maize (white),KG,969.0,509.0,460.0,0.9037328094302554,684.3333333333334,805.8333333333334,1350.0,957.0918815762858,392.9081184237142
2026,3,1,Hoima,Buhaguzi,Kyangwali (refugee settlement),1.16,30.75,cereals and tubers,Sorghum,KG,3218.0,3078.0,140.0,0.0454840805717998,2955.6666666666665,2982.0,1800.0,3232.7551925775338,-1432.7551925775338
2026,3,1,Hoima,Buhaguzi,Kyangwali (refugee settlement),1.16,30.75,vegetables and fruits,Leafy vegetables,KG,3125.0,3393.0,-268.0,-0.0789861479516652,3363.0,3629.0,2000.0,2871.4853088606797,-871.4853088606797
2026,3,1,Arua,Terego,Imvepi (refugee settlement),3.23,31.28,"meat, fish and eggs",Fish (dry),KG,25000.0,28149.0,-3149.0,-0.1118689829123592,27077.666666666668,26464.166666666668,29167.0,25791.56,3375.4399999999987
2026,3,1,Arua,Terego,Rhino Camp (refugee settlement),3.17,31.31,cereals and tubers,Maize (white),KG,1967.0,1764.0,203.0,0.115079365079365,1879.3333333333333,1920.5,2106.0,1974.910155919344,131.0898440806559
2026,3,1,Yumbe,Aringa,Bidibidi (refugee settlement),3.36,31.35,vegetables and fruits,Leafy vegetables,KG,1358.0,1278.0,80.0,0.0625978090766823,1217.6666666666667,1150.0,929.0,1384.6764918302815,-455.6764918302815
2026,3,1,Adjumani,Adjumani,Adjumani (refugee settlement),3.34,31.78,cereals and tubers,Sorghum,KG,1439.0,1230.0,209.0,0.1699186991869918,1296.0,1428.5,1789.0,1592.9499506621187,196.05004933788132
2026,3,1,Koboko,Koboko,Lobule (refugee settlement),3.39,31.03,pulses and nuts,Beans,KG,3958.0,3806.0,152.0,0.0399369416710457,3834.6666666666665,3985.6666666666665,4167.0,3987.005209265086,179.9947907349142
2026,3,1,Kyegegwa,Kyaka,Kyaka II (refugee settlement),0.36,31.09,vegetables and fruits,Leafy vegetables,KG,2245.0,1632.0,613.0,0.3756127450980392,1885.3333333333333,1688.1666666666667,2000.0,2050.4422269951024,-50.442226995102374
2026,3,1,Isingiro,Bukanga,Oruchinga (refugee settlement),-0.94,30.76,vegetables and fruits,Leafy vegetables,KG,2378.0,1898.0,480.0,0.2528977871443625,2155.0,1874.0,1667.0,2259.7310890523477,-592.7310890523477
2026,3,1,Lamwo,Lamwo,Palabek (refugee settlement),3.34,32.47,cereals and tubers,Sorghum,KG,1356.0,1063.0,293.0,0.2756349952963311,1209.6666666666667,1269.5,1686.0,1375.6666359925896,310.3333640074104
2026,3,1,Lamwo,Lamwo,Palabek (refugee settlement),3.34,32.47,pulses and nuts,Beans,KG,3432.0,3055.0,377.0,0.1234042553191489,3126.6666666666665,3118.833333333333,3893.0,3508.0481945109264,384.95180548907365
2026,3,1,Moyo,Obongi,Palorinya (refugee settlement),3.47,31.63,cereals and tubers,Cassava (fresh),KG,911.0,525.0,386.0,0.7352380952380952,831.3333333333334,678.6666666666666,536.0,831.0523439855959,-295.05234398559594
2026,3,1,Arua,Arua Municipality,Arua,3.02,30.91,cereals and tubers,Cassava flour,KG,1362.0,1348.0,14.0,0.0103857566765578,1364.3333333333333,1376.6666666666667,1461.0,1356.1599210380614,104.84007896193862
2026,3,1,Kamwenge,Kibale,Rwamwanja (refugee settlement),0.31,30.68,milk and dairy,Milk (fresh),L,1500.0,1496.0,4.0,0.0026737967914438,1499.0,1499.5,2000.0,1504.19315589259,495.8068441074099
2026,3,1,Arua,Terego,Rhino Camp (refugee settlement),3.17,31.31,oil and fats,Oil (vegetable),L,7583.0,6943.0,640.0,0.0921791732680397,7132.0,7044.333333333333,7828.0,7598.282548561047,229.7174514389526
2026,3,1,Mbarara,Mbarara Municipality,Mbarara,-0.61,30.65,cereals and tubers,Maize flour,KG,2932.0,2932.0,0.0,0.0,2954.6666666666665,2979.1666666666665,3000.0,2966.4307076762266,33.569292323773425
2026,3,1,Moyo,Obongi,Palorinya (refugee settlement),3.47,31.63,cereals and tubers,Millet flour,KG,4357.0,5499.0,-1142.0,-0.2076741225677396,4916.666666666667,5291.666666666667,4188.0,5007.7965476190475,-819.7965476190475
2026,3,1,Lamwo,Lamwo,Palabek (refugee settlement),3.34,32.47,cereals and tubers,Millet flour,KG,3641.0,2976.0,665.0,0.2234543010752688,3390.6666666666665,3473.1666666666665,4613.0,3563.6744114760245,1049.3255885239755
2026,3,1,Moyo,Obongi,Palorinya (refugee settlement),3.47,31.63,vegetables and fruits,Leafy vegetables,KG,1250.0,1912.0,-662.0,-0.3462343096234309,1638.6666666666667,1544.6666666666667,2429.0,1331.2671594800042,1097.7328405199958
2026,3,1,Yumbe,Aringa,Bidibidi (refugee settlement),3.36,31.35,cereals and tubers,Maize (white),KG,1731.0,1382.0,349.0,0.2525325615050651,1578.3333333333333,1572.5,2178.0,1714.3712744564175,463.6287255435825
2026,3,1,Isingiro,Bukanga,Oruchinga (refugee settlement),-0.94,30.76,milk and dairy,Milk (fresh),L,1528.0,1556.0,-28.0,-0.0179948586118251,1618.6666666666667,1709.3333333333333,1600.0,1705.6964313112285,-105.69643131122848
2026,3,1,Moyo,Obongi,Palorinya (refugee settlement),3.47,31.63,cereals and tubers,Maize (white),KG,1354.0,859.0,495.0,0.5762514551804424,1058.0,1010.1666666666666,1611.0,1429.7756091579213,181.22439084207872
2026,3,1,Kiryandongo,Kibanda,Kiryandongo (refugee settlement),1.94,32.21,milk and dairy,Milk (fresh),L,1675.0,1849.0,-174.0,-0.094104921579232,1738.3333333333333,1795.1666666666667,1867.0,1705.3883678984855,161.6116321015145
2026,3,1,Moyo,Obongi,Palorinya (refugee settlement),3.47,31.63,pulses and nuts,Beans,KG,3883.0,3275.0,608.0,0.185648854961832,3522.0,3338.1666666666665,3511.0,4114.65296697131,-603.65296697131
2026,3,1,Yumbe,Aringa,Bidibidi (refugee settlement),3.36,31.35,pulses and nuts,Beans,KG,3985.0,4382.0,-397.0,-0.0905979005020538,4325.666666666667,4209.666666666667,4043.0,4346.836722741376,-303.83672274137643
2026,3,1,Kabarole,Fort Portal Municipality,Fort Portal,0.66,30.28,cereals and tubers,Cassava flour,KG,1500.0,1500.0,0.0,0.0,1500.0,1688.3333333333333,1500.0,1577.4649932075272,-77.46499320752719
2026,3,1,Kiryandongo,Kibanda,Kiryandongo (refugee settlement),1.94,32.21,cereals and tubers,Cassava (fresh),KG,690.0,741.0,-51.0,-0.068825910931174,752.0,795.0,617.0,723.6087963757795,-106.60879637577955
2026,3,1,Lamwo,Lamwo,Palabek (refugee settlement),3.34,32.47,vegetables and fruits,Leafy vegetables,KG,2146.0,3031.0,-885.0,-0.2919828439458924,2707.6666666666665,2770.6666666666665,1672.0,2366.1762884739974,-694.1762884739974
2026,3,1,Mbale,Mbale Municipality,Mbale,1.07,34.18,cereals and tubers,Maize flour,KG,2466.0,2466.0,0.0,0.0,2420.6666666666665,2228.5,2500.0,2428.549797673631,71.45020232636898
2026,3,1,Arua,Terego,Imvepi (refugee settlement),3.23,31.28,miscellaneous food,Salt,KG,1856.0,1825.0,31.0,0.016986301369863,1865.0,1796.1666666666667,1887.0,1833.4341463375029,53.56585366249715
2026,3,1,Arua,Terego,Imvepi (refugee settlement),3.23,31.28,oil and fats,Oil (vegetable),L,7500.0,6299.0,1201.0,0.190665184949992,6600.0,6843.833333333333,7683.0,7599.21523131523,83.78476868476992
2026,3,1,Arua,Arua Municipality,Arua,3.02,30.91,cereals and tubers,Maize (white),KG,2216.0,2204.0,12.0,0.0054446460980036,2202.0,1837.1666666666667,2379.0,2114.147609149593,264.8523908504071
2026,3,1,Kampala,Central Kampala,Owino,0.32,32.57,cereals and tubers,Maize flour,KG,2709.0,2699.0,10.0,0.003705075954057,2685.333333333333,2617.833333333333,2720.0,2577.3644264408576,142.63557355914236
2026,3,1,Adjumani,Adjumani,Adjumani (refugee settlement),3.34,31.78,miscellaneous food,Salt,KG,2033.0,2056.0,-23.0,-0.0111867704280155,2042.0,2021.0,1960.0,1991.413687882386,-31.413687882386057
2026,3,1,Yumbe,Aringa,Bidibidi (refugee settlement),3.36,31.35,cereals and tubers,Sorghum,KG,1819.0,1799.0,20.0,0.0111172873818788,1844.0,1990.5,1704.0,1825.153155900406,-121.15315590040609
2026,3,1,Mbarara,Mbarara Municipality,Mbarara,-0.61,30.65,cereals and tubers,Cassava flour,KG,1999.0,1983.0,16.0,0.0080685829551185,1989.0,1983.3333333333333,1972.0,1974.3790962345781,-2.379096234578128
2026,3,1,Hoima,Buhaguzi,Kyangwali (refugee settlement),1.16,30.75,oil and fats,Oil (vegetable),L,8717.0,7862.0,855.0,0.1087509539557364,8117.666666666667,8061.166666666667,9500.0,8179.18350252525,1320.8164974747497
2026,3,1,Yumbe,Aringa,Bidibidi (refugee settlement),3.36,31.35,"meat, fish and eggs",Fish (dry),KG,24373.0,27476.0,-3103.0,-0.1129349250254767,25133.0,25160.83333333333,14799.0,26116.514,-11317.514
2026,3,1,Kabarole,Fort Portal Municipality,Fort Portal,0.66,30.28,pulses and nuts,Beans,KG,4309.0,4160.0,149.0,0.0358173076923076,4209.666666666667,4167.333333333333,4309.0,4392.2094423706,-83.2094423706003
2026,3,1,Koboko,Koboko,Lobule (refugee settlement),3.39,31.03,cereals and tubers,Cassava (fresh),KG,647.0,651.0,-4.0,-0.0061443932411674,689.3333333333334,723.8333333333334,337.0,689.5783813159514,-352.57838131595145
2026,3,1,Lamwo,Lamwo,Palabek (refugee settlement),3.34,32.47,"meat, fish and eggs",Fish (dry),KG,22899.0,24731.0,-1832.0,-0.0740770692652945,23124.666666666668,23013.166666666668,23803.0,22820.472727272725,982.527272727275
2026,3,1,Kyegegwa,Kyaka,Kyaka II (refugee settlement),0.36,31.09,cereals and tubers,Maize (white),KG,1125.0,820.0,305.0,0.3719512195121951,890.3333333333334,1047.5,1633.0,1159.4622774151037,473.5377225848963
2026,3,1,Isingiro,Bukanga,Oruchinga (refugee settlement),-0.94,30.76,cereals and tubers,Cassava (fresh),KG,638.0,604.0,34.0,0.0562913907284768,609.0,596.6666666666666,286.0,898.2755194404065,-612.2755194404065
2026,3,1,Arua,Arua Municipality,Arua,3.02,30.91,cereals and tubers,Maize flour,KG,3000.0,3000.0,0.0,0.0,3000.0,3033.333333333333,3000.0,3026.7149882033955,-26.714988203395478
2026,3,1,Masaka,Masaka Municipality,Masaka,-0.35,31.74,oil and fats,Oil (vegetable),L,8333.0,8333.0,0.0,0.0,8333.0,7749.833333333333,8333.0,8746.649935714286,-413.6499357142857
2026,3,1,Kyegegwa,Kyaka,Kyaka II (refugee settlement),0.36,31.09,pulses and nuts,Beans,KG,2280.0,2273.0,7.0,0.0030796304443466,2188.6666666666665,2048.333333333333,2833.0,2251.946088663484,581.0539113365162
2026,3,1,Kyegegwa,Kyaka,Kyaka II (refugee settlement),0.36,31.09,cereals and tubers,Cassava (fresh),KG,499.0,327.0,172.0,0.5259938837920489,402.0,396.3333333333333,667.0,487.6606333333333,179.3393666666667
2026,3,1,Lamwo,Lamwo,Palabek (refugee settlement),3.34,32.47,cereals and tubers,Maize (white),KG,1434.0,1019.0,415.0,0.4072620215897939,1168.0,1137.8333333333333,1972.0,1686.8373096820721,285.16269031792785
2026,3,1,Koboko,Koboko,Lobule (refugee settlement),3.39,31.03,cereals and tubers,Sorghum,KG,1646.0,1561.0,85.0,0.0544522741832158,1673.6666666666667,1930.1666666666667,1750.0,1669.2868519258511,80.71314807414888
2026,3,1,Arua,Terego,Rhino Camp (refugee settlement),3.17,31.31,miscellaneous food,Salt,KG,1922.0,2081.0,-159.0,-0.0764055742431523,2045.6666666666667,2038.5,1933.0,1942.4261136113043,-9.426113611304345
2026,3,1,Yumbe,Aringa,Bidibidi (refugee settlement),3.36,31.35,cereals and tubers,Millet flour,KG,5000.0,4809.0,191.0,0.039717196922437,4782.666666666667,4780.666666666667,4957.0,4803.457388027143,153.54261197285723
2026,3,1,Yumbe,Aringa,Bidibidi (refugee settlement),3.36,31.35,cereals and tubers,Cassava (fresh),KG,515.0,677.0,-162.0,-0.2392909896602658,669.3333333333334,654.8333333333334,299.0,641.8120352910549,-342.81203529105494
2026,3,1,Adjumani,Adjumani,Adjumani (refugee settlement),3.34,31.78,oil and fats,Oil (vegetable),L,7344.0,7591.0,-247.0,-0.032538532472665,7563.333333333333,7732.333333333333,7833.0,7202.837350579366,630.1626494206339
2026,3,1,Adjumani,Adjumani,Adjumani (refugee settlement),3.34,31.78,milk and dairy,Milk (fresh),L,1862.0,1988.0,-126.0,-0.0633802816901408,1945.3333333333333,1972.6666666666667,1970.0,1874.5607192283258,95.43928077167425
2026,3,1,Gulu,Gulu Municipality,Gulu,2.77,32.31,cereals and tubers,Maize flour,KG,2500.0,2665.0,-165.0,-0.0619136960600375,2532.333333333333,2682.833333333333,2783.0,2472.3355716304154,310.6644283695846
2026,3,1,Kyegegwa,Kyaka,Kyaka II (refugee settlement),0.36,31.09,cereals and tubers,Millet flour,KG,4234.0,4111.0,123.0,0.0299197275602043,4182.333333333333,4225.166666666667,4000.0,4204.385871781628,-204.38587178162834
2026,3,1,Mbale,Mbale Municipality,Mbale,1.07,34.18,cereals and tubers,Cassava flour,KG,1613.0,1687.0,-74.0,-0.0438648488441019,1650.3333333333333,1632.0,1651.0,1643.057739753035,7.942260246964906
2026,3,1,Koboko,Koboko,Lobule (refugee settlement),3.39,31.03,cereals and tubers,Millet flour,KG,4683.0,4641.0,42.0,0.0090497737556561,4761.666666666667,4739.666666666667,4792.0,4598.862212889264,193.1377871107361
2026,3,1,Kyegegwa,Kyaka,Kyaka II (refugee settlement),0.36,31.09,cereals and tubers,Sorghum,KG,2603.0,1848.0,755.0,0.4085497835497835,2071.6666666666665,2245.6666666666665,2833.0,2395.7846161400917,437.21538385990834
2026,3,1,Gulu,Gulu Municipality,Gulu,2.77,32.31,cereals and tubers,Sorghum,KG,2093.0,1977.0,116.0,0.0586747597369752,2059.0,2284.6666666666665,2127.0,2081.8445998607854,45.155400139214635
2026,3,1,Moyo,Obongi,Palorinya (refugee settlement),3.47,31.63,"meat, fish and eggs",Fish (dry),KG,19495.0,17922.0,1573.0,0.0877692221850239,18538.666666666668,18933.83333333333,30000.0,18624.13,11375.869999999999
2026,3,1,Kamwenge,Kibale,Rwamwanja (refugee settlement),0.31,30.68,cereals and tubers,Cassava (fresh),KG,672.0,705.0,-33.0,-0.0468085106382978,695.0,791.5,966.0,737.8640809418873,228.13591905811268
2026,4,2,Yumbe,Aringa,Bidibidi (refugee settlement),3.36,31.35,cereals and tubers,Cassava (fresh),KG,299.0,515.0,-216.0,-0.4194174757281553,497.0,599.6666666666666,306.0,405.1175000000001,-99.11750000000012
2026,4,2,Arua,Terego,Rhino Camp (refugee settlement),3.17,31.31,cereals and tubers,Maize (white),KG,2106.0,1967.0,139.0,0.070665988815455,1945.6666666666667,1888.1666666666667,2076.0,2119.7968385904064,-43.79683859040642
2026,4,2,Isingiro,Bukanga,Oruchinga (refugee settlement),-0.94,30.76,cereals and tubers,Cassava (fresh),KG,286.0,638.0,-352.0,-0.5517241379310345,509.3333333333333,545.1666666666666,625.0,556.0102000000002,68.98979999999983
2026,4,2,Moyo,Obongi,Palorinya (refugee settlement),3.47,31.63,vegetables and fruits,Leafy vegetables,KG,2429.0,1250.0,1179.0,0.9432,1863.6666666666667,1764.8333333333333,26111.0,2031.481465247736,24079.518534752264
2026,4,2,Arua,Terego,Imvepi (refugee settlement),3.23,31.28,cereals and tubers,Maize (white),KG,2150.0,1850.0,300.0,0.1621621621621621,1932.6666666666667,1813.5,2004.0,2223.166457417013,-219.16645741701313
2026,4,2,Arua,Terego,Rhino Camp (refugee settlement),3.17,31.31,milk and dairy,Milk (fresh),L,2000.0,1978.0,22.0,0.0111223458038422,1987.3333333333333,1993.6666666666667,2150.0,1962.7875879099497,187.2124120900503
2026,4,2,Adjumani,Adjumani,Adjumani (refugee settlement),3.34,31.78,cereals and tubers,Maize (white),KG,1720.0,1703.0,17.0,0.0099823840281855,1660.0,1597.5,1500.0,1757.7294709058472,-257.72947090584717
2026,4,2,Adjumani,Adjumani,Adjumani (refugee settlement),3.34,31.78,cereals and tubers,Cassava (fresh),KG,975.0,767.0,208.0,0.2711864406779661,777.3333333333334,684.5,677.0,786.2940848532864,-109.29408485328645
2026,4,2,Moyo,Obongi,Palorinya (refugee settlement),3.47,31.63,cereals and tubers,Cassava (fresh),KG,536.0,911.0,-375.0,-0.411635565312843,657.3333333333334,671.6666666666666,678.0,650.7088817851967,27.291118214803305
2026,4,2,Isingiro,Bukanga,Nakivale (refugee settlement),-0.78,30.96,cereals and tubers,Maize flour,KG,2410.0,2446.0,-36.0,-0.0147179067865903,2297.0,2344.0,1983.0,2345.0186513418503,-362.0186513418503
2026,4,2,Arua,Terego,Imvepi (refugee settlement),3.23,31.28,cereals and tubers,Sorghum,KG,1437.0,1133.0,304.0,0.2683142100617828,1321.6666666666667,1436.0,1267.0,1529.1041891327716,-262.1041891327716
2026,4,2,Koboko,Koboko,Lobule (refugee settlement),3.39,31.03,cereals and tubers,Cassava (fresh),KG,337.0,647.0,-310.0,-0.4791344667697063,545.0,672.0,723.0,578.7466000000001,144.25339999999994
2026,4,2,Koboko,Koboko,Lobule (refugee settlement),3.39,31.03,miscellaneous food,Salt,KG,1967.0,2190.0,-223.0,-0.1018264840182648,2179.0,2139.6666666666665,1867.0,1927.3555629485681,-60.35556294856815
2026,4,2,Kyegegwa,Kyaka,Kyaka II (refugee settlement),0.36,31.09,cereals and tubers,Cassava (fresh),KG,667.0,499.0,168.0,0.3366733466933868,497.6666666666667,453.8333333333333,649.0,566.2310433111006,82.76895668889938
2026,4,2,Kyegegwa,Kyaka,Kyaka II (refugee settlement),0.36,31.09,miscellaneous food,Salt,KG,2000.0,1747.0,253.0,0.1448196908986834,1746.6666666666667,1657.1666666666667,2000.0,1911.6226192555996,88.3773807444004
2026,4,2,Kiryandongo,Kibanda,Kiryandongo (refugee settlement),1.94,32.21,miscellaneous food,Salt,KG,1600.0,1400.0,200.0,0.1428571428571428,1569.3333333333333,1512.8333333333333,1644.0,1694.6749197595052,-50.6749197595052
2026,4,2,Moyo,Obongi,Palorinya (refugee settlement),3.47,31.63,oil and fats,Oil (vegetable),L,8083.0,6971.0,1112.0,0.1595180031559317,7299.333333333333,7086.5,7800.0,7468.149696922232,331.85030307776833
2026,4,2,Isingiro,Bukanga,Nakivale (refugee settlement),-0.78,30.96,cereals and tubers,Maize (white),KG,1430.0,1190.0,240.0,0.2016806722689075,1190.3333333333333,1155.8333333333333,1450.0,1376.1738491824703,73.82615081752965
2026,4,2,Hoima,Buhaguzi,Kyangwali (refugee settlement),1.16,30.75,cereals and tubers,Maize (white),KG,1350.0,969.0,381.0,0.3931888544891641,942.6666666666666,879.6666666666666,1371.0,1275.9151693321342,95.08483066786584
2026,4,2,Hoima,Buhaguzi,Kyangwali (refugee settlement),1.16,30.75,cereals and tubers,Cassava (fresh),KG,667.0,727.0,-60.0,-0.0825309491059147,725.3333333333334,883.3333333333334,862.0,728.011474407383,133.98852559261695
2026,4,2,Moyo,Obongi,Palorinya (refugee settlement),3.47,31.63,cereals and tubers,Maize (white),KG,1611.0,1354.0,257.0,0.189807976366322,1274.6666666666667,1149.5,1625.0,1935.0918785467304,-310.0918785467304
2026,4,2,Kamwenge,Kibale,Rwamwanja (refugee settlement),0.31,30.68,cereals and tubers,Maize (white),KG,1725.0,1429.0,296.0,0.2071378586424072,1381.0,1369.1666666666667,1425.0,1703.1510915932574,-278.15109159325743
2026,4,2,Isingiro,Bukanga,Nakivale (refugee settlement),-0.78,30.96,miscellaneous food,Salt,KG,2000.0,1889.0,111.0,0.0587612493382742,1888.6666666666667,1839.6666666666667,2000.0,1870.714517193016,129.28548280698396
2026,4,2,Kiryandongo,Kibanda,Kiryandongo (refugee settlement),1.94,32.21,cereals and tubers,Maize (white),KG,1582.0,1267.0,315.0,0.2486187845303867,1391.0,1418.0,1578.0,1717.235038785636,-139.2350387856361
2026,4,2,Adjumani,Adjumani,Adjumani (refugee settlement),3.34,31.78,cereals and tubers,Maize flour,KG,3200.0,2430.0,770.0,0.3168724279835391,2544.333333333333,2346.0,2125.0,2934.478365969931,-809.478365969931
2026,4,2,Koboko,Koboko,Lobule (refugee settlement),3.39,31.03,vegetables and fruits,Leafy vegetables,KG,1333.0,1950.0,-617.0,-0.3164102564102564,1974.3333333333333,1823.1666666666667,2148.0,1569.9319228645406,578.0680771354594
2026,4,2,Adjumani,Adjumani,Adjumani (refugee settlement),3.34,31.78,milk and dairy,Milk (fresh),L,1970.0,1862.0,108.0,0.0580021482277121,1940.0,1967.6666666666667,1970.0,1918.9518305771146,51.048169422885394
2026,4,2,Koboko,Koboko,Lobule (refugee settlement),3.39,31.03,cereals and tubers,Maize (white),KG,2067.0,1700.0,367.0,0.2158823529411764,1648.0,1665.8333333333333,1711.0,2042.3735777695495,-331.37357776954946
2026,4,2,Hoima,Buhaguzi,Kyangwali (refugee settlement),1.16,30.75,miscellaneous food,Salt,KG,2000.0,2384.0,-384.0,-0.1610738255033557,2064.6666666666665,1978.1666666666667,2000.0,1990.8844847811272,9.115515218872815
2026,4,2,Arua,Terego,Imvepi (refugee settlement),3.23,31.28,cereals and tubers,Maize flour,KG,3000.0,2611.0,389.0,0.1489850631941784,2720.0,2739.6666666666665,2796.0,3022.3927190105537,-226.39271901055372
2026,4,2,Lamwo,Lamwo,Palabek (refugee settlement),3.34,32.47,cereals and tubers,Maize (white),KG,1972.0,1434.0,538.0,0.3751743375174337,1475.0,1280.3333333333333,2000.0,2004.294395278715,-4.294395278715001
2026,4,2,Kyegegwa,Kyaka,Kyaka II (refugee settlement),0.36,31.09,vegetables and fruits,Leafy vegetables,KG,2000.0,2245.0,-245.0,-0.1091314031180401,1959.0,1769.0,2564.0,1893.6412270041883,670.3587729958117
2026,4,2,Kyegegwa,Kyaka,Kyaka II (refugee settlement),0.36,31.09,cereals and tubers,Maize (white),KG,1633.0,1125.0,508.0,0.4515555555555555,1192.6666666666667,1121.8333333333333,1550.0,1645.6721537750698,-95.67215377506977
2026,4,2,Arua,Terego,Rhino Camp (refugee settlement),3.17,31.31,miscellaneous food,Salt,KG,1933.0,1922.0,11.0,0.005723204994797,1978.6666666666667,2014.0,1941.0,1950.2818321234108,-9.281832123410823
2026,4,2,Yumbe,Aringa,Bidibidi (refugee settlement),3.36,31.35,oil and fats,Oil (vegetable),L,8674.0,8019.0,655.0,0.0816810076069335,7956.333333333333,7555.166666666667,9071.0,7796.598305555555,1274.4016944444447
2026,4,2,Yumbe,Aringa,Bidibidi (refugee settlement),3.36,31.35,cereals and tubers,Maize (white),KG,2178.0,1731.0,447.0,0.2582322357019064,1763.6666666666667,1685.0,2000.0,1924.175952298935,75.82404770106496
2026,4,2,Arua,Terego,Imvepi (refugee settlement),3.23,31.28,milk and dairy,Milk (fresh),L,2000.0,1500.0,500.0,0.3333333333333333,1960.3333333333333,2133.5,2000.0,1952.0857723615104,47.91422763848959
2026,4,2,Hoima,Buhaguzi,Kyangwali (refugee settlement),1.16,30.75,cereals and tubers,Maize flour,KG,3500.0,2726.0,774.0,0.2839325018341893,2940.333333333333,2856.1666666666665,3457.0,3572.9536787724974,-115.95367877249737
2026,4,2,Arua,Terego,Imvepi (refugee settlement),3.23,31.28,cereals and tubers,Cassava (fresh),KG,658.0,551.0,107.0,0.1941923774954627,537.6666666666666,574.8333333333334,656.0,604.655275172647,51.34472482735305
2026,4,2,Kiryandongo,Kibanda,Kiryandongo (refugee settlement),1.94,32.21,vegetables and fruits,Leafy vegetables,KG,2444.0,3382.0,-938.0,-0.2773506800709639,3244.0,3663.3333333333335,3241.0,2975.827262035887,265.1727379641129
2026,4,2,Kiryandongo,Kibanda,Kiryandongo (refugee settlement),1.94,32.21,cereals and tubers,Cassava (fresh),KG,617.0,690.0,-73.0,-0.1057971014492753,682.6666666666666,781.6666666666666,955.0,691.653461782123,263.34653821787697
2026,4,2,Arua,Terego,Rhino Camp (refugee settlement),3.17,31.31,cereals and tubers,Millet flour,KG,5172.0,5017.0,155.0,0.0308949571457046,4973.333333333333,4908.0,5441.0,5001.1660302074415,439.8339697925585
2026,4,2,Kamwenge,Kibale,Rwamwanja (refugee settlement),0.31,30.68,miscellaneous food,Salt,KG,1900.0,2000.0,-100.0,-0.05,1924.3333333333333,1864.8333333333333,2000.0,1823.3458002577618,176.65419974223823
2026,4,2,Adjumani,Adjumani,Adjumani (refugee settlement),3.34,31.78,miscellaneous food,Salt,KG,1960.0,2033.0,-73.0,-0.0359075258239055,2016.3333333333333,2014.3333333333333,2000.0,1968.8658186834655,31.134181316534523
2026,4,2,Arua,Terego,Imvepi (refugee settlement),3.23,31.28,miscellaneous food,Salt,KG,1887.0,1856.0,31.0,0.0167025862068965,1856.0,1844.0,1858.0,1831.0578506392746,26.942149360725352
2026,4,2,Hoima,Buhaguzi,Kyangwali (refugee settlement),1.16,30.75,cereals and tubers,Millet flour,KG,3000.0,4426.0,-1426.0,-0.3221870763669227,3973.6666666666665,4187.333333333333,4000.0,3103.080450641463,896.9195493585371
2026,4,2,Arua,Terego,Rhino Camp (refugee settlement),3.17,31.31,cereals and tubers,Cassava (fresh),KG,377.0,582.0,-205.0,-0.352233676975945,491.3333333333333,522.6666666666666,355.0,431.6180363636364,-76.6180363636364
2026,4,2,Isingiro,Bukanga,Oruchinga (refugee settlement),-0.94,30.76,cereals and tubers,Maize (white),KG,1325.0,1100.0,225.0,0.2045454545454545,1065.3333333333333,1097.6666666666667,1450.0,1334.1589808146632,115.84101918533679
2026,4,2,Lamwo,Lamwo,Palabek (refugee settlement),3.34,32.47,vegetables and fruits,Leafy vegetables,KG,1672.0,2146.0,-474.0,-0.2208760484622553,2283.0,2493.833333333333,2633.0,2113.930170812361,519.0698291876388
2026,4,2,Isingiro,Bukanga,Oruchinga (refugee settlement),-0.94,30.76,miscellaneous food,Salt,KG,2000.0,1863.0,137.0,0.0735373054213633,1862.6666666666667,1816.0,2000.0,1855.0813410434337,144.91865895656633
2026,4,2,Kamwenge,Kibale,Rwamwanja (refugee settlement),0.31,30.68,cereals and tubers,Cassava (fresh),KG,966.0,672.0,294.0,0.4375,781.0,781.5,644.0,791.7445204023242,-147.74452040232416
2026,4,2,Arua,Terego,Rhino Camp (refugee settlement),3.17,31.31,cereals and tubers,Maize flour,KG,3367.0,3211.0,156.0,0.048582995951417,3065.333333333333,2983.6666666666665,3412.0,3284.283510363802,127.71648963619782
2026,4,2,Adjumani,Adjumani,Adjumani (refugee settlement),3.34,31.78,cereals and tubers,Sorghum,KG,1789.0,1439.0,350.0,0.2432244614315497,1486.0,1496.5,1500.0,1808.3070722445,-308.3070722445
2026,4,2,Isingiro,Bukanga,Nakivale (refugee settlement),-0.78,30.96,cereals and tubers,Cassava (fresh),KG,466.0,596.0,-130.0,-0.2181208053691275,527.3333333333334,534.5,757.0,575.9336542915406,181.06634570845938
2026,4,2,Isingiro,Bukanga,Nakivale (refugee settlement),-0.78,30.96,oil and fats,Oil (vegetable),L,7800.0,8895.0,-1095.0,-0.1231028667790893,8304.666666666666,8182.5,7917.0,7756.256459257498,160.74354074250186
2026,4,2,Kamwenge,Kibale,Rwamwanja (refugee settlement),0.31,30.68,cereals and tubers,Millet flour,KG,4250.0,4357.0,-107.0,-0.0245581822354831,4215.666666666667,4211.833333333333,3750.0,4285.353466659515,-535.3534666595151
2026,4,2,Moyo,Obongi,Palorinya (refugee settlement),3.47,31.63,"meat, fish and eggs",Fish (dry),KG,30000.0,19495.0,10505.0,0.5388561169530649,22472.33333333333,21268.83333333333,22222.0,24441.522727272724,-2219.5227272727243
2026,4,2,Koboko,Koboko,Lobule (refugee settlement),3.39,31.03,cereals and tubers,Sorghum,KG,1750.0,1646.0,104.0,0.06318347509113,1652.3333333333333,1843.3333333333333,1944.0,1735.8029101841448,208.19708981585518
2026,4,2,Kyegegwa,Kyaka,Kyaka II (refugee settlement),0.36,31.09,pulses and nuts,Beans,KG,2833.0,2280.0,553.0,0.2425438596491228,2462.0,2159.333333333333,2633.0,2577.134877336767,55.865122663232796
2026,4,2,Kiryandongo,Kibanda,Kiryandongo (refugee settlement),1.94,32.21,oil and fats,Oil (vegetable),L,7682.0,7833.0,-151.0,-0.0192774160602578,7594.666666666667,7452.166666666667,7844.0,7429.036273048293,414.96372695170703
2026,4,2,Lamwo,Lamwo,Palabek (refugee settlement),3.34,32.47,"meat, fish and eggs",Fish (dry),KG,23803.0,22899.0,904.0,0.0394777064500633,23811.0,24091.33333333333,27930.0,25404.7,2525.2999999999993
2026,4,2,Adjumani,Adjumani,Adjumani (refugee settlement),3.34,31.78,cereals and tubers,Millet flour,KG,4100.0,4175.0,-75.0,-0.0179640718562874,4106.0,4373.666666666667,3000.0,3973.7809893295052,-973.7809893295052
2026,4,2,Koboko,Koboko,Lobule (refugee settlement),3.39,31.03,pulses and nuts,Beans,KG,4167.0,3958.0,209.0,0.0528044466902476,3977.0,4010.0,4000.0,4145.072663758588,-145.07266375858762
2026,4,2,Koboko,Koboko,Lobule (refugee settlement),3.39,31.03,milk and dairy,Milk (fresh),L,2000.0,2000.0,0.0,0.0,1983.3333333333333,1980.1666666666667,2000.0,1910.0257887491493,89.97421125085066
2026,4,2,Lamwo,Lamwo,Palabek (refugee settlement),3.34,32.47,cereals and tubers,Maize flour,KG,3063.0,2963.0,100.0,0.0337495781302733,3031.6666666666665,2905.0,3000.0,3094.16846049132,-94.16846049131982
2026,4,2,Yumbe,Aringa,Bidibidi (refugee settlement),3.36,31.35,cereals and tubers,Millet flour,KG,4957.0,5000.0,-43.0,-0.0086,4922.0,4823.0,4071.0,4795.944486014179,-724.9444860141793
2026,4,2,Kyegegwa,Kyaka,Kyaka II (refugee settlement),0.36,31.09,"meat, fish and eggs",Fish (dry),KG,20000.0,27251.0,-7251.0,-0.2660819786429856,26895.0,30411.33333333333,19444.0,27917.35,-8473.349999999999
2026,4,2,Adjumani,Adjumani,Adjumani (refugee settlement),3.34,31.78,vegetables and fruits,Leafy vegetables,KG,1288.0,1846.0,-558.0,-0.3022751895991332,1855.3333333333333,1862.1666666666667,2353.0,1458.4240711674117,894.5759288325883
2026,4,2,Kyegegwa,Kyaka,Kyaka II (refugee settlement),0.36,31.09,cereals and tubers,Maize flour,KG,3333.0,2898.0,435.0,0.150103519668737,3056.333333333333,2950.333333333333,3383.0,3198.154843491317,184.84515650868298
2026,4,2,Koboko,Koboko,Lobule (refugee settlement),3.39,31.03,"meat, fish and eggs",Fish (dry),KG,17664.0,19133.0,-1469.0,-0.0767783410860816,17998.333333333332,21433.33333333333,23056.0,20192.62,2863.380000000001
2026,4,2,Kiryandongo,Kibanda,Kiryandongo (refugee settlement),1.94,32.21,pulses and nuts,Beans,KG,3318.0,3167.0,151.0,0.0476791916640353,3232.6666666666665,3136.333333333333,3444.0,3468.965319096851,-24.96531909685109
2026,4,2,Kamwenge,Kibale,Rwamwanja (refugee settlement),0.31,30.68,cereals and tubers,Sorghum,KG,3313.0,3357.0,-44.0,-0.0131069407208817,2947.333333333333,2637.6666666666665,4000.0,3085.505517353256,914.494482646744
2026,4,2,Isingiro,Bukanga,Oruchinga (refugee settlement),-0.94,30.76,vegetables and fruits,Leafy vegetables,KG,1667.0,2378.0,-711.0,-0.2989907485281749,1981.0,1874.0,3333.0,1948.5049429274325,1384.4950570725675
2026,4,2,Koboko,Koboko,Lobule (refugee settlement),3.39,31.03,oil and fats,Oil (vegetable),L,8125.0,7583.0,542.0,0.0714756692601872,7526.333333333333,7446.333333333333,8000.0,7463.721426838635,536.2785731613649
2026,4,2,Kiryandongo,Kibanda,Kiryandongo (refugee settlement),1.94,32.21,"meat, fish and eggs",Fish (dry),KG,30000.0,26755.0,3245.0,0.1212857409829938,29732.666666666668,29770.0,35000.0,28543.83,6456.169999999998
2026,4,2,Kamwenge,Kibale,Rwamwanja (refugee settlement),0.31,30.68,pulses and nuts,Beans,KG,2500.0,2286.0,214.0,0.0936132983377077,2436.6666666666665,2370.333333333333,2938.0,2561.3078205333154,376.6921794666846
2026,4,2,Kiryandongo,Kibanda,Kiryandongo (refugee settlement),1.94,32.21,cereals and tubers,Sorghum,KG,2227.0,2000.0,227.0,0.1135,2148.333333333333,2140.5,2500.0,2265.8176776518867,234.1823223481133
2026,4,2,Isingiro,Bukanga,Nakivale (refugee settlement),-0.78,30.96,milk and dairy,Milk (fresh),L,1600.0,1655.0,-55.0,-0.0332326283987915,1688.3333333333333,1776.5,2000.0,1650.4235409334308,349.5764590665692
2026,4,2,Moyo,Obongi,Palorinya (refugee settlement),3.47,31.63,cereals and tubers,Maize flour,KG,2625.0,2400.0,225.0,0.09375,2241.333333333333,2187.6666666666665,3000.0,2565.425072690603,434.574927309397
2026,4,2,Yumbe,Aringa,Bidibidi (refugee settlement),3.36,31.35,"meat, fish and eggs",Fish (dry),KG,14799.0,24373.0,-9574.0,-0.3928117178845444,22216.0,23843.166666666668,19540.0,17564.57,1975.4300000000003
2026,4,2,Kamwenge,Kibale,Rwamwanja (refugee settlement),0.31,30.68,milk and dairy,Milk (fresh),L,2000.0,1500.0,500.0,0.3333333333333333,1665.3333333333333,1582.8333333333333,2000.0,2013.7883756452402,-13.788375645240194
2026,4,2,Isingiro,Bukanga,Oruchinga (refugee settlement),-0.94,30.76,oil and fats,Oil (vegetable),L,7750.0,8961.0,-1211.0,-0.1351411672804374,8354.0,8289.5,8000.0,7896.458918379575,103.54108162042485
2026,4,2,Koboko,Koboko,Lobule (refugee settlement),3.39,31.03,cereals and tubers,Millet flour,KG,4792.0,4683.0,109.0,0.0232756779841981,4705.333333333333,4767.5,4556.0,4680.800774373151,-124.8007743731514
2026,4,2,Hoima,Buhaguzi,Kyangwali (refugee settlement),1.16,30.75,oil and fats,Oil (vegetable),L,9500.0,8717.0,783.0,0.0898244808993919,8693.0,8311.166666666666,9071.0,8973.504821469347,97.49517853065299
2026,4,2,Arua,Terego,Rhino Camp (refugee settlement),3.17,31.31,oil and fats,Oil (vegetable),L,7828.0,7583.0,245.0,0.032309112488461,7451.333333333333,7222.333333333333,7818.0,7666.677530834409,151.32246916559143
2026,4,2,Arua,Terego,Imvepi (refugee settlement),3.23,31.28,oil and fats,Oil (vegetable),L,7683.0,7500.0,183.0,0.0244,7160.666666666667,6945.666666666667,8042.0,7694.394265577613,347.6057344223873
2026,4,2,Yumbe,Aringa,Bidibidi (refugee settlement),3.36,31.35,cereals and tubers,Sorghum,KG,1704.0,1819.0,-115.0,-0.0632215503023639,1774.0,1896.8333333333333,1929.0,1733.3443243731524,195.6556756268476
2026,4,2,Kyegegwa,Kyaka,Kyaka II (refugee settlement),0.36,31.09,cereals and tubers,Millet flour,KG,4000.0,4234.0,-234.0,-0.055266887104393,4115.0,4201.166666666667,4117.0,4037.639586798008,79.36041320199183
2026,4,2,Adjumani,Adjumani,Adjumani (refugee settlement),3.34,31.78,oil and fats,Oil (vegetable),L,7833.0,7344.0,489.0,0.0665849673202614,7589.333333333333,7720.166666666667,7625.0,7623.246140601836,1.7538593981644226
2026,4,2,Kyegegwa,Kyaka,Kyaka II (refugee settlement),0.36,31.09,cereals and tubers,Sorghum,KG,2833.0,2603.0,230.0,0.0883595850941221,2428.0,2306.0,3250.0,2528.2159587617903,721.7840412382097
2026,4,2,Lamwo,Lamwo,Palabek (refugee settlement),3.34,32.47,cereals and tubers,Sorghum,KG,1686.0,1356.0,330.0,0.243362831858407,1368.3333333333333,1308.8333333333333,1367.0,1726.977235470937,-359.9772354709371
2026,4,2,Yumbe,Aringa,Bidibidi (refugee settlement),3.36,31.35,pulses and nuts,Beans,KG,4043.0,3985.0,58.0,0.0145545796737766,4136.666666666667,4227.166666666667,3857.0,4157.628424351293,-300.6284243512928
2026,4,2,Kiryandongo,Kibanda,Kiryandongo (refugee settlement),1.94,32.21,cereals and tubers,Millet flour,KG,4273.0,4667.0,-394.0,-0.0844225412470537,4474.0,4528.333333333333,4722.0,4517.0535968296745,204.94640317032554
2026,4,2,Yumbe,Aringa,Bidibidi (refugee settlement),3.36,31.35,cereals and tubers,Maize flour,KG,3061.0,2977.0,84.0,0.0282163251595566,2970.6666666666665,3049.833333333333,2643.0,3021.0659127640747,-378.0659127640747
2026,4,2,Kiryandongo,Kibanda,Kiryandongo (refugee settlement),1.94,32.21,milk and dairy,Milk (fresh),L,1867.0,1675.0,192.0,0.1146268656716417,1797.0,1773.0,2000.0,1857.3100870519404,142.6899129480596
2026,4,2,Kamwenge,Kibale,Rwamwanja (refugee settlement),0.31,30.68,oil and fats,Oil (vegetable),L,9500.0,9571.0,-71.0,-0.0074182426078779,9409.333333333334,9321.166666666666,8000.0,9172.243102612441,-1172.2431026124414
2026,4,2,Moyo,Obongi,Palorinya (refugee settlement),3.47,31.63,pulses and nuts,Beans,KG,3511.0,3883.0,-372.0,-0.0958022147823847,3556.333333333333,3431.6666666666665,3550.0,3647.848010426674,-97.84801042667414
2026,4,2,Moyo,Obongi,Palorinya (refugee settlement),3.47,31.63,cereals and tubers,Millet flour,KG,4188.0,4357.0,-169.0,-0.0387881569887537,4681.333333333333,4989.666666666667,4500.0,4424.639434788599,75.36056521140108
2026,4,2,Isingiro,Bukanga,Oruchinga (refugee settlement),-0.94,30.76,milk and dairy,Milk (fresh),L,1600.0,1528.0,72.0,0.0471204188481675,1561.3333333333333,1642.6666666666667,2000.0,1658.9792386313004,341.0207613686996
2026,4,2,Lamwo,Lamwo,Palabek (refugee settlement),3.34,32.47,pulses and nuts,Beans,KG,3893.0,3432.0,461.0,0.1343240093240093,3460.0,3234.333333333333,3167.0,3897.119047337415,-730.1190473374149
2026,4,2,Lamwo,Lamwo,Palabek (refugee settlement),3.34,32.47,cereals and tubers,Millet flour,KG,4613.0,3641.0,972.0,0.2669596264762428,3743.3333333333335,3617.0,5333.0,4427.98088492369,905.0191150763103
2026,4,2,Arua,Terego,Imvepi (refugee settlement),3.23,31.28,vegetables and fruits,Leafy vegetables,KG,1167.0,1333.0,-166.0,-0.1245311327831958,1703.0,2951.333333333333,2353.0,1718.8969696969698,634.1030303030302
2026,4,2,Yumbe,Aringa,Bidibidi (refugee settlement),3.36,31.35,vegetables and fruits,Leafy vegetables,KG,929.0,1358.0,-429.0,-0.3159057437407953,1188.3333333333333,1128.1666666666667,638.0,1388.704392147445,-750.7043921474451
2026,4,2,Hoima,Buhaguzi,Kyangwali (refugee settlement),1.16,30.75,vegetables and fruits,Leafy vegetables,KG,2000.0,3125.0,-1125.0,-0.36,2839.333333333333,3406.833333333333,2500.0,2498.1684383920133,1.831561607986714
2026,4,2,Isingiro,Bukanga,Nakivale (refugee settlement),-0.78,30.96,pulses and nuts,Beans,KG,2480.0,1714.0,766.0,0.4469078179696616,1778.3333333333333,1506.0,2000.0,2436.2521257354438,-436.25212573544377
2026,4,2,Hoima,Buhaguzi,Kyangwali (refugee settlement),1.16,30.75,milk and dairy,Milk (fresh),L,1750.0,1750.0,0.0,0.0,1833.3333333333333,1906.8333333333333,2000.0,1775.8355195452737,224.16448045472634
2026,4,2,Kyegegwa,Kyaka,Kyaka II (refugee settlement),0.36,31.09,oil and fats,Oil (vegetable),L,7667.0,8540.0,-873.0,-0.1022248243559719,7905.333333333333,7835.833333333333,8167.0,7669.8840869398255,497.11591306017453
2026,4,2,Arua,Terego,Imvepi (refugee settlement),3.23,31.28,pulses and nuts,Beans,KG,4210.0,3850.0,360.0,0.0935064935064935,3998.3333333333335,3995.3333333333335,3671.0,4237.001204169048,-566.0012041690479
2026,4,2,Arua,Terego,Rhino Camp (refugee settlement),3.17,31.31,"meat, fish and eggs",Fish (dry),KG,25134.0,22732.0,2402.0,0.1056660214675347,24087.33333333333,23973.666666666668,14815.0,22396.85,-7581.8499999999985
2026,4,2,Moyo,Obongi,Palorinya (refugee settlement),3.47,31.63,miscellaneous food,Salt,KG,2000.0,2000.0,0.0,0.0,1994.6666666666667,1993.1666666666667,2000.0,2021.4823343586445,-21.482334358644493
2026,4,2,Lamwo,Lamwo,Palabek (refugee settlement),3.34,32.47,oil and fats,Oil (vegetable),L,8038.0,7366.0,672.0,0.0912299755633994,7679.666666666667,7743.666666666667,8000.0,7770.899528663333,229.1004713366674
2026,4,2,Moyo,Obongi,Palorinya (refugee settlement),3.47,31.63,cereals and tubers,Sorghum,KG,1439.0,1767.0,-328.0,-0.1856253537068477,1613.6666666666667,1718.1666666666667,1500.0,1578.958655318035,-78.95865531803497
2026,4,2,Hoima,Buhaguzi,Kyangwali (refugee settlement),1.16,30.75,pulses and nuts,Beans,KG,2750.0,2198.0,552.0,0.2511373976342129,2352.333333333333,2337.5,2857.0,2763.8079995671287,93.19200043287128
2026,4,2,Kamwenge,Kibale,Rwamwanja (refugee settlement),0.31,30.68,"meat, fish and eggs",Fish (dry),KG,36667.0,23772.0,12895.0,0.5424448931516069,28972.0,29178.5,19444.0,28771.81,-9327.810000000001
2026,4,2,Arua,Terego,Imvepi (refugee settlement),3.23,31.28,"meat, fish and eggs",Fish (dry),KG,29167.0,25000.0,4167.0,0.16668,27438.666666666668,27992.0,24315.0,25792.66,-1477.6599999999999
2026,4,2,Isingiro,Bukanga,Nakivale (refugee settlement),-0.78,30.96,vegetables and fruits,Leafy vegetables,KG,1402.0,2243.0,-841.0,-0.3749442710655372,1757.6666666666667,1554.0,2870.0,1570.3728391206898,1299.6271608793102
2026,4,2,Yumbe,Aringa,Bidibidi (refugee settlement),3.36,31.35,milk and dairy,Milk (fresh),L,2000.0,1200.0,800.0,0.6666666666666666,1793.3333333333333,1968.0,1750.0,1686.0671206316767,63.932879368323256
2026,4,2,Adjumani,Adjumani,Adjumani (refugee settlement),3.34,31.78,"meat, fish and eggs",Fish (dry),KG,26052.0,23330.0,2722.0,0.1166738105443634,24991.33333333333,24154.5,19540.0,26862.475875,-7322.475875
2026,4,2,Arua,Terego,Rhino Camp (refugee settlement),3.17,31.31,pulses and nuts,Beans,KG,3539.0,3367.0,172.0,0.051084051084051,3312.333333333333,3329.1666666666665,3529.0,3642.6393402010835,-113.63934020108354
2026,4,2,Kamwenge,Kibale,Rwamwanja (refugee settlement),0.31,30.68,cereals and tubers,Maize flour,KG,2875.0,2857.0,18.0,0.0063003150157507,2706.333333333333,2679.833333333333,3000.0,2588.4706733237695,411.52932667623054
2026,4,2,Hoima,Buhaguzi,Kyangwali (refugee settlement),1.16,30.75,cereals and tubers,Sorghum,KG,1800.0,3218.0,-1418.0,-0.4406463642013673,2698.6666666666665,2747.0,2114.0,1600.0736212252966,513.9263787747034
2026,4,2,Hoima,Buhaguzi,Kyangwali (refugee settlement),1.16,30.75,"meat, fish and eggs",Fish (dry),KG,20000.0,21245.0,-1245.0,-0.0586020240056483,20889.0,21682.0,22500.0,20459.57533333333,2040.4246666666695
2026,4,2,Isingiro,Bukanga,Nakivale (refugee settlement),-0.78,30.96,cereals and tubers,Sorghum,KG,1900.0,2355.0,-455.0,-0.1932059447983015,1869.0,1785.8333333333333,1733.0,1874.3216226049328,-141.32162260493283
2026,4,2,Lamwo,Lamwo,Palabek (refugee settlement),3.34,32.47,milk and dairy,Milk (fresh),L,1995.0,1840.0,155.0,0.0842391304347826,1926.3333333333333,1959.1666666666667,2000.0,1934.4560641424669,65.54393585753314
2026,4,2,Kyegegwa,Kyaka,Kyaka II (refugee settlement),0.36,31.09,milk and dairy,Milk (fresh),L,1686.0,1686.0,0.0,0.0,1748.0,1802.8333333333333,4000.0,1679.8981081050872,2320.101891894913
2026,4,2,Isingiro,Bukanga,Oruchinga (refugee settlement),-0.94,30.76,"meat, fish and eggs",Fish (dry),KG,18602.0,18602.0,0.0,0.0,17780.333333333332,16604.0,19444.0,20984.109375,-1540.109375
2026,4,2,Isingiro,Bukanga,Oruchinga (refugee settlement),-0.94,30.76,pulses and nuts,Beans,KG,2625.0,1477.0,1148.0,0.7772511848341233,1590.0,1310.8333333333333,1900.0,2095.524868089431,-195.52486808943104
2026,4,2,Koboko,Koboko,Lobule (refugee settlement),3.39,31.03,cereals and tubers,Maize flour,KG,3125.0,3083.0,42.0,0.0136230943885825,2987.6666666666665,2914.833333333333,3089.0,3058.810536190866,30.18946380913394
2026,4,2,Arua,Terego,Rhino Camp (refugee settlement),3.17,31.31,cereals and tubers,Sorghum,KG,1994.0,1878.0,116.0,0.0617678381256656,1940.0,1980.6666666666667,2047.0,1889.735135021724,157.2648649782759
2026,4,2,Isingiro,Bukanga,Oruchinga (refugee settlement),-0.94,30.76,cereals and tubers,Maize flour,KG,2250.0,2617.0,-367.0,-0.1402369124952235,2414.6666666666665,2417.6666666666665,2200.0,2268.7650333214815,-68.7650333214815
2026,4,2,Isingiro,Bukanga,Oruchinga (refugee settlement),-0.94,30.76,cereals and tubers,Sorghum,KG,1600.0,2814.0,-1214.0,-0.4314143567874911,2228.333333333333,2083.0,1700.0,1891.1575644750844,-191.15756447508443
2026,4,2,Arua,Terego,Imvepi (refugee settlement),3.23,31.28,cereals and tubers,Millet flour,KG,4467.0,4000.0,467.0,0.11675,4164.333333333333,4328.833333333333,4604.0,4297.807294588691,306.19270541130936
2026,4,2,Yumbe,Aringa,Bidibidi (refugee settlement),3.36,31.35,miscellaneous food,Salt,KG,1870.0,1884.0,-14.0,-0.0074309978768577,1863.0,1928.0,2000.0,1865.2426892972687,134.75731070273127
2026,4,2,Adjumani,Adjumani,Adjumani (refugee settlement),3.34,31.78,pulses and nuts,Beans,KG,3890.0,3459.0,431.0,0.1246024862677074,3486.333333333333,3246.6666666666665,3750.0,4124.488981066202,-374.48898106620163
2026,4,2,Lamwo,Lamwo,Palabek (refugee settlement),3.34,32.47,miscellaneous food,Salt,KG,1936.0,1958.0,-22.0,-0.0112359550561797,1933.3333333333333,1852.8333333333333,2000.0,1924.0949710904338,75.90502890956623
2026,4,2,Arua,Terego,Rhino Camp (refugee settlement),3.17,31.31,vegetables and fruits,Leafy vegetables,KG,2885.0,1561.0,1324.0,0.8481742472773863,2664.0,2338.6666666666665,3448.0,2647.0535135755545,800.9464864244455
2026,4,2,Kiryandongo,Kibanda,Kiryandongo (refugee settlement),1.94,32.21,cereals and tubers,Maize flour,KG,2473.0,2531.0,-58.0,-0.0229158435401027,2403.0,2404.1666666666665,2567.0,2305.6807142749276,261.3192857250724
2026,4,2,Isingiro,Bukanga,Nakivale (refugee settlement),-0.78,30.96,"meat, fish and eggs",Fish (dry),KG,19221.0,19221.0,0.0,0.0,18605.666666666668,18403.166666666668,22281.0,23309.129375,-1028.1293750000004
2026,5,2,Koboko,Koboko,Lobule (refugee settlement),3.39,31.03,cereals and tubers,Cassava (fresh),KG,723.0,337.0,386.0,1.14540059347181,569.0,691.8333333333334,300.0,631.4867589786932,-331.48675897869316
2026,5,2,Yumbe,Aringa,Bidibidi (refugee settlement),3.36,31.35,cereals and tubers,Sorghum,KG,1929.0,1704.0,225.0,0.1320422535211267,1817.3333333333333,1868.3333333333333,1829.0,1937.7493731129791,-108.74937311297913
2026,5,2,Arua,Terego,Imvepi (refugee settlement),3.23,31.28,cereals and tubers,Sorghum,KG,1267.0,1437.0,-170.0,-0.1183020180932498,1279.0,1337.5,1408.0,1379.688279096507,28.311720903493097
2026,5,2,Kamwenge,Kibale,Rwamwanja (refugee settlement),0.31,30.68,milk and dairy,Milk (fresh),L,2000.0,2000.0,0.0,0.0,1833.3333333333333,1666.1666666666667,2000.0,1979.582963591398,20.417036408601916
2026,5,2,Arua,Terego,Imvepi (refugee settlement),3.23,31.28,cereals and tubers,Millet flour,KG,4604.0,4467.0,137.0,0.0306693530333557,4357.0,4318.333333333333,4654.0,4473.985376273255,180.0146237267454
2026,5,2,Lamwo,Lamwo,Palabek (refugee settlement),3.34,32.47,cereals and tubers,Sorghum,KG,1367.0,1686.0,-319.0,-0.1892052194543297,1469.6666666666667,1347.8333333333333,1439.0,1675.7914372076555,-236.79143720765546
2026,5,2,Yumbe,Aringa,Bidibidi (refugee settlement),3.36,31.35,milk and dairy,Milk (fresh),L,1750.0,2000.0,-250.0,-0.125,1650.0,1926.3333333333333,1750.0,1750.6679841796151,-0.6679841796151322
2026,5,2,Kiryandongo,Kibanda,Kiryandongo (refugee settlement),1.94,32.21,milk and dairy,Milk (fresh),L,2000.0,1867.0,133.0,0.0712372790573112,1847.3333333333333,1828.5,1867.0,1922.388755031433,-55.38875503143299
2026,5,2,Moyo,Obongi,Palorinya (refugee settlement),3.47,31.63,cereals and tubers,Sorghum,KG,1500.0,1439.0,61.0,0.0423905489923558,1568.6666666666667,1634.8333333333333,1415.0,1555.5515346794994,-140.55153467949935
2026,5,2,Kiryandongo,Kibanda,Kiryandongo (refugee settlement),1.94,32.21,cereals and tubers,Cassava (fresh),KG,955.0,617.0,338.0,0.5478119935170178,754.0,779.1666666666666,1431.0,895.4294271732354,535.5705728267646
2026,5,2,Arua,Terego,Imvepi (refugee settlement),3.23,31.28,milk and dairy,Milk (fresh),L,2000.0,2000.0,0.0,0.0,1833.3333333333333,2133.5,2000.0,1960.1996698421033,39.800330157896724
2026,5,2,Moyo,Obongi,Palorinya (refugee settlement),3.47,31.63,milk and dairy,Milk (fresh),L,2000.0,2146.0,-146.0,-0.0680335507921714,2086.333333333333,2043.1666666666667,2000.0,1998.5674827312625,1.432517268737456
2026,5,2,Isingiro,Bukanga,Nakivale (refugee settlement),-0.78,30.96,milk and dairy,Milk (fresh),L,2000.0,1600.0,400.0,0.25,1751.6666666666667,1809.8333333333333,2000.0,1943.2114148863702,56.78858511362978
2026,5,2,Hoima,Buhaguzi,Kyangwali (refugee settlement),1.16,30.75,cereals and tubers,Cassava (fresh),KG,862.0,667.0,195.0,0.2923538230884557,752.0,799.6666666666666,1000.0,835.5193392818012,164.4806607181988
2026,5,2,Kyegegwa,Kyaka,Kyaka II (refugee settlement),0.36,31.09,milk and dairy,Milk (fresh),L,4000.0,1686.0,2314.0,1.3724792408066429,2457.333333333333,2187.5,2000.0,2203.665,-203.66499999999996
2026,5,2,Kamwenge,Kibale,Rwamwanja (refugee settlement),0.31,30.68,cereals and tubers,Sorghum,KG,4000.0,3313.0,687.0,0.2073649260488982,3556.6666666666665,3005.333333333333,3250.0,3766.0876125246305,-516.0876125246305
2026,5,2,Isingiro,Bukanga,Nakivale (refugee settlement),-0.78,30.96,cereals and tubers,Cassava (fresh),KG,757.0,466.0,291.0,0.6244635193133047,606.3333333333334,563.1666666666666,711.0,828.1630183494527,-117.16301834945273
2026,5,2,Isingiro,Bukanga,Oruchinga (refugee settlement),-0.94,30.76,cereals and tubers,Sorghum,KG,1700.0,1600.0,100.0,0.0625,2038.0,2066.333333333333,1933.0,2019.883172714729,-86.88317271472897
2026,5,2,Lamwo,Lamwo,Palabek (refugee settlement),3.34,32.47,milk and dairy,Milk (fresh),L,2000.0,1995.0,5.0,0.0025062656641604,1945.0,1959.1666666666667,2000.0,1957.9580690084676,42.041930991532354
2026,5,2,Kiryandongo,Kibanda,Kiryandongo (refugee settlement),1.94,32.21,cereals and tubers,Sorghum,KG,2500.0,2227.0,273.0,0.1225864391558149,2242.333333333333,2189.1666666666665,2125.0,2291.3606382995404,-166.36063829954037
2026,5,2,Arua,Terego,Rhino Camp (refugee settlement),3.17,31.31,cereals and tubers,Cassava (fresh),KG,355.0,377.0,-22.0,-0.0583554376657824,438.0,510.6666666666667,186.0,443.4161000000001,-257.4161000000001
2026,5,2,Isingiro,Bukanga,Oruchinga (refugee settlement),-0.94,30.76,cereals and tubers,Cassava (fresh),KG,625.0,286.0,339.0,1.1853146853146854,516.3333333333334,550.1666666666666,577.0,668.5868346883468,-91.58683468834681
2026,5,2,Koboko,Koboko,Lobule (refugee settlement),3.39,31.03,milk and dairy,Milk (fresh),L,2000.0,2000.0,0.0,0.0,2000.0,1980.1666666666667,2000.0,1956.129268643094,43.870731356905935
2026,5,2,Koboko,Koboko,Lobule (refugee settlement),3.39,31.03,cereals and tubers,Sorghum,KG,1944.0,1750.0,194.0,0.1108571428571428,1780.0,1809.0,1500.0,1915.2370320696036,-415.23703206960363
2026,5,2,Adjumani,Adjumani,Adjumani (refugee settlement),3.34,31.78,cereals and tubers,Sorghum,KG,1500.0,1789.0,-289.0,-0.1615427613191727,1576.0,1446.5,1580.0,1683.2995898942695,-103.2995898942695
2026,5,2,Isingiro,Bukanga,Nakivale (refugee settlement),-0.78,30.96,cereals and tubers,Sorghum,KG,1733.0,1900.0,-167.0,-0.0878947368421052,1996.0,1796.8333333333333,1920.0,1659.4372182870952,260.5627817129048
2026,5,2,Kyegegwa,Kyaka,Kyaka II (refugee settlement),0.36,31.09,cereals and tubers,Sorghum,KG,3250.0,2833.0,417.0,0.1471937875044122,2895.333333333333,2439.5,2000.0,3259.0193160545314,-1259.0193160545314
2026,5,2,Adjumani,Adjumani,Adjumani (refugee settlement),3.34,31.78,milk and dairy,Milk (fresh),L,1970.0,1970.0,0.0,0.0,1934.0,1962.6666666666667,2083.0,1931.6170718536646,151.38292814633542
2026,5,2,Hoima,Buhaguzi,Kyangwali (refugee settlement),1.16,30.75,cereals and tubers,Sorghum,KG,2114.0,1800.0,314.0,0.1744444444444444,2377.333333333333,2604.1666666666665,2000.0,2060.188402330779,-60.1884023307789
2026,5,2,Isingiro,Bukanga,Oruchinga (refugee settlement),-0.94,30.76,milk and dairy,Milk (fresh),L,2000.0,1600.0,400.0,0.25,1709.3333333333333,1709.3333333333333,2000.0,1956.344036838043,43.65596316195706
2026,5,2,Kamwenge,Kibale,Rwamwanja (refugee settlement),0.31,30.68,cereals and tubers,Cassava (fresh),KG,644.0,966.0,-322.0,-0.3333333333333333,760.6666666666666,750.0,319.0,725.4221996471771,-406.4221996471771
2026,5,2,Hoima,Buhaguzi,Kyangwali (refugee settlement),1.16,30.75,milk and dairy,Milk (fresh),L,2000.0,1750.0,250.0,0.1428571428571428,1833.3333333333333,1906.8333333333333,2000.0,1930.594385429133,69.4056145708671
2026,5,2,Arua,Terego,Rhino Camp (refugee settlement),3.17,31.31,cereals and tubers,Sorghum,KG,2047.0,1994.0,53.0,0.0265797392176529,1973.0,1988.5,2033.0,2037.9210827296276,-4.921082729627642
2026,5,2,Kiryandongo,Kibanda,Kiryandongo (refugee settlement),1.94,32.21,miscellaneous food,Salt,KG,1644.0,1600.0,44.0,0.0275,1548.0,1553.5,1617.0,1712.33921286499,-95.33921286499003
2026,5,2,Kyegegwa,Kyaka,Kyaka II (refugee settlement),0.36,31.09,cereals and tubers,Cassava (fresh),KG,649.0,667.0,-18.0,-0.0269865067466266,605.0,495.8333333333333,732.0,1018.0408183044101,-286.0408183044101
2026,5,2,Adjumani,Adjumani,Adjumani (refugee settlement),3.34,31.78,vegetables and fruits,Leafy vegetables,KG,2353.0,1288.0,1065.0,0.8268633540372671,1829.0,1998.0,2339.0,2248.8110789909015,90.18892100909852
2026,5,2,Kyegegwa,Kyaka,Kyaka II (refugee settlement),0.36,31.09,cereals and tubers,Maize flour,KG,3383.0,3333.0,50.0,0.015001500150015,3204.6666666666665,3014.1666666666665,3000.0,3469.4392334328586,-469.4392334328586
2026,5,2,Koboko,Koboko,Lobule (refugee settlement),3.39,31.03,"meat, fish and eggs",Fish (dry),KG,23056.0,17664.0,5392.0,0.3052536231884058,19951.0,20607.83333333333,22126.0,19409.1025,2716.897499999999
2026,5,2,Kiryandongo,Kibanda,Kiryandongo (refugee settlement),1.94,32.21,pulses and nuts,Beans,KG,3444.0,3318.0,126.0,0.0379746835443038,3309.6666666666665,3252.0,3042.0,3446.4529949581693,-404.45299495816926
2026,5,2,Kamwenge,Kibale,Rwamwanja (refugee settlement),0.31,30.68,cereals and tubers,Millet flour,KG,3750.0,4250.0,-500.0,-0.1176470588235294,4119.0,4150.333333333333,4000.0,3894.048340209893,105.95165979010699
2026,5,2,Koboko,Koboko,Lobule (refugee settlement),3.39,31.03,oil and fats,Oil (vegetable),L,8000.0,8125.0,-125.0,-0.0153846153846153,7902.666666666667,7574.166666666667,8000.0,7632.068397207306,367.9316027926943
2026,5,2,Kiryandongo,Kibanda,Kiryandongo (refugee settlement),1.94,32.21,"meat, fish and eggs",Fish (dry),KG,35000.0,30000.0,5000.0,0.1666666666666666,30585.0,30881.166666666668,17333.0,27994.05,-10661.05
2026,5,2,Kamwenge,Kibale,Rwamwanja (refugee settlement),0.31,30.68,pulses and nuts,Beans,KG,2938.0,2500.0,438.0,0.1752,2574.6666666666665,2475.0,3375.0,3017.920731955194,357.0792680448062
2026,5,2,Arua,Terego,Imvepi (refugee settlement),3.23,31.28,vegetables and fruits,Leafy vegetables,KG,2353.0,1167.0,1186.0,1.016281062553556,1617.6666666666667,2176.833333333333,3533.0,2025.5232977943201,1507.4767022056799
2026,5,2,Kamwenge,Kibale,Rwamwanja (refugee settlement),0.31,30.68,"meat, fish and eggs",Fish (dry),KG,19444.0,36667.0,-17223.0,-0.4697139116917119,26627.666666666668,26863.666666666668,21622.0,24437.55,-2815.5499999999993
2026,5,2,Kyegegwa,Kyaka,Kyaka II (refugee settlement),0.36,31.09,"meat, fish and eggs",Fish (dry),KG,19444.0,20000.0,-556.0,-0.0278,22231.666666666668,28361.0,18919.0,25545.12,-6626.119999999999
2026,5,2,Isingiro,Bukanga,Oruchinga (refugee settlement),-0.94,30.76,"meat, fish and eggs",Fish (dry),KG,19444.0,18602.0,842.0,0.045263950112891,18882.666666666668,17344.666666666668,17647.0,22533.881480263153,-4886.881480263153
2026,5,2,Isingiro,Bukanga,Oruchinga (refugee settlement),-0.94,30.76,pulses and nuts,Beans,KG,1900.0,2625.0,-725.0,-0.2761904761904762,2000.6666666666667,1460.8333333333333,2300.0,1852.9401700737428,447.0598299262572
2026,5,2,Isingiro,Bukanga,Nakivale (refugee settlement),-0.78,30.96,"meat, fish and eggs",Fish (dry),KG,22281.0,19221.0,3060.0,0.1592008740440143,20241.0,19191.5,16431.0,23811.259375,-7380.2593750000015
2026,5,2,Arua,Terego,Rhino Camp (refugee settlement),3.17,31.31,vegetables and fruits,Leafy vegetables,KG,3448.0,2885.0,563.0,0.1951473136915078,2631.333333333333,2580.0,3226.0,3090.8472690311146,135.1527309688854
2026,5,2,Kiryandongo,Kibanda,Kiryandongo (refugee settlement),1.94,32.21,cereals and tubers,Maize flour,KG,2567.0,2473.0,94.0,0.0380105135463,2523.6666666666665,2426.5,2600.0,2498.229360545761,101.77063945423879
2026,5,2,Kyegegwa,Kyaka,Kyaka II (refugee settlement),0.36,31.09,oil and fats,Oil (vegetable),L,8167.0,7667.0,500.0,0.0652145558888744,8124.666666666667,7863.666666666667,8000.0,8224.027705878058,-224.02770587805753
2026,5,2,Hoima,Buhaguzi,Kyangwali (refugee settlement),1.16,30.75,"meat, fish and eggs",Fish (dry),KG,22500.0,20000.0,2500.0,0.125,21248.33333333333,22046.5,19512.0,19999.346666666668,-487.34666666666817
2026,5,2,Isingiro,Bukanga,Nakivale (refugee settlement),-0.78,30.96,pulses and nuts,Beans,KG,2000.0,2480.0,-480.0,-0.1935483870967742,2064.6666666666665,1594.8333333333333,2230.0,2011.213383123316,218.7866168766841
2026,5,2,Arua,Terego,Rhino Camp (refugee settlement),3.17,31.31,"meat, fish and eggs",Fish (dry),KG,14815.0,25134.0,-10319.0,-0.4105594016073844,20893.666666666668,22276.166666666668,21311.0,19685.38,1625.619999999999
2026,5,2,Hoima,Buhaguzi,Kyangwali (refugee settlement),1.16,30.75,pulses and nuts,Beans,KG,2857.0,2750.0,107.0,0.0389090909090909,2601.6666666666665,2439.833333333333,2520.0,3113.0347385454224,-593.0347385454224
2026,5,2,Hoima,Buhaguzi,Kyangwali (refugee settlement),1.16,30.75,vegetables and fruits,Leafy vegetables,KG,2500.0,2000.0,500.0,0.25,2541.6666666666665,2990.1666666666665,1282.0,2318.132256704984,-1036.1322567049838
2026,5,2,Koboko,Koboko,Lobule (refugee settlement),3.39,31.03,cereals and tubers,Maize flour,KG,3089.0,3125.0,-36.0,-0.01152,3099.0,2929.6666666666665,3000.0,3005.1412439244464,-5.141243924446371
2026,5,2,Arua,Terego,Imvepi (refugee settlement),3.23,31.28,"meat, fish and eggs",Fish (dry),KG,24315.0,29167.0,-4852.0,-0.1663523845441766,26160.666666666668,27183.33333333333,21190.0,25671.2585,-4481.2585
2026,5,2,Lamwo,Lamwo,Palabek (refugee settlement),3.34,32.47,cereals and tubers,Maize flour,KG,3000.0,3063.0,-63.0,-0.0205680705190989,3008.6666666666665,2988.333333333333,3278.0,3038.928252577532,239.07174742246798
2026,5,2,Lamwo,Lamwo,Palabek (refugee settlement),3.34,32.47,"meat, fish and eggs",Fish (dry),KG,27930.0,23803.0,4127.0,0.17338150653279,24877.33333333333,23788.0,52169.0,22707.131875,29461.868125
2026,5,2,Isingiro,Bukanga,Nakivale (refugee settlement),-0.78,30.96,oil and fats,Oil (vegetable),L,7917.0,7800.0,117.0,0.015,8204.0,8224.166666666666,7910.0,7889.7790569241515,20.22094307584848
2026,5,2,Koboko,Koboko,Lobule (refugee settlement),3.39,31.03,cereals and tubers,Millet flour,KG,4556.0,4792.0,-236.0,-0.0492487479131886,4677.0,4735.166666666667,5000.0,4716.098906871508,283.901093128492
2026,5,2,Isingiro,Bukanga,Oruchinga (refugee settlement),-0.94,30.76,oil and fats,Oil (vegetable),L,8000.0,7750.0,250.0,0.032258064516129,8237.0,8289.5,8000.0,7915.03017915269,84.96982084731007
2026,5,2,Hoima,Buhaguzi,Kyangwali (refugee settlement),1.16,30.75,oil and fats,Oil (vegetable),L,9071.0,9500.0,-429.0,-0.0451578947368421,9096.0,8489.666666666666,9100.0,8908.17,191.82999999999993
2026,5,2,Arua,Terego,Rhino Camp (refugee settlement),3.17,31.31,oil and fats,Oil (vegetable),L,7818.0,7828.0,-10.0,-0.0012774655084312,7743.0,7358.666666666667,7517.0,7618.9883790320355,-101.98837903203548
2026,5,2,Arua,Terego,Imvepi (refugee settlement),3.23,31.28,oil and fats,Oil (vegetable),L,8042.0,7683.0,359.0,0.0467265391123259,7741.666666666667,7101.333333333333,8000.0,7987.279430757829,12.720569242171223
2026,5,2,Kyegegwa,Kyaka,Kyaka II (refugee settlement),0.36,31.09,cereals and tubers,Millet flour,KG,4117.0,4000.0,117.0,0.02925,4117.0,4167.166666666667,4000.0,4175.606862533011,-175.60686253301083
2026,5,2,Adjumani,Adjumani,Adjumani (refugee settlement),3.34,31.78,oil and fats,Oil (vegetable),L,7625.0,7833.0,-208.0,-0.0265543214604876,7600.666666666667,7671.5,8600.0,7442.5470211239935,1157.4529788760065
2026,5,2,Lamwo,Lamwo,Palabek (refugee settlement),3.34,32.47,cereals and tubers,Millet flour,KG,5333.0,4613.0,720.0,0.1560806416648602,4529.0,3922.5,3429.0,4866.5339523809525,-1437.5339523809525
2026,5,2,Yumbe,Aringa,Bidibidi (refugee settlement),3.36,31.35,pulses and nuts,Beans,KG,3857.0,4043.0,-186.0,-0.0460054415038337,3961.6666666666665,4180.333333333333,3929.0,4119.866918756434,-190.86691875643373
2026,5,2,Koboko,Koboko,Lobule (refugee settlement),3.39,31.03,pulses and nuts,Beans,KG,4000.0,4167.0,-167.0,-0.0400767938564914,4041.6666666666665,3982.1666666666665,3500.0,4095.025884272578,-595.025884272578
2026,5,2,Kiryandongo,Kibanda,Kiryandongo (refugee settlement),1.94,32.21,cereals and tubers,Millet flour,KG,4722.0,4273.0,449.0,0.1050783992511116,4554.0,4507.0,4500.0,4643.25545283229,-143.25545283228985
2026,5,2,Moyo,Obongi,Palorinya (refugee settlement),3.47,31.63,pulses and nuts,Beans,KG,3550.0,3511.0,39.0,0.0111079464540017,3648.0,3488.333333333333,3415.0,3351.7924569322117,63.207543067788265
2026,5,2,Moyo,Obongi,Palorinya (refugee settlement),3.47,31.63,cereals and tubers,Millet flour,KG,4500.0,4188.0,312.0,0.0744985673352435,4348.333333333333,4864.666666666667,6000.0,4570.954590139689,1429.0454098603113
2026,5,2,Yumbe,Aringa,Bidibidi (refugee settlement),3.36,31.35,cereals and tubers,Maize flour,KG,2643.0,3061.0,-418.0,-0.1365566808232603,2893.6666666666665,2990.333333333333,3664.0,2725.5310140193337,938.4689859806663
2026,5,2,Lamwo,Lamwo,Palabek (refugee settlement),3.34,32.47,pulses and nuts,Beans,KG,3167.0,3893.0,-726.0,-0.1864885692268173,3497.333333333333,3295.5,3239.0,3073.1846140084735,165.81538599152645
2026,5,2,Yumbe,Aringa,Bidibidi (refugee settlement),3.36,31.35,"meat, fish and eggs",Fish (dry),KG,19540.0,14799.0,4741.0,0.3203594837489019,19570.666666666668,22494.666666666668,23810.0,20975.17,2834.8300000000017
2026,5,2,Yumbe,Aringa,Bidibidi (refugee settlement),3.36,31.35,cereals and tubers,Millet flour,KG,4071.0,4957.0,-886.0,-0.1787371393988299,4676.0,4695.166666666667,4071.0,4528.994813818734,-457.99481381873375
2026,5,2,Moyo,Obongi,Palorinya (refugee settlement),3.47,31.63,cereals and tubers,Maize flour,KG,3000.0,2625.0,375.0,0.1428571428571428,2675.0,2259.1666666666665,2775.0,2983.295267852853,-208.29526785285316
2026,5,2,Kiryandongo,Kibanda,Kiryandongo (refugee settlement),1.94,32.21,oil and fats,Oil (vegetable),L,7844.0,7682.0,162.0,0.0210882582660765,7786.333333333333,7526.166666666667,7750.0,7327.627209873459,422.3727901265411
2026,5,2,Moyo,Obongi,Palorinya (refugee settlement),3.47,31.63,"meat, fish and eggs",Fish (dry),KG,22222.0,30000.0,-7778.0,-0.2592666666666666,23905.666666666668,20805.83333333333,29167.0,21950.2575,7216.7425
2026,5,2,Kyegegwa,Kyaka,Kyaka II (refugee settlement),0.36,31.09,pulses and nuts,Beans,KG,2633.0,2833.0,-200.0,-0.0705965407695023,2582.0,2279.0,2400.0,2582.436859630339,-182.43685963033886
2026,5,2,Kamwenge,Kibale,Rwamwanja (refugee settlement),0.31,30.68,oil and fats,Oil (vegetable),L,8000.0,9500.0,-1500.0,-0.1578947368421052,9023.666666666666,8995.833333333334,8000.0,8051.608647974536,-51.608647974536325
2026,5,2,Yumbe,Aringa,Bidibidi (refugee settlement),3.36,31.35,vegetables and fruits,Leafy vegetables,KG,638.0,929.0,-291.0,-0.3132400430570506,975.0,1048.6666666666667,1056.0,1097.8757209654743,-41.87572096547433
2026,5,2,Adjumani,Adjumani,Adjumani (refugee settlement),3.34,31.78,"meat, fish and eggs",Fish (dry),KG,19540.0,26052.0,-6512.0,-0.2499616152310763,22974.0,23244.5,19597.0,21580.5,-1983.5
2026,5,2,Arua,Terego,Rhino Camp (refugee settlement),3.17,31.31,pulses and nuts,Beans,KG,3529.0,3539.0,-10.0,-0.0028256569652444,3478.333333333333,3250.6666666666665,3667.0,3534.7583729445305,132.2416270554695
2026,5,2,Arua,Terego,Rhino Camp (refugee settlement),3.17,31.31,cereals and tubers,Maize flour,KG,3412.0,3367.0,45.0,0.0133650133650133,3330.0,3052.333333333333,3525.0,3255.295082924603,269.70491707539713
2026,5,2,Yumbe,Aringa,Bidibidi (refugee settlement),3.36,31.35,oil and fats,Oil (vegetable),L,9071.0,8674.0,397.0,0.0457689647221581,8588.0,7881.5,9143.0,8580.492999999997,562.5070000000032
2026,5,2,Kamwenge,Kibale,Rwamwanja (refugee settlement),0.31,30.68,cereals and tubers,Maize (white),KG,1425.0,1725.0,-300.0,-0.1739130434782608,1526.3333333333333,1377.3333333333333,1250.0,1508.1830307535179,-258.18303075351787
2026,5,2,Kiryandongo,Kibanda,Kiryandongo (refugee settlement),1.94,32.21,cereals and tubers,Maize (white),KG,1578.0,1582.0,-4.0,-0.0025284450063211,1475.6666666666667,1460.1666666666667,1467.0,1692.3237997913145,-225.3237997913145
2026,5,2,Isingiro,Bukanga,Nakivale (refugee settlement),-0.78,30.96,miscellaneous food,Salt,KG,2000.0,2000.0,0.0,0.0,1963.0,1906.3333333333333,2160.0,1909.969150516381,250.03084948361902
2026,5,2,Koboko,Koboko,Lobule (refugee settlement),3.39,31.03,cereals and tubers,Maize (white),KG,1711.0,2067.0,-356.0,-0.1722302854378326,1826.0,1657.1666666666667,2000.0,1532.33191316951,467.66808683049
2026,5,2,Arua,Terego,Imvepi (refugee settlement),3.23,31.28,cereals and tubers,Maize flour,KG,2796.0,3000.0,-204.0,-0.068,2802.333333333333,2732.0,3115.0,2794.8174682700205,320.1825317299795
2026,5,2,Kyegegwa,Kyaka,Kyaka II (refugee settlement),0.36,31.09,vegetables and fruits,Leafy vegetables,KG,2564.0,2000.0,564.0,0.282,2269.6666666666665,1931.8333333333333,2000.0,2297.0339093374987,-297.0339093374987
2026,5,2,Hoima,Buhaguzi,Kyangwali (refugee settlement),1.16,30.75,miscellaneous food,Salt,KG,2000.0,2000.0,0.0,0.0,2128.0,1987.6666666666667,2000.0,2021.8242517633983,-21.82425176339825
2026,5,2,Kyegegwa,Kyaka,Kyaka II (refugee settlement),0.36,31.09,cereals and tubers,Maize (white),KG,1550.0,1633.0,-83.0,-0.0508266993263931,1436.0,1181.5,1400.0,1555.9061994310393,-155.90619943103934
2026,5,2,Koboko,Koboko,Lobule (refugee settlement),3.39,31.03,vegetables and fruits,Leafy vegetables,KG,2148.0,1333.0,815.0,0.6114028507126782,1810.3333333333333,1994.5,1000.0,1746.795036184329,-746.7950361843291
2026,5,2,Lamwo,Lamwo,Palabek (refugee settlement),3.34,32.47,cereals and tubers,Maize (white),KG,2000.0,1972.0,28.0,0.0141987829614604,1802.0,1447.0,1828.0,2059.54810610416,-231.54810610416007
2026,5,2,Moyo,Obongi,Palorinya (refugee settlement),3.47,31.63,cereals and tubers,Maize (white),KG,1625.0,1611.0,14.0,0.0086902545003103,1530.0,1230.3333333333333,1610.0,1835.1772068839282,-225.1772068839282
2026,5,2,Adjumani,Adjumani,Adjumani (refugee settlement),3.34,31.78,cereals and tubers,Maize flour,KG,2125.0,3200.0,-1075.0,-0.3359375,2585.0,2319.6666666666665,2980.0,2089.520047910312,890.4799520896881
2026,5,2,Yumbe,Aringa,Bidibidi (refugee settlement),3.36,31.35,cereals and tubers,Maize (white),KG,2000.0,2178.0,-178.0,-0.0817263544536271,1969.6666666666667,1737.8333333333333,2336.0,2007.0414038449935,328.9585961550065
2026,5,2,Lamwo,Lamwo,Palabek (refugee settlement),3.34,32.47,vegetables and fruits,Leafy vegetables,KG,2633.0,1672.0,961.0,0.5747607655502392,2150.333333333333,2476.333333333333,2897.0,2316.5683474048546,580.4316525951454
2026,5,2,Arua,Terego,Imvepi (refugee settlement),3.23,31.28,miscellaneous food,Salt,KG,1858.0,1887.0,-29.0,-0.0153683094859565,1867.0,1849.3333333333333,1938.0,1843.9086134507843,94.09138654921571
2026,5,2,Arua,Terego,Rhino Camp (refugee settlement),3.17,31.31,cereals and tubers,Millet flour,KG,5441.0,5172.0,269.0,0.0520108275328692,5210.0,4981.5,5433.0,5208.876308080808,224.12369191919242
2026,5,2,Adjumani,Adjumani,Adjumani (refugee settlement),3.34,31.78,miscellaneous food,Salt,KG,2000.0,1960.0,40.0,0.0204081632653061,1997.6666666666667,2014.3333333333333,2000.0,1973.916361892109,26.08363810789092
2026,5,2,Yumbe,Aringa,Bidibidi (refugee settlement),3.36,31.35,cereals and tubers,Cassava (fresh),KG,306.0,299.0,7.0,0.0234113712374581,373.3333333333333,542.1666666666666,389.0,363.9675000000002,25.0324999999998
2026,5,2,Moyo,Obongi,Palorinya (refugee settlement),3.47,31.63,vegetables and fruits,Leafy vegetables,KG,26111.0,2429.0,23682.0,9.749691230959243,9930.0,5783.333333333333,3429.0,13829.33,-10400.33
2026,5,2,Moyo,Obongi,Palorinya (refugee settlement),3.47,31.63,cereals and tubers,Cassava (fresh),KG,678.0,536.0,142.0,0.2649253731343283,708.3333333333334,713.5,500.0,750.2265102416403,-250.2265102416403
2026,5,2,Arua,Terego,Rhino Camp (refugee settlement),3.17,31.31,miscellaneous food,Salt,KG,1941.0,1933.0,8.0,0.0041386445938954,1932.0,2004.1666666666667,1933.0,1897.3997630869487,35.600236913051276
2026,5,2,Kamwenge,Kibale,Rwamwanja (refugee settlement),0.31,30.68,cereals and tubers,Maize flour,KG,3000.0,2875.0,125.0,0.0434782608695652,2910.6666666666665,2711.5,3000.0,3031.8859297671547,-31.88592976715472
2026,5,2,Isingiro,Bukanga,Oruchinga (refugee settlement),-0.94,30.76,miscellaneous food,Salt,KG,2000.0,2000.0,0.0,0.0,1954.3333333333333,1882.6666666666667,2000.0,1873.2385171026629,126.76148289733715
2026,5,2,Hoima,Buhaguzi,Kyangwali (refugee settlement),1.16,30.75,cereals and tubers,Millet flour,KG,4000.0,3000.0,1000.0,0.3333333333333333,3808.6666666666665,4145.666666666667,4000.0,4053.0930367462984,-53.09303674629837
2026,5,2,Lamwo,Lamwo,Palabek (refugee settlement),3.34,32.47,oil and fats,Oil (vegetable),L,8000.0,8038.0,-38.0,-0.0047275441652152,7801.333333333333,7743.666666666667,9111.0,7755.157448970779,1355.8425510292209
2026,5,2,Yumbe,Aringa,Bidibidi (refugee settlement),3.36,31.35,miscellaneous food,Salt,KG,2000.0,1870.0,130.0,0.0695187165775401,1918.0,1928.0,2000.0,1949.1821879665047,50.81781203349533
2026,5,2,Isingiro,Bukanga,Nakivale (refugee settlement),-0.78,30.96,vegetables and fruits,Leafy vegetables,KG,2870.0,1402.0,1468.0,1.0470756062767477,2171.6666666666665,1823.1666666666667,2159.0,2280.2166271497053,-121.21662714970535
2026,5,2,Isingiro,Bukanga,Nakivale (refugee settlement),-0.78,30.96,cereals and tubers,Millet flour,KG,4450.0,4555.0,-105.0,-0.0230515916575192,4585.666666666667,4653.0,4290.0,4572.593295255866,-282.593295255866
2026,5,2,Moyo,Obongi,Palorinya (refugee settlement),3.47,31.63,miscellaneous food,Salt,KG,2000.0,2000.0,0.0,0.0,2000.0,1993.1666666666667,2000.0,1996.1681557406826,3.8318442593174495
2026,5,2,Arua,Terego,Imvepi (refugee settlement),3.23,31.28,pulses and nuts,Beans,KG,3671.0,4210.0,-539.0,-0.1280285035629453,3910.3333333333335,3992.5,3692.0,3726.4817964977283,-34.48179649772828
2026,5,2,Adjumani,Adjumani,Adjumani (refugee settlement),3.34,31.78,pulses and nuts,Beans,KG,3750.0,3890.0,-140.0,-0.0359897172236503,3699.6666666666665,3377.1666666666665,3360.0,4416.447975939603,-1056.4479759396027
2026,5,2,Lamwo,Lamwo,Palabek (refugee settlement),3.34,32.47,miscellaneous food,Salt,KG,2000.0,1936.0,64.0,0.0330578512396694,1964.6666666666667,1897.3333333333333,1989.0,1946.9214815882954,42.078518411704636
2026,5,2,Isingiro,Bukanga,Oruchinga (refugee settlement),-0.94,30.76,vegetables and fruits,Leafy vegetables,KG,3333.0,1667.0,1666.0,0.9994001199760048,2459.333333333333,2151.6666666666665,3125.0,1978.1150096101949,1146.8849903898051
2026,5,2,Isingiro,Bukanga,Oruchinga (refugee settlement),-0.94,30.76,cereals and tubers,Maize flour,KG,2200.0,2250.0,-50.0,-0.0222222222222222,2355.6666666666665,2367.6666666666665,2267.0,2182.099829727545,84.90017027245494
2026,5,2,Isingiro,Bukanga,Oruchinga (refugee settlement),-0.94,30.76,cereals and tubers,Maize (white),KG,1450.0,1325.0,125.0,0.0943396226415094,1291.6666666666667,1137.3333333333333,1400.0,1499.519013691316,-99.5190136913161
2026,5,2,Kyegegwa,Kyaka,Kyaka II (refugee settlement),0.36,31.09,miscellaneous food,Salt,KG,2000.0,2000.0,0.0,0.0,1915.6666666666667,1723.8333333333333,2000.0,1900.0555630856582,99.94443691434185
2026,5,2,Adjumani,Adjumani,Adjumani (refugee settlement),3.34,31.78,cereals and tubers,Maize (white),KG,1500.0,1720.0,-220.0,-0.127906976744186,1641.0,1619.6666666666667,2000.0,1603.7475365487976,396.2524634512024
2026,5,2,Isingiro,Bukanga,Nakivale (refugee settlement),-0.78,30.96,cereals and tubers,Maize flour,KG,1983.0,2410.0,-427.0,-0.1771784232365145,2279.6666666666665,2280.0,2150.0,2021.7753942284662,128.2246057715338
2026,5,2,Moyo,Obongi,Palorinya (refugee settlement),3.47,31.63,oil and fats,Oil (vegetable),L,7800.0,8083.0,-283.0,-0.0350117530619819,7618.0,7249.833333333333,7495.0,7654.411032094869,-159.41103209486937
2026,5,2,Arua,Terego,Imvepi (refugee settlement),3.23,31.28,cereals and tubers,Maize (white),KG,2004.0,2150.0,-146.0,-0.067906976744186,2001.3333333333333,1826.6666666666667,2385.0,1981.5417808590616,403.45821914093835
2026,5,2,Arua,Terego,Rhino Camp (refugee settlement),3.17,31.31,cereals and tubers,Maize (white),KG,2076.0,2106.0,-30.0,-0.0142450142450142,2049.6666666666665,1934.1666666666667,2108.0,1995.0860331675929,112.91396683240714
2026,5,2,Hoima,Buhaguzi,Kyangwali (refugee settlement),1.16,30.75,cereals and tubers,Maize (white),KG,1371.0,1350.0,21.0,0.0155555555555555,1230.0,960.5,1378.0,1515.861182977964,-137.86118297796406
2026,5,2,Hoima,Buhaguzi,Kyangwali (refugee settlement),1.16,30.75,cereals and tubers,Maize flour,KG,3457.0,3500.0,-43.0,-0.0122857142857142,3227.6666666666665,3006.1666666666665,3850.0,3537.886990024657,312.1130099753432
2026,5,2,Kiryandongo,Kibanda,Kiryandongo (refugee settlement),1.94,32.21,vegetables and fruits,Leafy vegetables,KG,3241.0,2444.0,797.0,0.3261047463175123,3022.333333333333,3536.833333333333,2500.0,2675.0359008787264,-175.03590087872635
2026,5,2,Kamwenge,Kibale,Rwamwanja (refugee settlement),0.31,30.68,miscellaneous food,Salt,KG,2000.0,1900.0,100.0,0.0526315789473684,1966.6666666666667,1896.5,2000.0,1928.9080516954723,71.0919483045277
2026,5,2,Isingiro,Bukanga,Nakivale (refugee settlement),-0.78,30.96,cereals and tubers,Maize (white),KG,1450.0,1430.0,20.0,0.0139860139860139,1356.6666666666667,1180.8333333333333,1430.0,1456.7287111725816,-26.728711172581598
2026,5,2,Koboko,Koboko,Lobule (refugee settlement),3.39,31.03,miscellaneous food,Salt,KG,1867.0,1967.0,-100.0,-0.050838840874428,2008.0,2117.5,2000.0,1868.8620514989575,131.1379485010425
2026,5,2,Adjumani,Adjumani,Adjumani (refugee settlement),3.34,31.78,cereals and tubers,Millet flour,KG,3000.0,4100.0,-1100.0,-0.2682926829268293,3758.3333333333335,4040.3333333333335,3400.0,3059.5693666451994,340.43063335480065
